polygon,polygon_type,label
JEMBER_SUCI,Desa,NDEZNET_DESAQ2
PADANG PARIAMAN_KASANG,Desa,NDEZNET_DESAQ2
PADANG PARIAMAN_LUBUK PANDAN,Desa,NDEZNET_DESAQ2
PADANG PARIAMAN_SICINCIN,Desa,NDEZNET_DESAQ2
PADANG PARIAMAN_LIMAU PURUIK,Desa,NDEZNET_DESAQ2
KOTA PARIAMAN_BATANG KABUNG,Desa,NDEZNET_DESAQ2
KOTA PARIAMAN_KAJAI,Desa,NDEZNET_DESAQ2
KOTA PARIAMAN_KOTO MARAPAK,Desa,NDEZNET_DESAQ2
KOTA BANDAR LAMPUNG_KEL. BUMI KEDAMAIAN,Desa,NDEZNET_DESAQ2
KOTA BANDAR LAMPUNG_KEL. TANJUNGGADING,Desa,NDEZNET_DESAQ2
KOTA BANDAR LAMPUNG_KEL. SAWAH BREBES,Desa,NDEZNET_DESAQ2
LAMPUNG SELATAN_WAY HUI,Desa,NDEZNET_DESAQ2
LAMPUNG SELATAN_BANJAR NEGERI,Desa,NDEZNET_DESAQ2
NGAWI_SRIWEDARI,Desa,NDEZNET_DESAQ2
NGAWI_KARANGBANYU,Desa,NDEZNET_DESAQ2
NGAWI_TEGUHAN,Desa,NDEZNET_DESAQ2
NGAWI_KEDUNGPRAHU,Desa,NDEZNET_DESAQ2
NGAWI_SUKOWIYONO,Desa,NDEZNET_DESAQ2
NGAWI_GANDRI,Desa,NDEZNET_DESAQ2
NGAWI_SIMO,Desa,NDEZNET_DESAQ2
NGAWI_WIDODAREN,Desa,NDEZNET_DESAQ2
NGAWI_TEPAS,Desa,NDEZNET_DESAQ2
NGAWI_MAJASEM,Desa,NDEZNET_DESAQ2
NGAWI_SOCO,Desa,NDEZNET_DESAQ2
NGAWI_WAKAH,Desa,NDEZNET_DESAQ2
NGAWI_SINE,Desa,NDEZNET_DESAQ2
MAGETAN_KARANGMOJO,Desa,NDEZNET_DESAQ2
MAGETAN_JUNGKE,Desa,NDEZNET_DESAQ2
MAGETAN_KEL. LEMBEYAN KULON,Desa,NDEZNET_DESAQ2
MADIUN_DEMPELAN,Desa,NDEZNET_DESAQ2
MADIUN_KUWU,Desa,NDEZNET_DESAQ2
MADIUN_BUDURAN,Desa,NDEZNET_DESAQ2
MADIUN_SUMBERGANDU,Desa,NDEZNET_DESAQ2
MADIUN_KEDUNGREJO,Desa,NDEZNET_DESAQ2
MADIUN_BONGSOPOTRO,Desa,NDEZNET_DESAQ2
MADIUN_NGEPEH,Desa,NDEZNET_DESAQ2
MADIUN_TAMBAKMAS,Desa,NDEZNET_DESAQ2
PADANG PARIAMAN_SUNGAI BULUAH BARAT,Desa,NDEZNET_DESAQ2
PADANG PARIAMAN_SUNGAI BULUAH UTARA,Desa,NDEZNET_DESAQ2
PADANG PARIAMAN_KAMPUANG TANJUANG KOTO MAMBANG SUNGAI,Desa,NDEZNET_DESAQ2
PADANG PARIAMAN_BATU KALANG UTARA,Desa,NDEZNET_DESAQ2
PADANG PARIAMAN_III KOTO AUR MALINTANG SELATAN,Desa,NDEZNET_DESAQ2
PADANG PARIAMAN_BALAI BAIAK MALAI III KOTO,Desa,NDEZNET_DESAQ2
KOTA BANDAR LAMPUNG_KEL. CAMPANG JAYA,Desa,NDEZNET_DESAQ2
KOTA BANDAR LAMPUNG_KEL. NUSANTARA PERMAI,Desa,NDEZNET_DESAQ2
KOTA BANDAR LAMPUNG_KEL. KORPRI RAYA,Desa,NDEZNET_DESAQ2
KOTA BANDAR LAMPUNG_KEL. KORPRI JAYA,Desa,NDEZNET_DESAQ2
KOTA BANDAR LAMPUNG_KEL. GEDONG MENENG BARU,Desa,NDEZNET_DESAQ2
KOTA BANDAR LAMPUNG_KEL. PENENGAHAN RAYA,Desa,NDEZNET_DESAQ2
KOTA BANDAR LAMPUNG_KEL. SUKAMENANTI BARU,Desa,NDEZNET_DESAQ2
KOTA BANDAR LAMPUNG_KEL. GUNUNGAGUNG,Desa,NDEZNET_DESAQ2
KOTA BANDAR LAMPUNG_KEL. BILABONG JAYA,Desa,NDEZNET_DESAQ2
KOTA BANDAR LAMPUNG_KEL. KELAPA TIGA PERMAI,Desa,NDEZNET_DESAQ2
KOTA BANDAR LAMPUNG_KEL. SUKAJAWA BARU,Desa,NDEZNET_DESAQ2
KOTA BANDAR LAMPUNG_KEL. KALIAWI PERSADA,Desa,NDEZNET_DESAQ2
KOTA BANDAR LAMPUNG_KEL. TANJUNG AGUNG,Desa,NDEZNET_DESAQ2
KOTA BANDAR LAMPUNG_KEL. BUMI RAYA,Desa,NDEZNET_DESAQ2
KOTA BANDAR LAMPUNG_KEL. BATU PUTUK,Desa,NDEZNET_DESAQ2
NGAWI_SEKARJATI,Desa,NDEZNET_DESAQ2
NGAWI_BANJARBANGGI,Desa,NDEZNET_DESAQ2
NGAWI_JATIGEMBOL,Desa,NDEZNET_DESAQ2
NGAWI_KEBON,Desa,NDEZNET_DESAQ2
NGAWI_SEMEN,Desa,NDEZNET_DESAQ2
NGAWI_BINTOYO,Desa,NDEZNET_DESAQ2
NGAWI_BENDO,Desa,NDEZNET_DESAQ2
NGAWI_GANDONG,Desa,NDEZNET_DESAQ2
NGAWI_BRINGIN,Desa,NDEZNET_DESAQ2
NGAWI_REJUNO,Desa,NDEZNET_DESAQ2
NGAWI_REJOMULYO,Desa,NDEZNET_DESAQ2
NGAWI_PUHTI,Desa,NDEZNET_DESAQ2
NGAWI_SIDOREJO,Desa,NDEZNET_DESAQ2
NGAWI_PARAS,Desa,NDEZNET_DESAQ2
NGAWI_JENANGAN,Desa,NDEZNET_DESAQ2
NGAWI_TIRAK,Desa,NDEZNET_DESAQ2
NGAWI_SUMENGKO,Desa,NDEZNET_DESAQ2
NGAWI_MOJOMANIS,Desa,NDEZNET_DESAQ2
NGAWI_GAYAM,Desa,NDEZNET_DESAQ2
NGAWI_KARANGGUPITO,Desa,NDEZNET_DESAQ2
NGAWI_BRUBUH,Desa,NDEZNET_DESAQ2
NGAWI_KLETEKAN,Desa,NDEZNET_DESAQ2
NGAWI_MENDIRO,Desa,NDEZNET_DESAQ2
NGAWI_TAWANGREJO,Desa,NDEZNET_DESAQ2
NGAWI_SUMBEREJO,Desa,NDEZNET_DESAQ2
MAGETAN_PENCOL,Desa,NDEZNET_DESAQ2
MAGETAN_KLAGEN,Desa,NDEZNET_DESAQ2
MAGETAN_KUWON,Desa,NDEZNET_DESAQ2
MAGETAN_BALUK,Desa,NDEZNET_DESAQ2
MAGETAN_BULAK,Desa,NDEZNET_DESAQ2
MAGETAN_TAPAK,Desa,NDEZNET_DESAQ2
MAGETAN_SAMBIROBYONG,Desa,NDEZNET_DESAQ2
MAGETAN_DURENAN,Desa,NDEZNET_DESAQ2
MAGETAN_RANDUGEDE,Desa,NDEZNET_DESAQ2
MAGETAN_BOGOARUM,Desa,NDEZNET_DESAQ2
MAGETAN_PUNTUKDORO,Desa,NDEZNET_DESAQ2
MAGETAN_NGANCAR,Desa,NDEZNET_DESAQ2
MAGETAN_PENDEM,Desa,NDEZNET_DESAQ2
MAGETAN_SELOTINATAH,Desa,NDEZNET_DESAQ2
MAGETAN_BALEREJO,Desa,NDEZNET_DESAQ2
MAGETAN_TAPEN,Desa,NDEZNET_DESAQ2
MAGETAN_KEDUNGPANJI,Desa,NDEZNET_DESAQ2
MAGETAN_TUNGGUR,Desa,NDEZNET_DESAQ2
MAGETAN_KEDIREN,Desa,NDEZNET_DESAQ2
MAGETAN_JOKERTO,Desa,NDEZNET_DESAQ2
MAGETAN_SUNDUL,Desa,NDEZNET_DESAQ2
MAGETAN_MATEGAL,Desa,NDEZNET_DESAQ2
MAGETAN_JANGGAN,Desa,NDEZNET_DESAQ2
MAGETAN_CILENG,Desa,NDEZNET_DESAQ2
MADIUN_TULUNGREJO,Desa,NDEZNET_DESAQ2
MADIUN_SIMO,Desa,NDEZNET_DESAQ2
MADIUN_KUNCEN,Desa,NDEZNET_DESAQ2
MADIUN_BLABAKAN,Desa,NDEZNET_DESAQ2
MADIUN_KREBET,Desa,NDEZNET_DESAQ2
MADIUN_RANDUALAS,Desa,NDEZNET_DESAQ2
MADIUN_KUWIRAN,Desa,NDEZNET_DESAQ2
MADIUN_SOBRAH,Desa,NDEZNET_DESAQ2
MADIUN_KEPET,Desa,NDEZNET_DESAQ2
JEMBER_POCANGAN,Desa,NDEZNET_DESAQ2
JEMBER_SUKOSARI,Desa,NDEZNET_DESAQ2
JEMBER_PLEREAN,Desa,NDEZNET_DESAQ2
JEMBER_SUMBERPAKEM,Desa,NDEZNET_DESAQ2
JEMBER_SUMBERBULUS,Desa,NDEZNET_DESAQ2
JEMBER_SUBO,Desa,NDEZNET_DESAQ2
JEMBER_JATIAN,Desa,NDEZNET_DESAQ2
JEMBER_KLUNGKUNG,Desa,NDEZNET_DESAQ2
JEMBER_KARANGPRING,Desa,NDEZNET_DESAQ2
JEMBER_PAKIS,Desa,NDEZNET_DESAQ2
JEMBER_SELODAKON,Desa,NDEZNET_DESAQ2
JEMBER_KALIGLAGAH,Desa,NDEZNET_DESAQ2
JEMBER_JAMINTORO,Desa,NDEZNET_DESAQ2
JEMBER_GELANG,Desa,NDEZNET_DESAQ2
JEMBER_SRUNI,Desa,NDEZNET_DESAQ2
JEMBER_KARANG KEDAWUNG,Desa,NDEZNET_DESAQ2
JEMBER_KAWANGREJO,Desa,NDEZNET_DESAQ2
JEMBER_MRAWAN,Desa,NDEZNET_DESAQ2
JEMBER_SANENREJO,Desa,NDEZNET_DESAQ2
JEMBER_ANDONGREJO,Desa,NDEZNET_DESAQ2
JEMBER_MAYANGAN,Desa,NDEZNET_DESAQ2
TRENGGALEK_PUCANGANAK,Desa,NDEZNET_DESAQ2
TRENGGALEK_NGLINGGIS,Desa,NDEZNET_DESAQ2
TRENGGALEK_SUMBERDADI,Desa,NDEZNET_DESAQ2
TRENGGALEK_NGULANWETAN,Desa,NDEZNET_DESAQ2
TRENGGALEK_MLINJON,Desa,NDEZNET_DESAQ2
TRENGGALEK_PANDEAN,Desa,NDEZNET_DESAQ2
TRENGGALEK_NGULUNGKULON,Desa,NDEZNET_DESAQ2
TRENGGALEK_BARANG,Desa,NDEZNET_DESAQ2
TRENGGALEK_KERTOSONO,Desa,NDEZNET_DESAQ2
TRENGGALEK_KARANGTENGAH,Desa,NDEZNET_DESAQ2
PONOROGO_SEMPU,Desa,NDEZNET_DESAQ2
PONOROGO_WATES,Desa,NDEZNET_DESAQ2
PONOROGO_SRATEN,Desa,NDEZNET_DESAQ2
PONOROGO_MRICAN,Desa,NDEZNET_DESAQ2
PONOROGO_NAMPAN,Desa,NDEZNET_DESAQ2
PONOROGO_BITING,Desa,NDEZNET_DESAQ2
PONOROGO_POKO,Desa,NDEZNET_DESAQ2
PONOROGO_SUKOSARI,Desa,NDEZNET_DESAQ2
PONOROGO_NGAMPEL,Desa,NDEZNET_DESAQ2
PONOROGO_DADAPAN,Desa,NDEZNET_DESAQ2
PONOROGO_BULU KIDUL,Desa,NDEZNET_DESAQ2
PONOROGO_JARAK,Desa,NDEZNET_DESAQ2
PONOROGO_KAPONAN,Desa,NDEZNET_DESAQ2
PONOROGO_KRISIK,Desa,NDEZNET_DESAQ2
PONOROGO_BANJAREJO,Desa,NDEZNET_DESAQ2
PONOROGO_KETRO,Desa,NDEZNET_DESAQ2
PONOROGO_NGADISANAN,Desa,NDEZNET_DESAQ2
PONOROGO_SAMBILAWANG,Desa,NDEZNET_DESAQ2
PONOROGO_PADAS,Desa,NDEZNET_DESAQ2
PONOROGO_BEKARE,Desa,NDEZNET_DESAQ2
PONOROGO_TRUNENG,Desa,NDEZNET_DESAQ2
PONOROGO_SELUR,Desa,NDEZNET_DESAQ2
PACITAN_GUNUNGREJO,Desa,NDEZNET_DESAQ2
PACITAN_PAGERLOR,Desa,NDEZNET_DESAQ2
PACITAN_PAGERKIDUL,Desa,NDEZNET_DESAQ2
PACITAN_NOGOSARI,Desa,NDEZNET_DESAQ2
PACITAN_BOGOHARJO,Desa,NDEZNET_DESAQ2
PACITAN_SIDOMULYO,Desa,NDEZNET_DESAQ2
PACITAN_LOSARI,Desa,NDEZNET_DESAQ2
PACITAN_PADI,Desa,NDEZNET_DESAQ2
PACITAN_NGLARAN,Desa,NDEZNET_DESAQ2
PACITAN_KEMUNING,Desa,NDEZNET_DESAQ2
PACITAN_PUCANGOMBO,Desa,NDEZNET_DESAQ2
PACITAN_PETUNGSINARANG,Desa,NDEZNET_DESAQ2
PACITAN_SEMPU,Desa,NDEZNET_DESAQ2
PACITAN_TEMON,Desa,NDEZNET_DESAQ2
PACITAN_PAGUTAN,Desa,NDEZNET_DESAQ2
PACITAN_KETEPUNG,Desa,NDEZNET_DESAQ2
PACITAN_GAWANG,Desa,NDEZNET_DESAQ2
PACITAN_PONGGOK,Desa,NDEZNET_DESAQ2
PACITAN_BOLOSINGO,Desa,NDEZNET_DESAQ2
PACITAN_BANJARSARI,Desa,NDEZNET_DESAQ2
PACITAN_SEDENG,Desa,NDEZNET_DESAQ2
PACITAN_GLINGGANGAN,Desa,NDEZNET_DESAQ2
PACITAN_MENDOLO KIDUL,Desa,NDEZNET_DESAQ2
PACITAN_SENDANG,Desa,NDEZNET_DESAQ2
PADANG PARIAMAN_TOBOH GADANG SELATAN,Desa,NDEZNET_DESAQ2
PADANG PARIAMAN_MANGGOPOH PALAK GADANG ULAKAN,Desa,NDEZNET_DESAQ2
PADANG PARIAMAN_LAREH NAN PANJANG,Desa,NDEZNET_DESAQ2
PADANG PARIAMAN_BALAH AIE TIMUR,Desa,NDEZNET_DESAQ2
PADANG PARIAMAN_LIMPATO SUNGAI SARIAK,Desa,NDEZNET_DESAQ2
PADANG PARIAMAN_BATU KALANG,Desa,NDEZNET_DESAQ2
KOTA PARIAMAN_PADANG CAKUR,Desa,NDEZNET_DESAQ2
KOTA PARIAMAN_TUNGKAL UTARA,Desa,NDEZNET_DESAQ2
KOTA PARIAMAN_SINTUK,Desa,NDEZNET_DESAQ2
LAMPUNG SELATAN_SIDOLUHUR,Desa,NDEZNET_DESAQ2
LAMPUNG SELATAN_SRIPENDOWO,Desa,NDEZNET_DESAQ2
LAMPUNG SELATAN_BELAMBANGAN,Desa,NDEZNET_DESAQ2
LAMPUNG SELATAN_KURIPAN,Desa,NDEZNET_DESAQ2
LAMPUNG SELATAN_TAMAN BARU,Desa,NDEZNET_DESAQ2
LAMPUNG SELATAN_RUANG TENGAH,Desa,NDEZNET_DESAQ2
LAMPUNG SELATAN_KAMPUNG BARU,Desa,NDEZNET_DESAQ2
LAMPUNG SELATAN_PENENGAHAN,Desa,NDEZNET_DESAQ2
LAMPUNG SELATAN_MANDALA SARI,Desa,NDEZNET_DESAQ2
LAMPUNG SELATAN_BAKTIRASA,Desa,NDEZNET_DESAQ2
LAMPUNG SELATAN_BANDAN HURIP,Desa,NDEZNET_DESAQ2
LAMPUNG SELATAN_PALAS JAYA,Desa,NDEZNET_DESAQ2
LAMPUNG SELATAN_KOTA GURING,Desa,NDEZNET_DESAQ2
LAMPUNG SELATAN_CANGGUNG,Desa,NDEZNET_DESAQ2
LAMPUNG SELATAN_TAMAN AGUNG,Desa,NDEZNET_DESAQ2
LAMPUNG SELATAN_MUNJUK SAMPURNA,Desa,NDEZNET_DESAQ2
LAMPUNG SELATAN_CANGGU,Desa,NDEZNET_DESAQ2
LAMPUNG SELATAN_TAJIMALELA,Desa,NDEZNET_DESAQ2
LAMPUNG SELATAN_MAJA,Desa,NDEZNET_DESAQ2
LAMPUNG SELATAN_TENGKUJUH,Desa,NDEZNET_DESAQ2
LAMPUNG SELATAN_JONDONG,Desa,NDEZNET_DESAQ2
LAMPUNG SELATAN_BALI NURAGA,Desa,NDEZNET_DESAQ2
LAMPUNG SELATAN_SIDORENO,Desa,NDEZNET_DESAQ2
LAMPUNG SELATAN_SIDOMAKMUR,Desa,NDEZNET_DESAQ2
LAMPUNG SELATAN_BANYUMAS,Desa,NDEZNET_DESAQ2
LAMPUNG SELATAN_BERINGIN KENCANA,Desa,NDEZNET_DESAQ2
LAMPUNG SELATAN_RAWA SELAPAN,Desa,NDEZNET_DESAQ2
LAMPUNG SELATAN_TRIMOMUKTI,Desa,NDEZNET_DESAQ2
LAMPUNG SELATAN_BANDAR DALAM,Desa,NDEZNET_DESAQ2
LAMPUNG SELATAN_SUAK,Desa,NDEZNET_DESAQ2
LAMPUNG SELATAN_TRIHARJO,Desa,NDEZNET_DESAQ2
LAMPUNG SELATAN_SUBAN,Desa,NDEZNET_DESAQ2
LAMPUNG SELATAN_SIDOMEKAR,Desa,NDEZNET_DESAQ2
LAMPUNG SELATAN_PURWODADI SIMPANG,Desa,NDEZNET_DESAQ2
MAGETAN_BANGUNASRI,Desa,NDEZNET_DESAQ2
MAGETAN_GEPLAK,Desa,NDEZNET_DESAQ2
MADIUN_MOJOREJO,Desa,NDEZNET_DESAQ2
PONOROGO_CEKOK,Desa,NDEZNET_DESAQ2
PONOROGO_MENANG,Desa,NDEZNET_DESAQ2
PADANG PARIAMAN_LUBUK ALUNG,Desa,NDEZNET_DESAQ2
PADANG PARIAMAN_AIE TAJUN LUBUK ALUNG,Desa,NDEZNET_DESAQ2
PADANG PARIAMAN_SIKABU LUBUK ALUNG,Desa,NDEZNET_DESAQ2
PADANG PARIAMAN_SALIBUTAN LUBUK ALUNG,Desa,NDEZNET_DESAQ2
PADANG PARIAMAN_KURAI TAJI TIMUR,Desa,NDEZNET_DESAQ2
PADANG PARIAMAN_BISATI SUNGAI SARIAK,Desa,NDEZNET_DESAQ2
KOTA PARIAMAN_PASIR SUNUR,Desa,NDEZNET_DESAQ2
KOTA PARIAMAN_KEL. UJUNG BATUNG,Desa,NDEZNET_DESAQ2
KOTA PARIAMAN_TALAGO SARIK,Desa,NDEZNET_DESAQ2
KOTA PARIAMAN_SUNGAI SIRAH,Desa,NDEZNET_DESAQ2
KOTA PARIAMAN_KALUAT,Desa,NDEZNET_DESAQ2
NGAWI_BANYUBIRU,Desa,NDEZNET_DESAQ2
NGAWI_KEDUNGPUTRI,Desa,NDEZNET_DESAQ2
NGAWI_BANJARANSARI,Desa,NDEZNET_DESAQ2
NGAWI_BRANGOL,Desa,NDEZNET_DESAQ2
NGAWI_RANDUSONGO,Desa,NDEZNET_DESAQ2
NGAWI_KERSIKAN,Desa,NDEZNET_DESAQ2
NGAWI_PLOSO,Desa,NDEZNET_DESAQ2
NGAWI_SUMBERSARI,Desa,NDEZNET_DESAQ2
MAGETAN_NGILIRAN,Desa,NDEZNET_DESAQ2
MAGETAN_SIDOMULYO,Desa,NDEZNET_DESAQ2
MAGETAN_BANYUDONO,Desa,NDEZNET_DESAQ2
MAGETAN_NGURI,Desa,NDEZNET_DESAQ2
MAGETAN_PRAGAK,Desa,NDEZNET_DESAQ2
MADIUN_BOLO,Desa,NDEZNET_DESAQ2
MADIUN_KETANDAN,Desa,NDEZNET_DESAQ2
MADIUN_SUKOREJO,Desa,NDEZNET_DESAQ2
JEMBER_SUGERKIDUL,Desa,NDEZNET_DESAQ2
JEMBER_LEDOKOMBO,Desa,NDEZNET_DESAQ2
JEMBER_SUMBERSALAK,Desa,NDEZNET_DESAQ2
JEMBER_SUMBERKALONG,Desa,NDEZNET_DESAQ2
JEMBER_SUKORENO,Desa,NDEZNET_DESAQ2
JEMBER_SUMBERKETEMPA,Desa,NDEZNET_DESAQ2
JEMBER_SUMBERPINANG,Desa,NDEZNET_DESAQ2
JEMBER_KEMIRI,Desa,NDEZNET_DESAQ2
JEMBER_TUGUSARI,Desa,NDEZNET_DESAQ2
JEMBER_JATIROTO,Desa,NDEZNET_DESAQ2
JEMBER_KARANGBAYAT,Desa,NDEZNET_DESAQ2
JEMBER_NGAMPELREJO,Desa,NDEZNET_DESAQ2
JEMBER_ROWOINDAH,Desa,NDEZNET_DESAQ2
JEMBER_LAMPEJI,Desa,NDEZNET_DESAQ2
JEMBER_HARJOMULYO,Desa,NDEZNET_DESAQ2
TRENGGALEK_SURENLOR,Desa,NDEZNET_DESAQ2
TRENGGALEK_BANARAN,Desa,NDEZNET_DESAQ2
TRENGGALEK_BOGORAN,Desa,NDEZNET_DESAQ2
TRENGGALEK_KARANGGANDU,Desa,NDEZNET_DESAQ2
TRENGGALEK_BENDOROTO,Desa,NDEZNET_DESAQ2
PONOROGO_TULUNG,Desa,NDEZNET_DESAQ2
PONOROGO_JALEN,Desa,NDEZNET_DESAQ2
PONOROGO_BEDINGIN,Desa,NDEZNET_DESAQ2
PONOROGO_NAMBAK,Desa,NDEZNET_DESAQ2
PONOROGO_GOMBANG,Desa,NDEZNET_DESAQ2
PONOROGO_BROTO,Desa,NDEZNET_DESAQ2
PACITAN_NGROMO,Desa,NDEZNET_DESAQ2
PACITAN_KARANGGEDE,Desa,NDEZNET_DESAQ2
PACITAN_KARANGREJO,Desa,NDEZNET_DESAQ2
PACITAN_BORANG,Desa,NDEZNET_DESAQ2
PACITAN_GUNUNGSARI,Desa,NDEZNET_DESAQ2
PACITAN_CANDI,Desa,NDEZNET_DESAQ2
PADANG PARIAMAN_ULAKAN,Desa,NDEZNET_DESAQ2
LAMPUNG SELATAN_SUKABAKTI,Desa,NDEZNET_DESAQ2
LAMPUNG SELATAN_REJOMULYO,Desa,NDEZNET_DESAQ2
LAMPUNG SELATAN_KALIASIN,Desa,NDEZNET_DESAQ2
LAMPUNG SELATAN_GEDUNG HARAPAN,Desa,NDEZNET_DESAQ2
LAMPUNG SELATAN_KRAWANG SARI,Desa,NDEZNET_DESAQ2
MAGETAN_PINGKUK,Desa,NDEZNET_DESAQ2
PONOROGO_SRANDIL,Desa,NDEZNET_DESAQ2
PACITAN_PURWOREJO,Desa,NDEZNET_DESAQ2
PADANG PARIAMAN_GUGUAK,Desa,NDEZNET_DESAQ2
PADANG PARIAMAN_KOTO TINGGI KURANJI HILIR,Desa,NDEZNET_DESAQ2
NGAWI_BANGUNREJO,Desa,NDEZNET_DESAQ2
NGAWI_JENGGRIK,Desa,NDEZNET_DESAQ2
NGAWI_KARTOHARJO,Desa,NDEZNET_DESAQ2
NGAWI_MANGUNHARJO,Desa,NDEZNET_DESAQ2
NGAWI_DERO,Desa,NDEZNET_DESAQ2
NGAWI_SAWO,Desa,NDEZNET_DESAQ2
NGAWI_CAMPURASRI,Desa,NDEZNET_DESAQ2
NGAWI_SETONO,Desa,NDEZNET_DESAQ2
MAGETAN_TAJI,Desa,NDEZNET_DESAQ2
MAGETAN_TRUNENG,Desa,NDEZNET_DESAQ2
MAGETAN_SIDOWAYAH,Desa,NDEZNET_DESAQ2
MAGETAN_JABUNG,Desa,NDEZNET_DESAQ2
MAGETAN_BALEASRI,Desa,NDEZNET_DESAQ2
MADIUN_PULEREJO,Desa,NDEZNET_DESAQ2
MADIUN_BADER,Desa,NDEZNET_DESAQ2
MADIUN_LEMBAH,Desa,NDEZNET_DESAQ2
MADIUN_GEGER,Desa,NDEZNET_DESAQ2
MADIUN_KEBONSARI,Desa,NDEZNET_DESAQ2
MADIUN_PALUR,Desa,NDEZNET_DESAQ2
MADIUN_SINGGAHAN,Desa,NDEZNET_DESAQ2
JEMBER_KEL. BANJARSENGON,Desa,NDEZNET_DESAQ2
JEMBER_GUNUNGMALANG,Desa,NDEZNET_DESAQ2
JEMBER_LEMBENGAN,Desa,NDEZNET_DESAQ2
JEMBER_GUMUKSARI,Desa,NDEZNET_DESAQ2
JEMBER_BEDADUNG,Desa,NDEZNET_DESAQ2
JEMBER_KAMAL,Desa,NDEZNET_DESAQ2
JEMBER_DARSONO,Desa,NDEZNET_DESAQ2
JEMBER_KEMUNINGLOR,Desa,NDEZNET_DESAQ2
JEMBER_KEMUNING SARI LOR,Desa,NDEZNET_DESAQ2
JEMBER_BADEAN,Desa,NDEZNET_DESAQ2
JEMBER_PONDOKDALEM,Desa,NDEZNET_DESAQ2
JEMBER_WIROWONGSO,Desa,NDEZNET_DESAQ2
JEMBER_CANGKRING,Desa,NDEZNET_DESAQ2
JEMBER_KEMUNINGSARIKIDUL,Desa,NDEZNET_DESAQ2
JEMBER_TEGALWARU,Desa,NDEZNET_DESAQ2
JEMBER_WONOASRI,Desa,NDEZNET_DESAQ2
TRENGGALEK_SUMBEREJO,Desa,NDEZNET_DESAQ2
PONOROGO_NGLAYANG,Desa,NDEZNET_DESAQ2
PONOROGO_KEMIRI,Desa,NDEZNET_DESAQ2
PONOROGO_PINTU,Desa,NDEZNET_DESAQ2
PONOROGO_GELANGKULON,Desa,NDEZNET_DESAQ2
PONOROGO_SUMBEREJO,Desa,NDEZNET_DESAQ2
PONOROGO_SAWUH,Desa,NDEZNET_DESAQ2
PONOROGO_TUGU,Desa,NDEZNET_DESAQ2
PONOROGO_PUDAK WETAN,Desa,NDEZNET_DESAQ2
PONOROGO_BEDOHO,Desa,NDEZNET_DESAQ2
PONOROGO_JANTI,Desa,NDEZNET_DESAQ2
PONOROGO_MENGGARE,Desa,NDEZNET_DESAQ2
PONOROGO_CALUK,Desa,NDEZNET_DESAQ2
PACITAN_JATIGUNUNG,Desa,NDEZNET_DESAQ2
PACITAN_TAHUNAN BARU,Desa,NDEZNET_DESAQ2
PACITAN_BANDAR,Desa,NDEZNET_DESAQ2
PACITAN_PAKIS BARU,Desa,NDEZNET_DESAQ2
PACITAN_KLESEM,Desa,NDEZNET_DESAQ2
PACITAN_WARENG,Desa,NDEZNET_DESAQ2
PACITAN_BELAH,Desa,NDEZNET_DESAQ2
PADANG PARIAMAN_TOBOH GADANG TIMUR,Desa,NDEZNET_DESAQ2
PADANG PARIAMAN_TAPAKIH,Desa,NDEZNET_DESAQ2
PADANG PARIAMAN_III KOTO AUR MALINTANG,Desa,NDEZNET_DESAQ2
KOTA BANDAR LAMPUNG_KEL. WAY GUBAK,Desa,NDEZNET_DESAQ2
KOTA BANDAR LAMPUNG_KEL. KEDAUNG,Desa,NDEZNET_DESAQ2
LAMPUNG SELATAN_REJO MULYO,Desa,NDEZNET_DESAQ2
LAMPUNG SELATAN_GUNUNG TERANG,Desa,NDEZNET_DESAQ2
LAMPUNG SELATAN_CAMPANG TIGA,Desa,NDEZNET_DESAQ2
LAMPUNG SELATAN_MEKAR JAYA,Desa,NDEZNET_DESAQ2
LAMPUNG SELATAN_TANJUNG BARU,Desa,NDEZNET_DESAQ2
LAMPUNG SELATAN_TRANS TANJUNGAN,Desa,NDEZNET_DESAQ2
LAMPUNG SELATAN_PURWODADI DALAM,Desa,NDEZNET_DESAQ2
LAMPUNG SELATAN_SINDANG SARI,Desa,NDEZNET_DESAQ2
LAMPUNG SELATAN_LEMATANG,Desa,NDEZNET_DESAQ2
LAMPUNG SELATAN_MARGOREJO,Desa,NDEZNET_DESAQ2
MAGETAN_PANGGUNG,Desa,NDEZNET_DESAQ2
MAGETAN_TAMBAKREJO,Desa,NDEZNET_DESAQ2
PONOROGO_KEL. RONOWIJAYAN,Desa,NDEZNET_DESAQ2
KOTA PARIAMAN_KAMPUNG APAR,Desa,NDEZNET_DESAQ2
KOTA PARIAMAN_TALUK,Desa,NDEZNET_DESAQ2
KOTA PARIAMAN_NARAS I,Desa,NDEZNET_DESAQ2
NGAWI_SELOPURO,Desa,NDEZNET_DESAQ2
NGAWI_KANDANGAN,Desa,NDEZNET_DESAQ2
NGAWI_SUMBERBENING,Desa,NDEZNET_DESAQ2
NGAWI_SIDOKERTO,Desa,NDEZNET_DESAQ2
NGAWI_BANGET,Desa,NDEZNET_DESAQ2
NGAWI_KERSOHARJO,Desa,NDEZNET_DESAQ2
NGAWI_DAWUNG,Desa,NDEZNET_DESAQ2
NGAWI_TULAKAN,Desa,NDEZNET_DESAQ2
NGAWI_NGRENDENG,Desa,NDEZNET_DESAQ2
MAGETAN_KLECO,Desa,NDEZNET_DESAQ2
MAGETAN_REJOMULYO,Desa,NDEZNET_DESAQ2
MAGETAN_WATES,Desa,NDEZNET_DESAQ2
MAGETAN_TERUNG,Desa,NDEZNET_DESAQ2
MAGETAN_PACALAN,Desa,NDEZNET_DESAQ2
MAGETAN_DADI,Desa,NDEZNET_DESAQ2
MAGETAN_PUPUS,Desa,NDEZNET_DESAQ2
MAGETAN_PONCOL,Desa,NDEZNET_DESAQ2
MADIUN_DAWUHAN,Desa,NDEZNET_DESAQ2
MADIUN_BAJULAN,Desa,NDEZNET_DESAQ2
MADIUN_KARE,Desa,NDEZNET_DESAQ2
MADIUN_BRUMBUN,Desa,NDEZNET_DESAQ2
MADIUN_BACEM,Desa,NDEZNET_DESAQ2
JEMBER_SUKOJEMBER,Desa,NDEZNET_DESAQ2
JEMBER_SUKOKERTO,Desa,NDEZNET_DESAQ2
JEMBER_BALETBARU,Desa,NDEZNET_DESAQ2
JEMBER_SUMBERWARU,Desa,NDEZNET_DESAQ2
JEMBER_ROWOSARI,Desa,NDEZNET_DESAQ2
JEMBER_CUMEDAK,Desa,NDEZNET_DESAQ2
JEMBER_PATEMPURAN,Desa,NDEZNET_DESAQ2
JEMBER_PLALANGAN,Desa,NDEZNET_DESAQ2
JEMBER_KRAMAT SUKOHARJO,Desa,NDEZNET_DESAQ2
JEMBER_SIDOMULYO,Desa,NDEZNET_DESAQ2
JEMBER_TEGALWANGI,Desa,NDEZNET_DESAQ2
JEMBER_PALERAN,Desa,NDEZNET_DESAQ2
JEMBER_CURAHLELE,Desa,NDEZNET_DESAQ2
JEMBER_NOGOSARI,Desa,NDEZNET_DESAQ2
JEMBER_JATIMULYO,Desa,NDEZNET_DESAQ2
JEMBER_SUCO,Desa,NDEZNET_DESAQ2
JEMBER_SILO,Desa,NDEZNET_DESAQ2
JEMBER_PACE,Desa,NDEZNET_DESAQ2
JEMBER_CURAHTAKIR,Desa,NDEZNET_DESAQ2
JEMBER_PONDOKREJO,Desa,NDEZNET_DESAQ2
JEMBER_CURAHNONGKO,Desa,NDEZNET_DESAQ2
JEMBER_GLUNDENGAN,Desa,NDEZNET_DESAQ2
JEMBER_BAGON,Desa,NDEZNET_DESAQ2
JEMBER_KASIYAN,Desa,NDEZNET_DESAQ2
JEMBER_PASEBAN,Desa,NDEZNET_DESAQ2
TRENGGALEK_JATIPRAHU,Desa,NDEZNET_DESAQ2
TRENGGALEK_SUKOKIDUL,Desa,NDEZNET_DESAQ2
PONOROGO_GONDOWIDO,Desa,NDEZNET_DESAQ2
PONOROGO_KEDUNGBANTENG,Desa,NDEZNET_DESAQ2
PONOROGO_SIDOREJO,Desa,NDEZNET_DESAQ2
PONOROGO_BANGUNREJO,Desa,NDEZNET_DESAQ2
PONOROGO_SRAGI,Desa,NDEZNET_DESAQ2
PONOROGO_WILANGAN,Desa,NDEZNET_DESAQ2
PONOROGO_BUNGU,Desa,NDEZNET_DESAQ2
PONOROGO_CRABAK,Desa,NDEZNET_DESAQ2
PACITAN_JETAK,Desa,NDEZNET_DESAQ2
PACITAN_TEGALOMBO,Desa,NDEZNET_DESAQ2
PACITAN_JERUK,Desa,NDEZNET_DESAQ2
PACITAN_JETIS LOR,Desa,NDEZNET_DESAQ2
PACITAN_GAYUHAN,Desa,NDEZNET_DESAQ2
PACITAN_SAMBONG,Desa,NDEZNET_DESAQ2
PACITAN_KEMBANG,Desa,NDEZNET_DESAQ2
PACITAN_BOMO,Desa,NDEZNET_DESAQ2
PADANG PARIAMAN_TOBOH GADANG,Desa,NDEZNET_DESAQ2
PADANG PARIAMAN_ANDURIANG,Desa,NDEZNET_DESAQ2
LAMPUNG SELATAN_TAMAN SARI,Desa,NDEZNET_DESAQ2
LAMPUNG SELATAN_AGOM,Desa,NDEZNET_DESAQ2
LAMPUNG SELATAN_MERAK BELATUNG,Desa,NDEZNET_DESAQ2
LAMPUNG SELATAN_KESUGIHAN,Desa,NDEZNET_DESAQ2
LAMPUNG SELATAN_SIDOMULYO,Desa,NDEZNET_DESAQ2
LAMPUNG SELATAN_MERBAU MATARAM,Desa,NDEZNET_DESAQ2
LAMPUNG SELATAN_SABAH BALAU,Desa,NDEZNET_DESAQ2
LAMPUNG SELATAN_MARGO MULYO,Desa,NDEZNET_DESAQ2
LAMPUNG SELATAN_BANJAR AGUNG,Desa,NDEZNET_DESAQ2
LAMPUNG SELATAN_SUKA DAMAI,Desa,NDEZNET_DESAQ2
MADIUN_KENDONDONG,Desa,NDEZNET_DESAQ2
PONOROGO_SEDAH,Desa,NDEZNET_DESAQ2
PACITAN_SUMBEREJO,Desa,NDEZNET_DESAQ2
PADANG PARIAMAN_SINGGULIANG LUBUK ALUNG,Desa,NDEZNET_DESAQ2
PADANG PARIAMAN_SUNUA,Desa,NDEZNET_DESAQ2
PADANG PARIAMAN_PADANG KANDANG PULAU AIR PADANG,Desa,NDEZNET_DESAQ2
PADANG PARIAMAN_KOTO TINGGI,Desa,NDEZNET_DESAQ2
PADANG PARIAMAN_BALAH AIE UTARA,Desa,NDEZNET_DESAQ2
NGAWI_SIDOMAKMUR,Desa,NDEZNET_DESAQ2
NGAWI_KATIKAN,Desa,NDEZNET_DESAQ2
NGAWI_JAMBANGAN,Desa,NDEZNET_DESAQ2
NGAWI_TAWUN,Desa,NDEZNET_DESAQ2
NGAWI_SAMBIROTO,Desa,NDEZNET_DESAQ2
NGAWI_MOJO,Desa,NDEZNET_DESAQ2
NGAWI_NGOMPRO,Desa,NDEZNET_DESAQ2
NGAWI_GUYUNG,Desa,NDEZNET_DESAQ2
NGAWI_KERASKULON,Desa,NDEZNET_DESAQ2
NGAWI_KLAMPISAN,Desa,NDEZNET_DESAQ2
NGAWI_KENDAL,Desa,NDEZNET_DESAQ2
NGAWI_PUCANGAN,Desa,NDEZNET_DESAQ2
NGAWI_KAUMAN,Desa,NDEZNET_DESAQ2
MAGETAN_SUMBERDODOL,Desa,NDEZNET_DESAQ2
MAGETAN_SIDOKERTO,Desa,NDEZNET_DESAQ2
MAGETAN_BULUGUNUNG,Desa,NDEZNET_DESAQ2
MAGETAN_PLUMPUNG,Desa,NDEZNET_DESAQ2
MAGETAN_LEMBEYAN WETAN,Desa,NDEZNET_DESAQ2
MAGETAN_TAMANARUM,Desa,NDEZNET_DESAQ2
MADIUN_GLONGGONG,Desa,NDEZNET_DESAQ2
MADIUN_JATIREJO,Desa,NDEZNET_DESAQ2
MADIUN_BENER,Desa,NDEZNET_DESAQ2
MADIUN_SUMBERSARI,Desa,NDEZNET_DESAQ2
MADIUN_KEL. WUNGU,Desa,NDEZNET_DESAQ2
MADIUN_BANJAREJO,Desa,NDEZNET_DESAQ2
MADIUN_SARENG,Desa,NDEZNET_DESAQ2
JEMBER_KEL. BINTORO,Desa,NDEZNET_DESAQ2
JEMBER_SUMBERDANTI,Desa,NDEZNET_DESAQ2
JEMBER_DAWUHANMANGLI,Desa,NDEZNET_DESAQ2
JEMBER_SUMBERJAMBE,Desa,NDEZNET_DESAQ2
JEMBER_SLATENG,Desa,NDEZNET_DESAQ2
JEMBER_SEBANEN,Desa,NDEZNET_DESAQ2
JEMBER_TISNOGAMBAR,Desa,NDEZNET_DESAQ2
JEMBER_KLATAKAN,Desa,NDEZNET_DESAQ2
JEMBER_PRINGGOWIRAWAN,Desa,NDEZNET_DESAQ2
JEMBER_SUMBERAGUNG,Desa,NDEZNET_DESAQ2
JEMBER_GUMELAR,Desa,NDEZNET_DESAQ2
JEMBER_WONOJATI,Desa,NDEZNET_DESAQ2
JEMBER_LENGKONG,Desa,NDEZNET_DESAQ2
JEMBER_MUMBULSARI,Desa,NDEZNET_DESAQ2
JEMBER_WRINGINTELU,Desa,NDEZNET_DESAQ2
JEMBER_TEMBOKREJO,Desa,NDEZNET_DESAQ2
JEMBER_PURWOASRI,Desa,NDEZNET_DESAQ2
JEMBER_CAKRU,Desa,NDEZNET_DESAQ2
TRENGGALEK_CAKUL,Desa,NDEZNET_DESAQ2
TRENGGALEK_PETUNG,Desa,NDEZNET_DESAQ2
TRENGGALEK_KARANGREJO,Desa,NDEZNET_DESAQ2
TRENGGALEK_NGADIMULYO,Desa,NDEZNET_DESAQ2
TRENGGALEK_BANJAR,Desa,NDEZNET_DESAQ2
PONOROGO_TEGALOMBO,Desa,NDEZNET_DESAQ2
PONOROGO_MLARAK,Desa,NDEZNET_DESAQ2
PONOROGO_NGLUMPANG,Desa,NDEZNET_DESAQ2
PONOROGO_PULUNG MERDIKO,Desa,NDEZNET_DESAQ2
PONOROGO_KEMUNING,Desa,NDEZNET_DESAQ2
PONOROGO_MAGUWAN,Desa,NDEZNET_DESAQ2
PONOROGO_KETONGGO,Desa,NDEZNET_DESAQ2
PONOROGO_GALAK,Desa,NDEZNET_DESAQ2
PONOROGO_KAMBENG,Desa,NDEZNET_DESAQ2
PONOROGO_BAOSAN LOR,Desa,NDEZNET_DESAQ2
PACITAN_KEDUNGBENDO,Desa,NDEZNET_DESAQ2
PACITAN_WONOGONDO,Desa,NDEZNET_DESAQ2
PACITAN_NGADIREJAN,Desa,NDEZNET_DESAQ2
PACITAN_DERSONO,Desa,NDEZNET_DESAQ2
PACITAN_SUKODONO,Desa,NDEZNET_DESAQ2
PADANG PARIAMAN_KATAPIANG,Desa,NDEZNET_DESAQ2
PADANG PARIAMAN_TANDIKEK SELATAN,Desa,NDEZNET_DESAQ2
PADANG PARIAMAN_GASAN GADANG,Desa,NDEZNET_DESAQ2
KOTA BANDAR LAMPUNG_KEL. SUKADANA HAM,Desa,NDEZNET_DESAQ2
KOTA BANDAR LAMPUNG_KEL. KETAPANG,Desa,NDEZNET_DESAQ2
KOTA BANDAR LAMPUNG_KEL. SUKARAME II,Desa,NDEZNET_DESAQ2
LAMPUNG SELATAN_KLATEN,Desa,NDEZNET_DESAQ2
LAMPUNG SELATAN_BANJAR MASIN,Desa,NDEZNET_DESAQ2
LAMPUNG SELATAN_GAYAM,Desa,NDEZNET_DESAQ2
LAMPUNG SELATAN_TETAAN,Desa,NDEZNET_DESAQ2
LAMPUNG SELATAN_PALEMBAPANG,Desa,NDEZNET_DESAQ2
LAMPUNG SELATAN_BUDIDAYA,Desa,NDEZNET_DESAQ2
LAMPUNG SELATAN_NEGLASARI,Desa,NDEZNET_DESAQ2
LAMPUNG SELATAN_TARAHAN,Desa,NDEZNET_DESAQ2
NGAWI_KARANGJATI,Desa,NDEZNET_DESAQ2
MAGETAN_TEMENGGUNGAN,Desa,NDEZNET_DESAQ2
MAGETAN_GEBYOG,Desa,NDEZNET_DESAQ2
MAGETAN_KEMBANGAN,Desa,NDEZNET_DESAQ2
MAGETAN_KEL. SARANGAN,Desa,NDEZNET_DESAQ2
MAGETAN_NGUNTORONADI,Desa,NDEZNET_DESAQ2
MADIUN_CABEAN,Desa,NDEZNET_DESAQ2
PONOROGO_GUPOLO,Desa,NDEZNET_DESAQ2
PONOROGO_PLOSOJENAR,Desa,NDEZNET_DESAQ2
PONOROGO_KARANGAN,Desa,NDEZNET_DESAQ2
PONOROGO_MADUSARI,Desa,NDEZNET_DESAQ2
PACITAN_KEBONAGUNG,Desa,NDEZNET_DESAQ2
PACITAN_SEMANTEN,Desa,NDEZNET_DESAQ2
PADANG PARIAMAN_SINTUAK,Desa,NDEZNET_DESAQ2
PADANG PARIAMAN_PARIT MALINTANG,Desa,NDEZNET_DESAQ2
PADANG PARIAMAN_BALAH AIE,Desa,NDEZNET_DESAQ2
PADANG PARIAMAN_PILUBANG,Desa,NDEZNET_DESAQ2
KOTA PARIAMAN_KAMPUNG KANDANG,Desa,NDEZNET_DESAQ2
KOTA PARIAMAN_SIKAPAK TIMUR,Desa,NDEZNET_DESAQ2
KOTA PARIAMAN_CUBADAK AIR UTARA,Desa,NDEZNET_DESAQ2
LAMPUNG SELATAN_PASURUAN,Desa,NDEZNET_DESAQ2
LAMPUNG SELATAN_PALAS AJI,Desa,NDEZNET_DESAQ2
NGAWI_SEKARALAS,Desa,NDEZNET_DESAQ2
NGAWI_DUMPLENGAN,Desa,NDEZNET_DESAQ2
NGAWI_PITU,Desa,NDEZNET_DESAQ2
NGAWI_NGANCAR,Desa,NDEZNET_DESAQ2
NGAWI_CANGAKAN,Desa,NDEZNET_DESAQ2
NGAWI_LEGUNDI,Desa,NDEZNET_DESAQ2
NGAWI_SEMBUNG,Desa,NDEZNET_DESAQ2
NGAWI_POJOK,Desa,NDEZNET_DESAQ2
NGAWI_KENITEN,Desa,NDEZNET_DESAQ2
NGAWI_JOGOROGO,Desa,NDEZNET_DESAQ2
NGAWI_NGRAYUDAN,Desa,NDEZNET_DESAQ2
NGAWI_CEPOKO,Desa,NDEZNET_DESAQ2
NGAWI_SIDOMULYO,Desa,NDEZNET_DESAQ2
NGAWI_KUNIRAN,Desa,NDEZNET_DESAQ2
MAGETAN_LEMAHBANG,Desa,NDEZNET_DESAQ2
MAGETAN_BULUHARJO,Desa,NDEZNET_DESAQ2
MAGETAN_BANGSRI,Desa,NDEZNET_DESAQ2
MAGETAN_SUGIHREJO,Desa,NDEZNET_DESAQ2
MADIUN_LEBAKAYU,Desa,NDEZNET_DESAQ2
MADIUN_GARON,Desa,NDEZNET_DESAQ2
MADIUN_BULU,Desa,NDEZNET_DESAQ2
MADIUN_NGALE,Desa,NDEZNET_DESAQ2
MADIUN_DUREN,Desa,NDEZNET_DESAQ2
MADIUN_KEDUNGMARON,Desa,NDEZNET_DESAQ2
MADIUN_SEBAYI,Desa,NDEZNET_DESAQ2
MADIUN_KARANGREJO,Desa,NDEZNET_DESAQ2
JEMBER_SUMBERJERUK,Desa,NDEZNET_DESAQ2
JEMBER_CANDIJATI,Desa,NDEZNET_DESAQ2
JEMBER_SUKORAMBI,Desa,NDEZNET_DESAQ2
JEMBER_GAMBIRONO,Desa,NDEZNET_DESAQ2
JEMBER_DARUNGAN,Desa,NDEZNET_DESAQ2
JEMBER_WRINGINAGUNG,Desa,NDEZNET_DESAQ2
JEMBER_GUGUT,Desa,NDEZNET_DESAQ2
JEMBER_CURAHMALANG,Desa,NDEZNET_DESAQ2
JEMBER_KLOMPANGAN,Desa,NDEZNET_DESAQ2
JEMBER_MANGARAN,Desa,NDEZNET_DESAQ2
JEMBER_GARAHAN,Desa,NDEZNET_DESAQ2
JEMBER_SUMBERJATI,Desa,NDEZNET_DESAQ2
JEMBER_KESILIR,Desa,NDEZNET_DESAQ2
JEMBER_KARANGREJO,Desa,NDEZNET_DESAQ2
JEMBER_BAGOREJO,Desa,NDEZNET_DESAQ2
TRENGGALEK_SUMURUP,Desa,NDEZNET_DESAQ2
TRENGGALEK_MELIS,Desa,NDEZNET_DESAQ2
TRENGGALEK_WIDORO,Desa,NDEZNET_DESAQ2
TRENGGALEK_JAJAR,Desa,NDEZNET_DESAQ2
TRENGGALEK_TASIKMADU,Desa,NDEZNET_DESAQ2
TRENGGALEK_PRIGI,Desa,NDEZNET_DESAQ2
TRENGGALEK_TAWING,Desa,NDEZNET_DESAQ2
TRENGGALEK_NGLEBENG,Desa,NDEZNET_DESAQ2
PONOROGO_JIMBE,Desa,NDEZNET_DESAQ2
PONOROGO_PLALANGAN,Desa,NDEZNET_DESAQ2
PONOROGO_GELANG LOR,Desa,NDEZNET_DESAQ2
PONOROGO_SAMPUNG,Desa,NDEZNET_DESAQ2
PONOROGO_CARANGREJO,Desa,NDEZNET_DESAQ2
PONOROGO_BLEMBEM,Desa,NDEZNET_DESAQ2
PONOROGO_PIJERAN,Desa,NDEZNET_DESAQ2
PONOROGO_PLUNTURAN,Desa,NDEZNET_DESAQ2
PONOROGO_PATIK,Desa,NDEZNET_DESAQ2
PONOROGO_BEDIKULON,Desa,NDEZNET_DESAQ2
PONOROGO_PAGER,Desa,NDEZNET_DESAQ2
PONOROGO_PLANCUNGAN,Desa,NDEZNET_DESAQ2
PACITAN_TANJUNGLOR,Desa,NDEZNET_DESAQ2
PACITAN_BUNGUR,Desa,NDEZNET_DESAQ2
PACITAN_GEMAHARJO,Desa,NDEZNET_DESAQ2
PACITAN_KEBONDALEM,Desa,NDEZNET_DESAQ2
PACITAN_NAWANGAN,Desa,NDEZNET_DESAQ2
PACITAN_MUJING,Desa,NDEZNET_DESAQ2
PACITAN_KARANGANYAR,Desa,NDEZNET_DESAQ2
PACITAN_SOOKA,Desa,NDEZNET_DESAQ2
PACITAN_DONOROJO,Desa,NDEZNET_DESAQ2
PACITAN_KALAK,Desa,NDEZNET_DESAQ2
PADANG PARIAMAN_PADANG TOBOH ULAKAN,Desa,NDEZNET_DESAQ2
PADANG PARIAMAN_LURAH AMPALU,Desa,NDEZNET_DESAQ2
PADANG PARIAMAN_SUNGAI SARIAK,Desa,NDEZNET_DESAQ2
KOTA PARIAMAN_PALAK ANEH,Desa,NDEZNET_DESAQ2
KOTA BANDAR LAMPUNG_KEL. SUMBER AGUNG,Desa,NDEZNET_DESAQ2
KOTA BANDAR LAMPUNG_KEL. KETAPANG KUALA,Desa,NDEZNET_DESAQ2
KOTA BANDAR LAMPUNG_KEL. KETEGUHAN,Desa,NDEZNET_DESAQ2
LAMPUNG SELATAN_KEKILING,Desa,NDEZNET_DESAQ2
LAMPUNG SELATAN_SUKA BARU,Desa,NDEZNET_DESAQ2
LAMPUNG SELATAN_TITIWANGI,Desa,NDEZNET_DESAQ2
LAMPUNG SELATAN_SIRING JAHA,Desa,NDEZNET_DESAQ2
LAMPUNG SELATAN_WAY GALIH,Desa,NDEZNET_DESAQ2
LAMPUNG SELATAN_JATI INDAH,Desa,NDEZNET_DESAQ2
LAMPUNG SELATAN_JATI BARU,Desa,NDEZNET_DESAQ2
LAMPUNG SELATAN_SUKANEGARA,Desa,NDEZNET_DESAQ2
LAMPUNG SELATAN_FAJAR BARU,Desa,NDEZNET_DESAQ2
LAMPUNG SELATAN_KARANG ANYAR,Desa,NDEZNET_DESAQ2
LAMPUNG SELATAN_MARGA AGUNG,Desa,NDEZNET_DESAQ2
LAMPUNG SELATAN_JATI MULYO,Desa,NDEZNET_DESAQ2
LAMPUNG SELATAN_MUARA PUTIH,Desa,NDEZNET_DESAQ2
NGAWI_KEDUNGGUDEL,Desa,NDEZNET_DESAQ2
NGAWI_KARANGTENGAH PRANDON,Desa,NDEZNET_DESAQ2
MAGETAN_BANDAR,Desa,NDEZNET_DESAQ2
MAGETAN_PURWOSARI,Desa,NDEZNET_DESAQ2
MADIUN_BALEREJO,Desa,NDEZNET_DESAQ2
MADIUN_KLECOREJO,Desa,NDEZNET_DESAQ2
MADIUN_KALIGUNTING,Desa,NDEZNET_DESAQ2
MADIUN_PRAMBON,Desa,NDEZNET_DESAQ2
MADIUN_UTERAN,Desa,NDEZNET_DESAQ2
JEMBER_JUBUNG,Desa,NDEZNET_DESAQ2
TRENGGALEK_KEL. NGANTRU,Desa,NDEZNET_DESAQ2
TRENGGALEK_GEMAHARJO,Desa,NDEZNET_DESAQ2
TRENGGALEK_SLAWE,Desa,NDEZNET_DESAQ2
PONOROGO_BABADAN,Desa,NDEZNET_DESAQ2
PONOROGO_KEL. KEPATIHAN,Desa,NDEZNET_DESAQ2
PONOROGO_KEL. PAJU,Desa,NDEZNET_DESAQ2
PONOROGO_PATIHAN KIDUL,Desa,NDEZNET_DESAQ2
PONOROGO_BRAHU,Desa,NDEZNET_DESAQ2
PACITAN_HADIWARNO,Desa,NDEZNET_DESAQ2
PACITAN_ARJOSARI,Desa,NDEZNET_DESAQ2
PADANG PARIAMAN_PAUH KAMBAR,Desa,NDEZNET_DESAQ2
PADANG PARIAMAN_KAPALO KOTO,Desa,NDEZNET_DESAQ2
PADANG PARIAMAN_KAPALO HILALANG,Desa,NDEZNET_DESAQ2
PADANG PARIAMAN_KURANJI HILIR,Desa,NDEZNET_DESAQ2
PADANG PARIAMAN_MALAI III KOTO,Desa,NDEZNET_DESAQ2
KOTA PARIAMAN_AIR SANTOK,Desa,NDEZNET_DESAQ2
KOTA PARIAMAN_PAKASAI,Desa,NDEZNET_DESAQ2
KOTA PARIAMAN_SIKAPAK BARAT,Desa,NDEZNET_DESAQ2
KOTA BANDAR LAMPUNG_KEL. LANGKAPURA,Desa,NDEZNET_DESAQ2
KOTA BANDAR LAMPUNG_KEL. SUMBERREJO SEJAHTERA,Desa,NDEZNET_DESAQ2
KOTA BANDAR LAMPUNG_KEL. TANJUNGKARANG,Desa,NDEZNET_DESAQ2
KOTA BANDAR LAMPUNG_KEL. GUNUNGSARI,Desa,NDEZNET_DESAQ2
LAMPUNG SELATAN_SELORETNO,Desa,NDEZNET_DESAQ2
NGAWI_MANTINGAN,Desa,NDEZNET_DESAQ2
NGAWI_KEDUNGHARJO,Desa,NDEZNET_DESAQ2
NGAWI_TAMBAKBOYO,Desa,NDEZNET_DESAQ2
NGAWI_PELANGLOR,Desa,NDEZNET_DESAQ2
NGAWI_KEDUNGGALAR,Desa,NDEZNET_DESAQ2
NGAWI_BEGAL,Desa,NDEZNET_DESAQ2
NGAWI_GELUNG,Desa,NDEZNET_DESAQ2
NGAWI_WARUTENGAH,Desa,NDEZNET_DESAQ2
NGAWI_PANGKUR,Desa,NDEZNET_DESAQ2
NGAWI_WARUKKALONG,Desa,NDEZNET_DESAQ2
NGAWI_BUDUG,Desa,NDEZNET_DESAQ2
NGAWI_GERIH,Desa,NDEZNET_DESAQ2
NGAWI_DEMPEL,Desa,NDEZNET_DESAQ2
NGAWI_JAGIR,Desa,NDEZNET_DESAQ2
MAGETAN_JERUK,Desa,NDEZNET_DESAQ2
MAGETAN_SAMBIREMBE,Desa,NDEZNET_DESAQ2
MAGETAN_TURI,Desa,NDEZNET_DESAQ2
MAGETAN_GORANGGARENG,Desa,NDEZNET_DESAQ2
MADIUN_BEDOHO,Desa,NDEZNET_DESAQ2
MADIUN_NGETREP,Desa,NDEZNET_DESAQ2
MADIUN_PULE,Desa,NDEZNET_DESAQ2
MADIUN_KENONGOREJO,Desa,NDEZNET_DESAQ2
MADIUN_TULUNG,Desa,NDEZNET_DESAQ2
MADIUN_KLUMUTAN,Desa,NDEZNET_DESAQ2
MADIUN_GEMARANG,Desa,NDEZNET_DESAQ2
MADIUN_BANTENGAN,Desa,NDEZNET_DESAQ2
MADIUN_KRADINAN,Desa,NDEZNET_DESAQ2
JEMBER_KEL. JUMERTO,Desa,NDEZNET_DESAQ2
JEMBER_KEL. SLAWU,Desa,NDEZNET_DESAQ2
JEMBER_KEL. WIROLEGI,Desa,NDEZNET_DESAQ2
JEMBER_SUREN,Desa,NDEZNET_DESAQ2
JEMBER_GAMBIRAN,Desa,NDEZNET_DESAQ2
JEMBER_PAKUSARI,Desa,NDEZNET_DESAQ2
JEMBER_KERTOSARI,Desa,NDEZNET_DESAQ2
JEMBER_SERUT,Desa,NDEZNET_DESAQ2
JEMBER_JOMBANG,Desa,NDEZNET_DESAQ2
JEMBER_PONDOKJOYO,Desa,NDEZNET_DESAQ2
JEMBER_GADINGREJO,Desa,NDEZNET_DESAQ2
JEMBER_JATISARI,Desa,NDEZNET_DESAQ2
JEMBER_TAMANSARI,Desa,NDEZNET_DESAQ2
JEMBER_SEPUTIH,Desa,NDEZNET_DESAQ2
JEMBER_TEMPUREJO,Desa,NDEZNET_DESAQ2
JEMBER_SIDODADI,Desa,NDEZNET_DESAQ2
JEMBER_AMPEL,Desa,NDEZNET_DESAQ2
JEMBER_WONOSARI,Desa,NDEZNET_DESAQ2
JEMBER_MLOKOREJO,Desa,NDEZNET_DESAQ2
JEMBER_PUGERWETAN,Desa,NDEZNET_DESAQ2
JEMBER_MOJOSARI,Desa,NDEZNET_DESAQ2
JEMBER_MOJOMULYO,Desa,NDEZNET_DESAQ2
JEMBER_GUMUKMAS,Desa,NDEZNET_DESAQ2
JEMBER_WONOREJO,Desa,NDEZNET_DESAQ2
TRENGGALEK_DOMPYONG,Desa,NDEZNET_DESAQ2
TRENGGALEK_NGULANKULON,Desa,NDEZNET_DESAQ2
TRENGGALEK_NGADIREJO,Desa,NDEZNET_DESAQ2
TRENGGALEK_WONOREJO,Desa,NDEZNET_DESAQ2
TRENGGALEK_SUKOWETAN,Desa,NDEZNET_DESAQ2
TRENGGALEK_SUGIHAN,Desa,NDEZNET_DESAQ2
PONOROGO_NGEBEL,Desa,NDEZNET_DESAQ2
PONOROGO_TANJUNGSARI,Desa,NDEZNET_DESAQ2
PONOROGO_PRAJEGAN,Desa,NDEZNET_DESAQ2
PONOROGO_BADEGAN,Desa,NDEZNET_DESAQ2
PONOROGO_NGRANDU,Desa,NDEZNET_DESAQ2
PONOROGO_NONGKODONO,Desa,NDEZNET_DESAQ2
PONOROGO_MANUK,Desa,NDEZNET_DESAQ2
PONOROGO_PUDAK KULON,Desa,NDEZNET_DESAQ2
PONOROGO_KALISAT,Desa,NDEZNET_DESAQ2
PACITAN_SUKOREJO,Desa,NDEZNET_DESAQ2
PACITAN_MANGUNHARJO,Desa,NDEZNET_DESAQ2
PACITAN_GEGERAN,Desa,NDEZNET_DESAQ2
PACITAN_TAMBAKREJO,Desa,NDEZNET_DESAQ2
PACITAN_SEKAR,Desa,NDEZNET_DESAQ2
PADANG PARIAMAN_LAREH NAN PANJANG SUNGAI SARIAK,Desa,NDEZNET_DESAQ2
PADANG PARIAMAN_TANDIKEK,Desa,NDEZNET_DESAQ2
KOTA BANDAR LAMPUNG_KEL. WAY LAGA,Desa,NDEZNET_DESAQ2
KOTA BANDAR LAMPUNG_KEL. SUKAMAJU,Desa,NDEZNET_DESAQ2
LAMPUNG SELATAN_PISANG,Desa,NDEZNET_DESAQ2
LAMPUNG SELATAN_SUKATANI,Desa,NDEZNET_DESAQ2
LAMPUNG SELATAN_SERDANG,Desa,NDEZNET_DESAQ2
NGAWI_WALIKUKUN,Desa,NDEZNET_DESAQ2
NGAWI_KARANGASRI,Desa,NDEZNET_DESAQ2
NGAWI_KEL. PELEM,Desa,NDEZNET_DESAQ2
NGAWI_GRUDO,Desa,NDEZNET_DESAQ2
NGAWI_KLITIK,Desa,NDEZNET_DESAQ2
MAGETAN_SEMPOL,Desa,NDEZNET_DESAQ2
MAGETAN_KEL. TINAP,Desa,NDEZNET_DESAQ2
MAGETAN_MILANGASRI,Desa,NDEZNET_DESAQ2
MAGETAN_MOJOPURNO,Desa,NDEZNET_DESAQ2
MAGETAN_CANDIREJO,Desa,NDEZNET_DESAQ2
MAGETAN_NGADIREJO,Desa,NDEZNET_DESAQ2
MAGETAN_MOJOREJO,Desa,NDEZNET_DESAQ2
MAGETAN_KENONGOMULYO,Desa,NDEZNET_DESAQ2
MAGETAN_KERIK,Desa,NDEZNET_DESAQ2
MADIUN_TIRON,Desa,NDEZNET_DESAQ2
MADIUN_SUMBEREJO,Desa,NDEZNET_DESAQ2
JEMBER_KEL. KARANGREJO,Desa,NDEZNET_DESAQ2
TRENGGALEK_KEL. SUMBERGEDONG,Desa,NDEZNET_DESAQ2
TRENGGALEK_NGADISUKO,Desa,NDEZNET_DESAQ2
PONOROGO_PANJENG,Desa,NDEZNET_DESAQ2
PONOROGO_KEL. SETONO,Desa,NDEZNET_DESAQ2
PONOROGO_KARANGLO LOR,Desa,NDEZNET_DESAQ2
PONOROGO_SOMOROTO,Desa,NDEZNET_DESAQ2
PONOROGO_JORESAN,Desa,NDEZNET_DESAQ2
PACITAN_HADILUWIH,Desa,NDEZNET_DESAQ2
PACITAN_KAYEN,Desa,NDEZNET_DESAQ2
PACITAN_SUKOHARJO,Desa,NDEZNET_DESAQ2
PACITAN_KEL. SIDOHARJO,Desa,NDEZNET_DESAQ2
JEMBER_SUMBERWRINGIN,Desa,NDEZNET_DESAQ2
JEMBER_CURAHKALONG,Desa,NDEZNET_DESAQ2
JEMBER_LANGKAP,Desa,NDEZNET_DESAQ2
JEMBER_YOSORATI,Desa,NDEZNET_DESAQ2
JEMBER_RAMBIGUNDAM,Desa,NDEZNET_DESAQ2
JEMBER_ROWOTAMTU,Desa,NDEZNET_DESAQ2
JEMBER_SUKAMAKMUR,Desa,NDEZNET_DESAQ2
JEMBER_JENGGAWAH,Desa,NDEZNET_DESAQ2
JEMBER_SEMPOLAN,Desa,NDEZNET_DESAQ2
JEMBER_SABRANG,Desa,NDEZNET_DESAQ2
JEMBER_ANDONGSARI,Desa,NDEZNET_DESAQ2
JEMBER_SUMBEREJO,Desa,NDEZNET_DESAQ2
JEMBER_TANJUNGREJO,Desa,NDEZNET_DESAQ2
TRENGGALEK_PRAMBON,Desa,NDEZNET_DESAQ2
TRENGGALEK_DAWUHAN,Desa,NDEZNET_DESAQ2
TRENGGALEK_GEMBLEB,Desa,NDEZNET_DESAQ2
TRENGGALEK_DONGKO,Desa,NDEZNET_DESAQ2
TRENGGALEK_GAYAM,Desa,NDEZNET_DESAQ2
PONOROGO_PARINGAN,Desa,NDEZNET_DESAQ2
PONOROGO_GANDUKEPUH,Desa,NDEZNET_DESAQ2
PONOROGO_GLINGGANG,Desa,NDEZNET_DESAQ2
PONOROGO_JAMBON,Desa,NDEZNET_DESAQ2
PONOROGO_KREBET,Desa,NDEZNET_DESAQ2
PONOROGO_MUNENG,Desa,NDEZNET_DESAQ2
PONOROGO_SINGKIL,Desa,NDEZNET_DESAQ2
PONOROGO_NGUMPUL,Desa,NDEZNET_DESAQ2
PONOROGO_SERAG,Desa,NDEZNET_DESAQ2
PONOROGO_PULUNG,Desa,NDEZNET_DESAQ2
PONOROGO_JURUG,Desa,NDEZNET_DESAQ2
PONOROGO_PRAYUNGAN,Desa,NDEZNET_DESAQ2
PONOROGO_BELANG,Desa,NDEZNET_DESAQ2
PACITAN_GEDANGAN,Desa,NDEZNET_DESAQ2
PACITAN_WATUKARUNG,Desa,NDEZNET_DESAQ2
KOTA BANDAR LAMPUNG_KEL. WAY LUNIK,Desa,NDEZNET_DESAQ2
LAMPUNG SELATAN_KELAU,Desa,NDEZNET_DESAQ2
LAMPUNG SELATAN_GEDUNG HARTA,Desa,NDEZNET_DESAQ2
LAMPUNG SELATAN_SIDOWALUYO,Desa,NDEZNET_DESAQ2
LAMPUNG SELATAN_RANGAI TRI TUNGGAL,Desa,NDEZNET_DESAQ2
NGAWI_KEL. KETANGGI,Desa,NDEZNET_DESAQ2
MAGETAN_PATIHAN,Desa,NDEZNET_DESAQ2
MAGETAN_KINANDANG,Desa,NDEZNET_DESAQ2
MAGETAN_KEL. PANEKAN,Desa,NDEZNET_DESAQ2
MAGETAN_NITIKAN,Desa,NDEZNET_DESAQ2
MAGETAN_KEL. SUKOWINANGUN,Desa,NDEZNET_DESAQ2
MAGETAN_KARANGREJO,Desa,NDEZNET_DESAQ2
MAGETAN_GENENGAN,Desa,NDEZNET_DESAQ2
MAGETAN_PETUNGREJO,Desa,NDEZNET_DESAQ2
MADIUN_METESIH,Desa,NDEZNET_DESAQ2
MADIUN_SUMBERBENING,Desa,NDEZNET_DESAQ2
MADIUN_MOJOPURNO,Desa,NDEZNET_DESAQ2
MADIUN_NGLANDUNG,Desa,NDEZNET_DESAQ2
MADIUN_PURWOREJO,Desa,NDEZNET_DESAQ2
JEMBER_KEL. JEMBERKIDUL,Desa,NDEZNET_DESAQ2
JEMBER_UMBULREJO,Desa,NDEZNET_DESAQ2
TRENGGALEK_DURENAN,Desa,NDEZNET_DESAQ2
TRENGGALEK_BULUAGUNG,Desa,NDEZNET_DESAQ2
TRENGGALEK_BENDOAGUNG,Desa,NDEZNET_DESAQ2
PONOROGO_KEL. SINGOSAREN,Desa,NDEZNET_DESAQ2
PONOROGO_KEL. COKROMENGGALAN,Desa,NDEZNET_DESAQ2
PONOROGO_KEL. TAMBAKBAYAN,Desa,NDEZNET_DESAQ2
PONOROGO_WONOKETRO,Desa,NDEZNET_DESAQ2
PONOROGO_NAILAN,Desa,NDEZNET_DESAQ2
PONOROGO_GUNDIK,Desa,NDEZNET_DESAQ2
PONOROGO_SIMO,Desa,NDEZNET_DESAQ2
PACITAN_CANGKRING,Desa,NDEZNET_DESAQ2
PACITAN_SUMBERHARJO,Desa,NDEZNET_DESAQ2
PACITAN_KENDAL,Desa,NDEZNET_DESAQ2
PACITAN_PUNUNG,Desa,NDEZNET_DESAQ2
KOTA BANDAR LAMPUNG_KEL. GEDONG AIR,Desa,NDEZNET_DESAQ2
KOTA BANDAR LAMPUNG_KEL. KEBON JERUK,Desa,NDEZNET_DESAQ2
KOTA BANDAR LAMPUNG_KEL. SUMUR PUTRI,Desa,NDEZNET_DESAQ2
LAMPUNG SELATAN_KEDATON,Desa,NDEZNET_DESAQ2
NGAWI_WONOKERTO,Desa,NDEZNET_DESAQ2
NGAWI_NGALE,Desa,NDEZNET_DESAQ2
NGAWI_BANYUURIP,Desa,NDEZNET_DESAQ2
NGAWI_WATUALANG,Desa,NDEZNET_DESAQ2
NGAWI_KROMPOL,Desa,NDEZNET_DESAQ2
NGAWI_KENDUNG,Desa,NDEZNET_DESAQ2
NGAWI_GENENG,Desa,NDEZNET_DESAQ2
NGAWI_TANJUNGSARI,Desa,NDEZNET_DESAQ2
MAGETAN_KARAS,Desa,NDEZNET_DESAQ2
MAGETAN_GINUK,Desa,NDEZNET_DESAQ2
MAGETAN_SETREN,Desa,NDEZNET_DESAQ2
MAGETAN_CARIKAN,Desa,NDEZNET_DESAQ2
MAGETAN_KALANG,Desa,NDEZNET_DESAQ2
MAGETAN_CAMPURSARI,Desa,NDEZNET_DESAQ2
MAGETAN_SELOPANGGUNG,Desa,NDEZNET_DESAQ2
MAGETAN_SELOREJO,Desa,NDEZNET_DESAQ2
MAGETAN_KRAJAN,Desa,NDEZNET_DESAQ2
MADIUN_NGADIREJO,Desa,NDEZNET_DESAQ2
MADIUN_KALIABU,Desa,NDEZNET_DESAQ2
MADIUN_GANDUL,Desa,NDEZNET_DESAQ2
MADIUN_SUGIHWARAS,Desa,NDEZNET_DESAQ2
MADIUN_PILANGREJO,Desa,NDEZNET_DESAQ2
MADIUN_SULUK,Desa,NDEZNET_DESAQ2
MADIUN_SLAMBUR,Desa,NDEZNET_DESAQ2
JEMBER_KEL. ANTIROGO,Desa,NDEZNET_DESAQ2
JEMBER_JELBUK,Desa,NDEZNET_DESAQ2
JEMBER_PANDUMAN,Desa,NDEZNET_DESAQ2
JEMBER_RANDUAGUNG,Desa,NDEZNET_DESAQ2
JEMBER_SUMBERLESUNG,Desa,NDEZNET_DESAQ2
JEMBER_DUKUHMENCEK,Desa,NDEZNET_DESAQ2
JEMBER_MANGGISAN,Desa,NDEZNET_DESAQ2
JEMBER_TANGGULWETAN,Desa,NDEZNET_DESAQ2
JEMBER_PADOMASAN,Desa,NDEZNET_DESAQ2
JEMBER_TANJUNGSARI,Desa,NDEZNET_DESAQ2
JEMBER_GUNUNGSARI,Desa,NDEZNET_DESAQ2
JEMBER_KARANG SEMANDING,Desa,NDEZNET_DESAQ2
JEMBER_KALIWINING,Desa,NDEZNET_DESAQ2
JEMBER_PONTANG,Desa,NDEZNET_DESAQ2
JEMBER_PUGERKULON,Desa,NDEZNET_DESAQ2
TRENGGALEK_WINONG,Desa,NDEZNET_DESAQ2
TRENGGALEK_GADOR,Desa,NDEZNET_DESAQ2
TRENGGALEK_BARUHARJO,Desa,NDEZNET_DESAQ2
TRENGGALEK_GANDUSARI,Desa,NDEZNET_DESAQ2
TRENGGALEK_NGRAYUNG,Desa,NDEZNET_DESAQ2
TRENGGALEK_SUMBER,Desa,NDEZNET_DESAQ2
TRENGGALEK_JATI,Desa,NDEZNET_DESAQ2
TRENGGALEK_KARANGTURI,Desa,NDEZNET_DESAQ2
TRENGGALEK_BODAG,Desa,NDEZNET_DESAQ2
PONOROGO_TRISONO,Desa,NDEZNET_DESAQ2
PONOROGO_KEL. BEDURI,Desa,NDEZNET_DESAQ2
PONOROGO_PULOSARI,Desa,NDEZNET_DESAQ2
PONOROGO_PENGKOL,Desa,NDEZNET_DESAQ2
PONOROGO_WINONG,Desa,NDEZNET_DESAQ2
PONOROGO_NGASINAN,Desa,NDEZNET_DESAQ2
PONOROGO_SOOKO,Desa,NDEZNET_DESAQ2
PONOROGO_GROGOL,Desa,NDEZNET_DESAQ2
PONOROGO_SAWOO,Desa,NDEZNET_DESAQ2
PONOROGO_BESUKI,Desa,NDEZNET_DESAQ2
PONOROGO_CAMPURSARI,Desa,NDEZNET_DESAQ2
PONOROGO_WRINGINANOM,Desa,NDEZNET_DESAQ2
PONOROGO_SLAHUNG,Desa,NDEZNET_DESAQ2
PACITAN_MLATI,Desa,NDEZNET_DESAQ2
PACITAN_GENDARAN,Desa,NDEZNET_DESAQ2
NGAWI_SAMBIREJO,Desa,NDEZNET_DESAQ2
NGAWI_JURUREJO,Desa,NDEZNET_DESAQ2
MAGETAN_KARANGSONO,Desa,NDEZNET_DESAQ2
MAGETAN_PURWODADI,Desa,NDEZNET_DESAQ2
MAGETAN_KEL. KARANGREJO,Desa,NDEZNET_DESAQ2
MAGETAN_PESU,Desa,NDEZNET_DESAQ2
MAGETAN_KEL. BENDO,Desa,NDEZNET_DESAQ2
MAGETAN_TANJUNG,Desa,NDEZNET_DESAQ2
MAGETAN_BIBIS,Desa,NDEZNET_DESAQ2
MAGETAN_TAMBAKMAS,Desa,NDEZNET_DESAQ2
MAGETAN_SIDOMUKTI,Desa,NDEZNET_DESAQ2
MAGETAN_SUMBERAGUNG,Desa,NDEZNET_DESAQ2
MAGETAN_NGARIBOYO,Desa,NDEZNET_DESAQ2
MAGETAN_KEL. REJOSARI,Desa,NDEZNET_DESAQ2
MAGETAN_MADIGONDO,Desa,NDEZNET_DESAQ2
MAGETAN_KIRINGAN,Desa,NDEZNET_DESAQ2
MAGETAN_KEL. PARANG,Desa,NDEZNET_DESAQ2
MADIUN_JIWAN,Desa,NDEZNET_DESAQ2
MADIUN_PUCANGREJO,Desa,NDEZNET_DESAQ2
MADIUN_GUNUNGSARI,Desa,NDEZNET_DESAQ2
MADIUN_MEJAYAN,Desa,NDEZNET_DESAQ2
JEMBER_KEL. PATRANG,Desa,NDEZNET_DESAQ2
JEMBER_KEL. TEGALGEDE,Desa,NDEZNET_DESAQ2
JEMBER_KEL. KEPATIHAN,Desa,NDEZNET_DESAQ2
JEMBER_KEL. TEGALBESAR,Desa,NDEZNET_DESAQ2
TRENGGALEK_MUNJUNGAN,Desa,NDEZNET_DESAQ2
PONOROGO_NGUNUT,Desa,NDEZNET_DESAQ2
PONOROGO_KEL. KAUMAN,Desa,NDEZNET_DESAQ2
PONOROGO_KEL. BROTONEGARAN,Desa,NDEZNET_DESAQ2
PONOROGO_TURI,Desa,NDEZNET_DESAQ2
PONOROGO_KUTU WETAN,Desa,NDEZNET_DESAQ2
PONOROGO_BETON,Desa,NDEZNET_DESAQ2
PACITAN_COKROKEMBANG,Desa,NDEZNET_DESAQ2
PACITAN_MENTORO,Desa,NDEZNET_DESAQ2
PACITAN_SIRNOBOYO,Desa,NDEZNET_DESAQ2
NGAWI_BANGUNREJO KIDUL,Desa,NDEZNET_DESAQ2
NGAWI_GENTONG,Desa,NDEZNET_DESAQ2
NGAWI_LEGOWETAN,Desa,NDEZNET_DESAQ2
NGAWI_MACANAN,Desa,NDEZNET_DESAQ2
MADIUN_DIMONG,Desa,NDEZNET_DESAQ2
MADIUN_JERUKGULUNG,Desa,NDEZNET_DESAQ2
MADIUN_WONOASRI,Desa,NDEZNET_DESAQ2
JEMBER_KEL. BARATAN,Desa,NDEZNET_DESAQ2
JEMBER_ROWOTENGAH,Desa,NDEZNET_DESAQ2
JEMBER_SIDOMEKAR,Desa,NDEZNET_DESAQ2
JEMBER_MUNDUREJO,Desa,NDEZNET_DESAQ2
JEMBER_UMBULSARI,Desa,NDEZNET_DESAQ2
JEMBER_BALUNGLOR,Desa,NDEZNET_DESAQ2
JEMBER_BALUNGKULON,Desa,NDEZNET_DESAQ2
JEMBER_KARANGDUREN,Desa,NDEZNET_DESAQ2
JEMBER_KERTONEGORO,Desa,NDEZNET_DESAQ2
JEMBER_SUMBERKEJAYAN,Desa,NDEZNET_DESAQ2
JEMBER_KENCONG,Desa,NDEZNET_DESAQ2
TRENGGALEK_SEMARUM,Desa,NDEZNET_DESAQ2
TRENGGALEK_MARGOMULYO,Desa,NDEZNET_DESAQ2
PONOROGO_LEMBAH,Desa,NDEZNET_DESAQ2
PONOROGO_SUKOREJO,Desa,NDEZNET_DESAQ2
PONOROGO_KARANGWALUH,Desa,NDEZNET_DESAQ2
PONOROGO_RONOSENTANAN,Desa,NDEZNET_DESAQ2
PONOROGO_NGRAYUN,Desa,NDEZNET_DESAQ2
PACITAN_TULAKAN,Desa,NDEZNET_DESAQ2
NGAWI_BERAN,Desa,NDEZNET_DESAQ2
MAGETAN_KLAGEN GAMBIRAN,Desa,NDEZNET_DESAQ2
MAGETAN_SUGIHWARAS,Desa,NDEZNET_DESAQ2
MAGETAN_BALEGONDO,Desa,NDEZNET_DESAQ2
MAGETAN_JOMBLANG,Desa,NDEZNET_DESAQ2
MADIUN_TEGUHAN,Desa,NDEZNET_DESAQ2
MADIUN_KLAGENSERUT,Desa,NDEZNET_DESAQ2
MADIUN_BUKUR,Desa,NDEZNET_DESAQ2
MADIUN_KAJANG,Desa,NDEZNET_DESAQ2
MADIUN_SAWAHAN,Desa,NDEZNET_DESAQ2
MADIUN_SENDANGREJO,Desa,NDEZNET_DESAQ2
MADIUN_NGAMPEL,Desa,NDEZNET_DESAQ2
MADIUN_KEL. PANDEAN,Desa,NDEZNET_DESAQ2
MADIUN_DAGANGAN,Desa,NDEZNET_DESAQ2
MADIUN_KETAWANG,Desa,NDEZNET_DESAQ2
MADIUN_DOHO,Desa,NDEZNET_DESAQ2
MADIUN_KERTOBANYON,Desa,NDEZNET_DESAQ2
MADIUN_JATISARI,Desa,NDEZNET_DESAQ2
JEMBER_KEL. KRANJINGAN,Desa,NDEZNET_DESAQ2
JEMBER_KEL. MANGLI,Desa,NDEZNET_DESAQ2
JEMBER_TANGGULKULON,Desa,NDEZNET_DESAQ2
TRENGGALEK_KAMULAN,Desa,NDEZNET_DESAQ2
TRENGGALEK_PANGGUL,Desa,NDEZNET_DESAQ2
PONOROGO_POLOREJO,Desa,NDEZNET_DESAQ2
PONOROGO_KEL. JINGGLONG,Desa,NDEZNET_DESAQ2
PONOROGO_CARAT,Desa,NDEZNET_DESAQ2
PONOROGO_NGRAKET,Desa,NDEZNET_DESAQ2
PONOROGO_NGABAR,Desa,NDEZNET_DESAQ2
PONOROGO_NGLONING,Desa,NDEZNET_DESAQ2
PACITAN_SAWAHAN,Desa,NDEZNET_DESAQ2
PACITAN_GEDOMPOL,Desa,NDEZNET_DESAQ2
PACITAN_CEMENG,Desa,NDEZNET_DESAQ2
PACITAN_MENDOLO LOR,Desa,NDEZNET_DESAQ2
PACITAN_GONDOSARI,Desa,NDEZNET_DESAQ2
PACITAN_TINATAR,Desa,NDEZNET_DESAQ2
PACITAN_KEBONSARI,Desa,NDEZNET_DESAQ2
PACITAN_SUGIHWARAS,Desa,NDEZNET_DESAQ2
PACITAN_JLUBANG,Desa,NDEZNET_DESAQ2
PACITAN_POKO,Desa,NDEZNET_DESAQ2
PACITAN_DADAPAN,Desa,NDEZNET_DESAQ2
PACITAN_SOBO,Desa,NDEZNET_DESAQ2
PACITAN_PELEM,Desa,NDEZNET_DESAQ2
PACITAN_TAMANASRI,Desa,NDEZNET_DESAQ2
PACITAN_PLUMBUNGAN,Desa,NDEZNET_DESAQ2
PACITAN_KARANGNONGKO,Desa,NDEZNET_DESAQ2
PACITAN_KALIPELUS,Desa,NDEZNET_DESAQ2
PACITAN_KATIPUGAL,Desa,NDEZNET_DESAQ2
PACITAN_WORAWARI,Desa,NDEZNET_DESAQ2
PACITAN_GEMBUK,Desa,NDEZNET_DESAQ2
PACITAN_SANGGRAHAN,Desa,NDEZNET_DESAQ2
PACITAN_PUNJUNG,Desa,NDEZNET_DESAQ2
PACITAN_JETISKIDUL,Desa,NDEZNET_DESAQ2
PACITAN_GONDANG,Desa,NDEZNET_DESAQ2
PACITAN_TOKAWI,Desa,NDEZNET_DESAQ2
PACITAN_NGUNUT,Desa,NDEZNET_DESAQ2
PACITAN_KLEDUNG,Desa,NDEZNET_DESAQ2
PACITAN_TUMPUK,Desa,NDEZNET_DESAQ2
PACITAN_WATUPATOK,Desa,NDEZNET_DESAQ2
PACITAN_NGRECO,Desa,NDEZNET_DESAQ2
PACITAN_KASIHAN,Desa,NDEZNET_DESAQ2
PACITAN_TAHUNAN,Desa,NDEZNET_DESAQ2
PACITAN_KLUWIH,Desa,NDEZNET_DESAQ2
PACITAN_KALIKUNING,Desa,NDEZNET_DESAQ2
PACITAN_GASANG,Desa,NDEZNET_DESAQ2
PACITAN_NGILE,Desa,NDEZNET_DESAQ2
PACITAN_BUBAKAN,Desa,NDEZNET_DESAQ2
PACITAN_NGUMBUL,Desa,NDEZNET_DESAQ2
PACITAN_WONOSIDI,Desa,NDEZNET_DESAQ2
PACITAN_WONODADI KULON,Desa,NDEZNET_DESAQ2
PACITAN_WONODADI WETAN,Desa,NDEZNET_DESAQ2
PACITAN_WONOKARTO,Desa,NDEZNET_DESAQ2
PACITAN_WONOSOBO,Desa,NDEZNET_DESAQ2
PACITAN_WONOASRI,Desa,NDEZNET_DESAQ2
PACITAN_SUDIMORO,Desa,NDEZNET_DESAQ2
PACITAN_KETANGGUNG,Desa,NDEZNET_DESAQ2
PACITAN_SEMBOWO,Desa,NDEZNET_DESAQ2
PACITAN_KARANGMULYO,Desa,NDEZNET_DESAQ2
PONOROGO_BAOSAN KIDUL,Desa,NDEZNET_DESAQ2
PONOROGO_WONODADI,Desa,NDEZNET_DESAQ2
PONOROGO_SENDANG,Desa,NDEZNET_DESAQ2
PONOROGO_MRAYAN,Desa,NDEZNET_DESAQ2
PONOROGO_BINADE,Desa,NDEZNET_DESAQ2
PONOROGO_CEPOKO,Desa,NDEZNET_DESAQ2
PONOROGO_GEDANGAN,Desa,NDEZNET_DESAQ2
PONOROGO_SENEPO,Desa,NDEZNET_DESAQ2
PONOROGO_NGILO-ILO,Desa,NDEZNET_DESAQ2
PONOROGO_KORIPAN,Desa,NDEZNET_DESAQ2
PONOROGO_MUNGGU,Desa,NDEZNET_DESAQ2
PONOROGO_KWAJON,Desa,NDEZNET_DESAQ2
PONOROGO_GAJAH,Desa,NDEZNET_DESAQ2
PONOROGO_NGLEWAN,Desa,NDEZNET_DESAQ2
PONOROGO_JRAKAH,Desa,NDEZNET_DESAQ2
PONOROGO_TUMPUK,Desa,NDEZNET_DESAQ2
PONOROGO_TUMPAK PELEM,Desa,NDEZNET_DESAQ2
PONOROGO_TEMPURAN,Desa,NDEZNET_DESAQ2
PONOROGO_SRITI,Desa,NDEZNET_DESAQ2
PONOROGO_KORI,Desa,NDEZNET_DESAQ2
PONOROGO_BONDRANG,Desa,NDEZNET_DESAQ2
PONOROGO_NGINDENG,Desa,NDEZNET_DESAQ2
PONOROGO_NGADIROJO,Desa,NDEZNET_DESAQ2
PONOROGO_KLEPU,Desa,NDEZNET_DESAQ2
PONOROGO_TAMBANG,Desa,NDEZNET_DESAQ2
PONOROGO_KARANGPATIHAN,Desa,NDEZNET_DESAQ2
PONOROGO_TEGALREJO,Desa,NDEZNET_DESAQ2
PONOROGO_BEDRUG,Desa,NDEZNET_DESAQ2
PONOROGO_WAGIR KIDUL,Desa,NDEZNET_DESAQ2
PONOROGO_WAYANG,Desa,NDEZNET_DESAQ2
PONOROGO_MUNGGUNG,Desa,NDEZNET_DESAQ2
PONOROGO_BEKIRING,Desa,NDEZNET_DESAQ2
PONOROGO_BANARAN,Desa,NDEZNET_DESAQ2
PONOROGO_CANDI,Desa,NDEZNET_DESAQ2
PONOROGO_TOTOKAN,Desa,NDEZNET_DESAQ2
PONOROGO_SUREN,Desa,NDEZNET_DESAQ2
PONOROGO_KRADENAN,Desa,NDEZNET_DESAQ2
PONOROGO_JETIS,Desa,NDEZNET_DESAQ2
PONOROGO_TEGALSARI,Desa,NDEZNET_DESAQ2
PONOROGO_JOSARI,Desa,NDEZNET_DESAQ2
PONOROGO_PANDAK,Desa,NDEZNET_DESAQ2
PONOROGO_BULAK,Desa,NDEZNET_DESAQ2
PONOROGO_NGENDUT,Desa,NDEZNET_DESAQ2
PONOROGO_KARANGMOJO,Desa,NDEZNET_DESAQ2
PONOROGO_SEDARAT,Desa,NDEZNET_DESAQ2
PONOROGO_PURWOREJO,Desa,NDEZNET_DESAQ2
PONOROGO_TATUNG,Desa,NDEZNET_DESAQ2
PONOROGO_NGLARANGAN,Desa,NDEZNET_DESAQ2
PONOROGO_CILUK,Desa,NDEZNET_DESAQ2
PONOROGO_TOSANAN,Desa,NDEZNET_DESAQ2
PONOROGO_JONGGOL,Desa,NDEZNET_DESAQ2
PONOROGO_KARANGLO KIDUL,Desa,NDEZNET_DESAQ2
PONOROGO_BULU LOR,Desa,NDEZNET_DESAQ2
PONOROGO_DAYAKAN,Desa,NDEZNET_DESAQ2
PONOROGO_TANJUNGGUNUNG,Desa,NDEZNET_DESAQ2
PONOROGO_KARANGJOHO,Desa,NDEZNET_DESAQ2
PONOROGO_TANJUNGREJO,Desa,NDEZNET_DESAQ2
PONOROGO_BANDARALIM,Desa,NDEZNET_DESAQ2
PONOROGO_KAPURAN,Desa,NDEZNET_DESAQ2
PONOROGO_WATUBONANG,Desa,NDEZNET_DESAQ2
PONOROGO_PAGERUKIR,Desa,NDEZNET_DESAQ2
PONOROGO_POHIJO,Desa,NDEZNET_DESAQ2
PONOROGO_NGLURUP,Desa,NDEZNET_DESAQ2
PONOROGO_RINGINPUTIH,Desa,NDEZNET_DESAQ2
PONOROGO_KALIMALANG,Desa,NDEZNET_DESAQ2
PONOROGO_GEGERAN,Desa,NDEZNET_DESAQ2
PONOROGO_SAHANG,Desa,NDEZNET_DESAQ2
PONOROGO_WAGIR LOR,Desa,NDEZNET_DESAQ2
PONOROGO_TALUN,Desa,NDEZNET_DESAQ2
PONOROGO_PUPUS,Desa,NDEZNET_DESAQ2
TRENGGALEK_NGRAMBINGAN,Desa,NDEZNET_DESAQ2
TRENGGALEK_TERBIS,Desa,NDEZNET_DESAQ2
TRENGGALEK_MANGGIS,Desa,NDEZNET_DESAQ2
TRENGGALEK_TANGKIL,Desa,NDEZNET_DESAQ2
TRENGGALEK_DEPOK,Desa,NDEZNET_DESAQ2
TRENGGALEK_NGULUNGWETAN,Desa,NDEZNET_DESAQ2
TRENGGALEK_SOBO,Desa,NDEZNET_DESAQ2
TRENGGALEK_CRAKEN,Desa,NDEZNET_DESAQ2
TRENGGALEK_BANGUN,Desa,NDEZNET_DESAQ2
TRENGGALEK_DUKUH,Desa,NDEZNET_DESAQ2
TRENGGALEK_PAKEL,Desa,NDEZNET_DESAQ2
TRENGGALEK_NGEMBEL,Desa,NDEZNET_DESAQ2
TRENGGALEK_TIMAHAN,Desa,NDEZNET_DESAQ2
TRENGGALEK_SALAMWATES,Desa,NDEZNET_DESAQ2
TRENGGALEK_NGERDANI,Desa,NDEZNET_DESAQ2
TRENGGALEK_SIKI,Desa,NDEZNET_DESAQ2
TRENGGALEK_PRINGAPUS,Desa,NDEZNET_DESAQ2
TRENGGALEK_SIDOMULYO,Desa,NDEZNET_DESAQ2
TRENGGALEK_PUYUNG,Desa,NDEZNET_DESAQ2
TRENGGALEK_JOHO,Desa,NDEZNET_DESAQ2
TRENGGALEK_KEMBANGAN,Desa,NDEZNET_DESAQ2
TRENGGALEK_TANGGARAN,Desa,NDEZNET_DESAQ2
TRENGGALEK_KAYEN,Desa,NDEZNET_DESAQ2
TRENGGALEK_NGENTRONG,Desa,NDEZNET_DESAQ2
TRENGGALEK_NGRANDU,Desa,NDEZNET_DESAQ2
TRENGGALEK_PURU,Desa,NDEZNET_DESAQ2
TRENGGALEK_WONOKERTO,Desa,NDEZNET_DESAQ2
TRENGGALEK_NGLEBO,Desa,NDEZNET_DESAQ2
TRENGGALEK_GAMPING,Desa,NDEZNET_DESAQ2
TRENGGALEK_DUREN,Desa,NDEZNET_DESAQ2
TRENGGALEK_GADING,Desa,NDEZNET_DESAQ2
TRENGGALEK_TEGAREN,Desa,NDEZNET_DESAQ2
TRENGGALEK_SENGON,Desa,NDEZNET_DESAQ2
TRENGGALEK_SRABAH,Desa,NDEZNET_DESAQ2
TRENGGALEK_BOTOPUTIH,Desa,NDEZNET_DESAQ2
JEMBER_KEPANJEN,Desa,NDEZNET_DESAQ2
JEMBER_MULYOREJO,Desa,NDEZNET_DESAQ2
JEMBER_SIDOMUKTI,Desa,NDEZNET_DESAQ2
JEMBER_SARIMULYO,Desa,NDEZNET_DESAQ2
JEMBER_JAMBESARI,Desa,NDEZNET_DESAQ2
JEMBER_BANJARSARI,Desa,NDEZNET_DESAQ2
JEMBER_SUMBERANGET,Desa,NDEZNET_DESAQ2
JEMBER_SUKOGIDRI,Desa,NDEZNET_DESAQ2
JEMBER_KARANGPAITON,Desa,NDEZNET_DESAQ2
JEMBER_PRINGGONDANI,Desa,NDEZNET_DESAQ2
JEMBER_MOJOGEMI,Desa,NDEZNET_DESAQ2
JEMBER_SUKOWIRYO,Desa,NDEZNET_DESAQ2
JEMBER_SUCOPANGEPOK,Desa,NDEZNET_DESAQ2
MADIUN_BLIMBING,Desa,NDEZNET_DESAQ2
MADIUN_TILENG,Desa,NDEZNET_DESAQ2
MADIUN_MENDAK,Desa,NDEZNET_DESAQ2
MADIUN_SEGULUNG,Desa,NDEZNET_DESAQ2
MADIUN_PADAS,Desa,NDEZNET_DESAQ2
MADIUN_NGRANGET,Desa,NDEZNET_DESAQ2
MADIUN_BANJARSARI WETAN,Desa,NDEZNET_DESAQ2
MADIUN_BODAG,Desa,NDEZNET_DESAQ2
MADIUN_KEPEL,Desa,NDEZNET_DESAQ2
MADIUN_CERMO,Desa,NDEZNET_DESAQ2
MADIUN_MORANG,Desa,NDEZNET_DESAQ2
MADIUN_BATOK,Desa,NDEZNET_DESAQ2
MADIUN_DURENAN,Desa,NDEZNET_DESAQ2
MADIUN_TAWANGREJO,Desa,NDEZNET_DESAQ2
MADIUN_PAJARAN,Desa,NDEZNET_DESAQ2
MADIUN_SUMBERBENDO,Desa,NDEZNET_DESAQ2
MADIUN_KLANGON,Desa,NDEZNET_DESAQ2
MADIUN_WONOAYU,Desa,NDEZNET_DESAQ2
MADIUN_LUWORO,Desa,NDEZNET_DESAQ2
MADIUN_SIDODADI,Desa,NDEZNET_DESAQ2
MADIUN_BULAKREJO,Desa,NDEZNET_DESAQ2
MADIUN_WARUREJO,Desa,NDEZNET_DESAQ2
MADIUN_SOGO,Desa,NDEZNET_DESAQ2
MADIUN_PACINAN,Desa,NDEZNET_DESAQ2
MADIUN_KLUMPIT,Desa,NDEZNET_DESAQ2
MAGETAN_GONGGANG,Desa,NDEZNET_DESAQ2
MAGETAN_SOMBO,Desa,NDEZNET_DESAQ2
MAGETAN_PLANGKRONGAN,Desa,NDEZNET_DESAQ2
MAGETAN_SAYUTAN,Desa,NDEZNET_DESAQ2
MAGETAN_NGLOPANG,Desa,NDEZNET_DESAQ2
MAGETAN_TROSONO,Desa,NDEZNET_DESAQ2
MAGETAN_DUYUNG,Desa,NDEZNET_DESAQ2
MAGETAN_SEMEN,Desa,NDEZNET_DESAQ2
MAGETAN_GIRIPURNO,Desa,NDEZNET_DESAQ2
MAGETAN_NGENTEP,Desa,NDEZNET_DESAQ2
MAGETAN_GARON,Desa,NDEZNET_DESAQ2
MAGETAN_POJOK,Desa,NDEZNET_DESAQ2
MAGETAN_MANGUNREJO,Desa,NDEZNET_DESAQ2
MAGETAN_JAMBANGAN,Desa,NDEZNET_DESAQ2
MAGETAN_BANJARPANJANG,Desa,NDEZNET_DESAQ2
MAGETAN_BEDAGUNG,Desa,NDEZNET_DESAQ2
MAGETAN_SOCO,Desa,NDEZNET_DESAQ2
MAGETAN_BULUGLEDEG,Desa,NDEZNET_DESAQ2
MAGETAN_DUWET,Desa,NDEZNET_DESAQ2
MAGETAN_KAUMAN,Desa,NDEZNET_DESAQ2
MAGETAN_SOBONTORO,Desa,NDEZNET_DESAQ2
MAGETAN_SUMURSONGO,Desa,NDEZNET_DESAQ2
MAGETAN_NGUMPUL,Desa,NDEZNET_DESAQ2
MAGETAN_KLURAHAN,Desa,NDEZNET_DESAQ2
MAGETAN_JAJAR,Desa,NDEZNET_DESAQ2
MAGETAN_BAYEMTAMAN,Desa,NDEZNET_DESAQ2
MAGETAN_BAYEMWETAN,Desa,NDEZNET_DESAQ2
NGAWI_WONOSARI,Desa,NDEZNET_DESAQ2
NGAWI_PANDANSARI,Desa,NDEZNET_DESAQ2
NGAWI_GIRIKERTO,Desa,NDEZNET_DESAQ2
NGAWI_HARGOSARI,Desa,NDEZNET_DESAQ2
NGAWI_POCOL,Desa,NDEZNET_DESAQ2
NGAWI_GENDOL,Desa,NDEZNET_DESAQ2
NGAWI_GIRIHARJO,Desa,NDEZNET_DESAQ2
NGAWI_UMBULREJO,Desa,NDEZNET_DESAQ2
NGAWI_JATEN,Desa,NDEZNET_DESAQ2
NGAWI_GIRIMULYO,Desa,NDEZNET_DESAQ2
NGAWI_PATALAN,Desa,NDEZNET_DESAQ2
NGAWI_PURWOSARI,Desa,NDEZNET_DESAQ2
NGAWI_DINDEN,Desa,NDEZNET_DESAQ2
NGAWI_SUMBER,Desa,NDEZNET_DESAQ2
NGAWI_POHKONYAL,Desa,NDEZNET_DESAQ2
NGAWI_PLESET,Desa,NDEZNET_DESAQ2
NGAWI_DANGUK,Desa,NDEZNET_DESAQ2
NGAWI_GEMPOL,Desa,NDEZNET_DESAQ2
NGAWI_RINGINANOM,Desa,NDEZNET_DESAQ2
NGAWI_PLOSOLOR,Desa,NDEZNET_DESAQ2
NGAWI_DAMPIT,Desa,NDEZNET_DESAQ2
NGAWI_SURUH,Desa,NDEZNET_DESAQ2
NGAWI_KENONGOREJO,Desa,NDEZNET_DESAQ2
NGAWI_TUNGKULREJO,Desa,NDEZNET_DESAQ2
NGAWI_KWADUNGAN LOR,Desa,NDEZNET_DESAQ2
NGAWI_JATIREJO,Desa,NDEZNET_DESAQ2
NGAWI_KYONTEN,Desa,NDEZNET_DESAQ2
NGAWI_GUNUNGSARI,Desa,NDEZNET_DESAQ2
NGAWI_KEREK,Desa,NDEZNET_DESAQ2
NGAWI_SIRIGAN,Desa,NDEZNET_DESAQ2
NGAWI_JEBLOGAN,Desa,NDEZNET_DESAQ2
NGAWI_BANGUNREJO LOR,Desa,NDEZNET_DESAQ2
NGAWI_KARANGGENENG,Desa,NDEZNET_DESAQ2
NGAWI_PAPUNGAN,Desa,NDEZNET_DESAQ2
NGAWI_CANTEL,Desa,NDEZNET_DESAQ2
NGAWI_KALANG,Desa,NDEZNET_DESAQ2
NGAWI_SEKARPUTIH,Desa,NDEZNET_DESAQ2
NGAWI_PAKAH,Desa,NDEZNET_DESAQ2
NGAWI_JATIMULYO,Desa,NDEZNET_DESAQ2
NGAWI_MENGGER,Desa,NDEZNET_DESAQ2
NGAWI_PANDEAN,Desa,NDEZNET_DESAQ2
NGAWI_KARANGANYAR,Desa,NDEZNET_DESAQ2
NGAWI_GEMBOL,Desa,NDEZNET_DESAQ2
PADANG PARIAMAN_SUNGAI BULUAH TIMUR,Desa,NDEZNET_DESAQ2
PADANG PARIAMAN_TOBOH GADANG BARAT,Desa,NDEZNET_DESAQ2
PADANG PARIAMAN_SEULAYAT ULAKAN,Desa,NDEZNET_DESAQ2
PADANG PARIAMAN_SANDI ULAKAN,Desa,NDEZNET_DESAQ2
PADANG PARIAMAN_TOBOH KETEK,Desa,NDEZNET_DESAQ2
PADANG PARIAMAN_LAREH NAN PANJANG SELATAN,Desa,NDEZNET_DESAQ2
PADANG PARIAMAN_LAREH NAN PANJANG BARAT,Desa,NDEZNET_DESAQ2
PADANG PARIAMAN_AMBUANG KAPUA SUNGAI SARIAK,Desa,NDEZNET_DESAQ2
PADANG PARIAMAN_TANDIKEK UTARA,Desa,NDEZNET_DESAQ2
PADANG PARIAMAN_TANDIKEK BARAT,Desa,NDEZNET_DESAQ2
PADANG PARIAMAN_KOTO DALAM,Desa,NDEZNET_DESAQ2
PADANG PARIAMAN_KOTO BARU,Desa,NDEZNET_DESAQ2
PADANG PARIAMAN_KOTO DALAM BARAT,Desa,NDEZNET_DESAQ2
PADANG PARIAMAN_KOTO DALAM SELATAN,Desa,NDEZNET_DESAQ2
PADANG PARIAMAN_SIKUCUA,Desa,NDEZNET_DESAQ2
PADANG PARIAMAN_CAMPAGO BARAT,Desa,NDEZNET_DESAQ2
PADANG PARIAMAN_SIKUCUA TENGAH,Desa,NDEZNET_DESAQ2
PADANG PARIAMAN_SIKUCUA BARAT,Desa,NDEZNET_DESAQ2
PADANG PARIAMAN_SIKUCUA UTARA,Desa,NDEZNET_DESAQ2
PADANG PARIAMAN_SIKUCUA TIMUR,Desa,NDEZNET_DESAQ2
PADANG PARIAMAN_GUNUNG PADANG ALAI,Desa,NDEZNET_DESAQ2
PADANG PARIAMAN_KUDU GANTIANG BARAT,Desa,NDEZNET_DESAQ2
PADANG PARIAMAN_GUGUAK KURANJI HILIR,Desa,NDEZNET_DESAQ2
PADANG PARIAMAN_MALAI V SUKU,Desa,NDEZNET_DESAQ2
PADANG PARIAMAN_MALAI V SUKU TIMUR,Desa,NDEZNET_DESAQ2
PADANG PARIAMAN_BATU GADANG KURANJI HULU,Desa,NDEZNET_DESAQ2
PADANG PARIAMAN_SUNGAI SIRAH KURANJI HULU,Desa,NDEZNET_DESAQ2
PADANG PARIAMAN_III KOTO AUR MALINTANG TIMUR,Desa,NDEZNET_DESAQ2
KOTA PARIAMAN_MARABAU,Desa,NDEZNET_DESAQ2
KOTA PARIAMAN_SUNGAI KASAI,Desa,NDEZNET_DESAQ2
KOTA PARIAMAN_TANJUNG SABAR,Desa,NDEZNET_DESAQ2
KOTA PARIAMAN_CUBADAK AIR,Desa,NDEZNET_DESAQ2
KOTA PARIAMAN_CUBADAK AIR SELATAN,Desa,NDEZNET_DESAQ2
KOTA PARIAMAN_TUNGKAL SELATAN,Desa,NDEZNET_DESAQ2
KOTA PARIAMAN_SUNGAI RAMBAI,Desa,NDEZNET_DESAQ2
LAMPUNG SELATAN_REJOSARI,Desa,NDEZNET_DESAQ2
LAMPUNG SELATAN_PANCASILA,Desa,NDEZNET_DESAQ2
LAMPUNG SELATAN_PURWOSARI,Desa,NDEZNET_DESAQ2
LAMPUNG SELATAN_RULUNG RAYA,Desa,NDEZNET_DESAQ2
LAMPUNG SELATAN_RULUNG HELOK,Desa,NDEZNET_DESAQ2
LAMPUNG SELATAN_RULUNG MULYA,Desa,NDEZNET_DESAQ2
LAMPUNG SELATAN_RULUNG SARI,Desa,NDEZNET_DESAQ2
LAMPUNG SELATAN_GEDUNG AGUNG,Desa,NDEZNET_DESAQ2
LAMPUNG SELATAN_SIDODADI ASRI,Desa,NDEZNET_DESAQ2
LAMPUNG SELATAN_PURWOTANI,Desa,NDEZNET_DESAQ2
LAMPUNG SELATAN_SUMBER JAYA,Desa,NDEZNET_DESAQ2
LAMPUNG SELATAN_MARGODADI,Desa,NDEZNET_DESAQ2
LAMPUNG SELATAN_MARGO LESTARI,Desa,NDEZNET_DESAQ2
LAMPUNG SELATAN_MARGA KAYA,Desa,NDEZNET_DESAQ2
LAMPUNG SELATAN_SINAR REJEKI,Desa,NDEZNET_DESAQ2
LAMPUNG SELATAN_KARANG REJO,Desa,NDEZNET_DESAQ2
LAMPUNG SELATAN_GALIH LUNIK,Desa,NDEZNET_DESAQ2
LAMPUNG SELATAN_SINAR OGAN,Desa,NDEZNET_DESAQ2
LAMPUNG SELATAN_BUDI LESTARI,Desa,NDEZNET_DESAQ2
LAMPUNG SELATAN_TRIMULYO,Desa,NDEZNET_DESAQ2
LAMPUNG SELATAN_SRI KATON,Desa,NDEZNET_DESAQ2
LAMPUNG SELATAN_SIDOMUKTI,Desa,NDEZNET_DESAQ2
LAMPUNG SELATAN_WAWASAN,Desa,NDEZNET_DESAQ2
LAMPUNG SELATAN_BANGUN SARI,Desa,NDEZNET_DESAQ2
LAMPUNG SELATAN_MULYOSARI,Desa,NDEZNET_DESAQ2
LAMPUNG SELATAN_KERTOSARI,Desa,NDEZNET_DESAQ2
LAMPUNG SELATAN_WONODADI,Desa,NDEZNET_DESAQ2
LAMPUNG SELATAN_MALANGSARI,Desa,NDEZNET_DESAQ2
LAMPUNG SELATAN_KARYA TUNGGAL,Desa,NDEZNET_DESAQ2
LAMPUNG SELATAN_TANJUNG RATU,Desa,NDEZNET_DESAQ2
LAMPUNG SELATAN_BARU RANJI,Desa,NDEZNET_DESAQ2
LAMPUNG SELATAN_PANCA TUNGGAL,Desa,NDEZNET_DESAQ2
LAMPUNG SELATAN_TALANG JAWA,Desa,NDEZNET_DESAQ2
LAMPUNG SELATAN_LEBUNG SARI,Desa,NDEZNET_DESAQ2
LAMPUNG SELATAN_PUJI RAHAYU,Desa,NDEZNET_DESAQ2
LAMPUNG SELATAN_BATU AGUNG,Desa,NDEZNET_DESAQ2
LAMPUNG SELATAN_SINAR KARYA,Desa,NDEZNET_DESAQ2
LAMPUNG SELATAN_TANJUNG HARAPAN,Desa,NDEZNET_DESAQ2
LAMPUNG SELATAN_KARANG JAYA,Desa,NDEZNET_DESAQ2
LAMPUNG SELATAN_PAMULIHAN,Desa,NDEZNET_DESAQ2
LAMPUNG SELATAN_PURWODADI,Desa,NDEZNET_DESAQ2
LAMPUNG SELATAN_BANJARSARI,Desa,NDEZNET_DESAQ2
LAMPUNG SELATAN_KARANG PUCUNG,Desa,NDEZNET_DESAQ2
LAMPUNG SELATAN_TALANG WAY SULAN,Desa,NDEZNET_DESAQ2
LAMPUNG SELATAN_SUMBER AGUNG,Desa,NDEZNET_DESAQ2
LAMPUNG SELATAN_MEKAR SARI,Desa,NDEZNET_DESAQ2
LAMPUNG SELATAN_SUKAMARGA,Desa,NDEZNET_DESAQ2
LAMPUNG SELATAN_SUKA BANJAR,Desa,NDEZNET_DESAQ2
LAMPUNG SELATAN_BANJAR SURI,Desa,NDEZNET_DESAQ2
LAMPUNG SELATAN_RANTAU MINYAK,Desa,NDEZNET_DESAQ2
LAMPUNG SELATAN_WAY GELAM,Desa,NDEZNET_DESAQ2
LAMPUNG SELATAN_BUMI JAYA,Desa,NDEZNET_DESAQ2
LAMPUNG SELATAN_SINAR PASEMAH,Desa,NDEZNET_DESAQ2
LAMPUNG SELATAN_CINTA MULYA,Desa,NDEZNET_DESAQ2
LAMPUNG SELATAN_SINAR PALEMBANG,Desa,NDEZNET_DESAQ2
LAMPUNG SELATAN_KARYA MULYA SARI,Desa,NDEZNET_DESAQ2
LAMPUNG SELATAN_BATULIMAN INDAH,Desa,NDEZNET_DESAQ2
LAMPUNG SELATAN_SUMUR KUMBANG,Desa,NDEZNET_DESAQ2
LAMPUNG SELATAN_MARGACATUR,Desa,NDEZNET_DESAQ2
LAMPUNG SELATAN_BULOK,Desa,NDEZNET_DESAQ2
LAMPUNG SELATAN_TEJANG PULAU SEBESI,Desa,NDEZNET_DESAQ2
LAMPUNG SELATAN_HARGO PANCURAN,Desa,NDEZNET_DESAQ2
LAMPUNG SELATAN_KERINJING,Desa,NDEZNET_DESAQ2
LAMPUNG SELATAN_CUGUNG,Desa,NDEZNET_DESAQ2
LAMPUNG SELATAN_BATU BALAK,Desa,NDEZNET_DESAQ2
LAMPUNG SELATAN_KUNJIR,Desa,NDEZNET_DESAQ2
LAMPUNG SELATAN_WAY MULI,Desa,NDEZNET_DESAQ2
LAMPUNG SELATAN_RAJABASA,Desa,NDEZNET_DESAQ2
LAMPUNG SELATAN_BANDING,Desa,NDEZNET_DESAQ2
LAMPUNG SELATAN_CANTI,Desa,NDEZNET_DESAQ2
LAMPUNG SELATAN_WAI MULI TIMUR,Desa,NDEZNET_DESAQ2
LAMPUNG SELATAN_PULAU TENGAH,Desa,NDEZNET_DESAQ2
LAMPUNG SELATAN_BALI AGUNG,Desa,NDEZNET_DESAQ2
LAMPUNG SELATAN_BUMI DAYA,Desa,NDEZNET_DESAQ2
LAMPUNG SELATAN_BUMI RESTU,Desa,NDEZNET_DESAQ2
LAMPUNG SELATAN_TANJUNG JAYA,Desa,NDEZNET_DESAQ2
LAMPUNG SELATAN_BUMI ASIH,Desa,NDEZNET_DESAQ2
LAMPUNG SELATAN_MEKAR MULYA,Desa,NDEZNET_DESAQ2
LAMPUNG SELATAN_PEMATANG BARU,Desa,NDEZNET_DESAQ2
LAMPUNG SELATAN_KALIREJO,Desa,NDEZNET_DESAQ2
LAMPUNG SELATAN_BUMI ASRI,Desa,NDEZNET_DESAQ2
LAMPUNG SELATAN_PULAU JAYA,Desa,NDEZNET_DESAQ2
LAMPUNG SELATAN_SUMBER SARI,Desa,NDEZNET_DESAQ2
LAMPUNG SELATAN_MARGA JASA,Desa,NDEZNET_DESAQ2
LAMPUNG SELATAN_KEDAUNG,Desa,NDEZNET_DESAQ2
LAMPUNG SELATAN_BANDAR AGUNG,Desa,NDEZNET_DESAQ2
LAMPUNG SELATAN_MARGASARI,Desa,NDEZNET_DESAQ2
LAMPUNG SELATAN_TANJUNG HERAN,Desa,NDEZNET_DESAQ2
LAMPUNG SELATAN_WAY KALAM,Desa,NDEZNET_DESAQ2
LAMPUNG SELATAN_PADAN,Desa,NDEZNET_DESAQ2
LAMPUNG SELATAN_RAWI,Desa,NDEZNET_DESAQ2
LAMPUNG SELATAN_GANDRI,Desa,NDEZNET_DESAQ2
LAMPUNG SELATAN_RUGUK,Desa,NDEZNET_DESAQ2
LAMPUNG SELATAN_TRI DHARMA YOGA,Desa,NDEZNET_DESAQ2
LAMPUNG SELATAN_LEGUNDI,Desa,NDEZNET_DESAQ2
LAMPUNG SELATAN_BANGUNREJO,Desa,NDEZNET_DESAQ2
LAMPUNG SELATAN_SUMBER NADI,Desa,NDEZNET_DESAQ2
LAMPUNG SELATAN_KEMUKUS,Desa,NDEZNET_DESAQ2
LAMPUNG SELATAN_LEBUNG NALA,Desa,NDEZNET_DESAQ2
LAMPUNG SELATAN_SIDOASIH,Desa,NDEZNET_DESAQ2
LAMPUNG SELATAN_PEMATANG PASIR,Desa,NDEZNET_DESAQ2
LAMPUNG SELATAN_BERUNDUNG,Desa,NDEZNET_DESAQ2
LAMPUNG SELATAN_WAI SIDOMUKTI,Desa,NDEZNET_DESAQ2
LAMPUNG SELATAN_TOTO HARJO,Desa,NDEZNET_DESAQ2
LAMPUNG SELATAN_HATTA,Desa,NDEZNET_DESAQ2
LAMPUNG SELATAN_SEMANAK,Desa,NDEZNET_DESAQ2
MAGETAN_MRAHU,Desa,NDEZNET_DESAQ2
MAGETAN_GUNUNGAN,Desa,NDEZNET_DESAQ2
MAGETAN_NGELANG,Desa,NDEZNET_DESAQ2
MAGETAN_KARTOHARJO,Desa,NDEZNET_DESAQ2
MAGETAN_JONGGRANG,Desa,NDEZNET_DESAQ2
MAGETAN_KEL. MANGGE,Desa,NDEZNET_DESAQ2
MAGETAN_BLARAN,Desa,NDEZNET_DESAQ2
MAGETAN_KEL. TEBON,Desa,NDEZNET_DESAQ2
MAGETAN_BOGOREJO,Desa,NDEZNET_DESAQ2
MAGETAN_TEMBORO,Desa,NDEZNET_DESAQ2
MAGETAN_BOTOK,Desa,NDEZNET_DESAQ2
MAGETAN_MARON,Desa,NDEZNET_DESAQ2
MAGETAN_GRABAHAN,Desa,NDEZNET_DESAQ2
MAGETAN_PRAMPELAN,Desa,NDEZNET_DESAQ2
MAGETAN_PELEM,Desa,NDEZNET_DESAQ2
MAGETAN_KEL. MANISREJO,Desa,NDEZNET_DESAQ2
MAGETAN_GONDANG,Desa,NDEZNET_DESAQ2
MAGETAN_MANTREN,Desa,NDEZNET_DESAQ2
MAGETAN_KEL. MRANGGEN,Desa,NDEZNET_DESAQ2
MAGETAN_KEL. KRATON,Desa,NDEZNET_DESAQ2
MAGETAN_SUMBEREJO,Desa,NDEZNET_DESAQ2
MAGETAN_NGUJUNG,Desa,NDEZNET_DESAQ2
MAGETAN_RONOWIJAYAN,Desa,NDEZNET_DESAQ2
MAGETAN_SURATMAJAN,Desa,NDEZNET_DESAQ2
MAGETAN_PANDEYAN,Desa,NDEZNET_DESAQ2
MAGETAN_KEL. MAOSPATI,Desa,NDEZNET_DESAQ2
MAGETAN_MALANG,Desa,NDEZNET_DESAQ2
MAGETAN_GULUN,Desa,NDEZNET_DESAQ2
MAGETAN_TANJUNGSEPREH,Desa,NDEZNET_DESAQ2
MAGETAN_TEGALARUM,Desa,NDEZNET_DESAQ2
MAGETAN_BELOTAN,Desa,NDEZNET_DESAQ2
MAGETAN_KENTANGAN,Desa,NDEZNET_DESAQ2
MAGETAN_KEDUNGGUWO,Desa,NDEZNET_DESAQ2
MAGETAN_POJOKSARI,Desa,NDEZNET_DESAQ2
MAGETAN_BULU,Desa,NDEZNET_DESAQ2
MAGETAN_SUKOMORO,Desa,NDEZNET_DESAQ2
MAGETAN_TAMANAN,Desa,NDEZNET_DESAQ2
MAGETAN_KALANGKETI,Desa,NDEZNET_DESAQ2
MAGETAN_TANJUNGSARI,Desa,NDEZNET_DESAQ2
MAGETAN_CEPOKO,Desa,NDEZNET_DESAQ2
MAGETAN_SUMBERSAWIT,Desa,NDEZNET_DESAQ2
MAGETAN_WIDOROKANDANG,Desa,NDEZNET_DESAQ2
MAGETAN_SIDOREJO,Desa,NDEZNET_DESAQ2
MAGETAN_GETASANYAR,Desa,NDEZNET_DESAQ2
MAGETAN_SENDANGAGUNG,Desa,NDEZNET_DESAQ2
MAGETAN_KEL. PLAOSAN,Desa,NDEZNET_DESAQ2
MAGETAN_SUMBERDUKUN,Desa,NDEZNET_DESAQ2
MAGETAN_BARON,Desa,NDEZNET_DESAQ2
MAGETAN_KEL. TAWANGANOM,Desa,NDEZNET_DESAQ2
MAGETAN_KEL. KEPOLOREJO,Desa,NDEZNET_DESAQ2
MAGETAN_KEL. KEBONAGUNG,Desa,NDEZNET_DESAQ2
MAGETAN_KEL. TAMBRAN,Desa,NDEZNET_DESAQ2
MAGETAN_KEL. MANGKUJAYAN,Desa,NDEZNET_DESAQ2
MAGETAN_KEL. BULUKERTO,Desa,NDEZNET_DESAQ2
MAGETAN_KEL. MAGETAN,Desa,NDEZNET_DESAQ2
MAGETAN_KEL. SELOSARI,Desa,NDEZNET_DESAQ2
MAGETAN_RINGINAGUNG,Desa,NDEZNET_DESAQ2
MAGETAN_KEL. SAMPUNG,Desa,NDEZNET_DESAQ2
MAGETAN_KEL. KAWEDANAN,Desa,NDEZNET_DESAQ2
MAGETAN_TULUNG,Desa,NDEZNET_DESAQ2
MAGETAN_TLADAN,Desa,NDEZNET_DESAQ2
MAGETAN_PURWOREJO,Desa,NDEZNET_DESAQ2
MAGETAN_SIMBATAN,Desa,NDEZNET_DESAQ2
MAGETAN_DRIYOREJO,Desa,NDEZNET_DESAQ2
MAGETAN_KERANG,Desa,NDEZNET_DESAQ2
MAGETAN_WADUK,Desa,NDEZNET_DESAQ2
MAGETAN_KEPUHREJO,Desa,NDEZNET_DESAQ2
MAGETAN_KUWONHARJO,Desa,NDEZNET_DESAQ2
MAGETAN_KEL. TAKERAN,Desa,NDEZNET_DESAQ2
MAGETAN_SAWOJAJAR,Desa,NDEZNET_DESAQ2
MAGETAN_TAWANGREJO,Desa,NDEZNET_DESAQ2
MAGETAN_KROWE,Desa,NDEZNET_DESAQ2
MAGETAN_NGAGLIK,Desa,NDEZNET_DESAQ2
MAGETAN_BUNGKUK,Desa,NDEZNET_DESAQ2
MAGETAN_GENILANGIT,Desa,NDEZNET_DESAQ2
MAGETAN_KEL. ALASTUWO,Desa,NDEZNET_DESAQ2
MADIUN_BIBRIK,Desa,NDEZNET_DESAQ2
MADIUN_WAYUT,Desa,NDEZNET_DESAQ2
MADIUN_GROBOGAN,Desa,NDEZNET_DESAQ2
MADIUN_KWANGSEN,Desa,NDEZNET_DESAQ2
MADIUN_KINCANG WETAN,Desa,NDEZNET_DESAQ2
MADIUN_SUKOLILO,Desa,NDEZNET_DESAQ2
MADIUN_SAMBIREJO,Desa,NDEZNET_DESAQ2
MADIUN_GOLAN,Desa,NDEZNET_DESAQ2
MADIUN_KROKEH,Desa,NDEZNET_DESAQ2
MADIUN_BAKUR,Desa,NDEZNET_DESAQ2
MADIUN_KANUNG,Desa,NDEZNET_DESAQ2
MADIUN_BAGI,Desa,NDEZNET_DESAQ2
MADIUN_KEL. NGLAMES,Desa,NDEZNET_DESAQ2
MADIUN_BANJARSARI,Desa,NDEZNET_DESAQ2
MADIUN_SIRAPAN,Desa,NDEZNET_DESAQ2
MADIUN_BETEK,Desa,NDEZNET_DESAQ2
MADIUN_KEDUNGJATI,Desa,NDEZNET_DESAQ2
MADIUN_BABADAN LOR,Desa,NDEZNET_DESAQ2
MADIUN_TAPELAN,Desa,NDEZNET_DESAQ2
MADIUN_GADING,Desa,NDEZNET_DESAQ2
MADIUN_PURWOSARI,Desa,NDEZNET_DESAQ2
MADIUN_KLITIK,Desa,NDEZNET_DESAQ2
MADIUN_BANCONG,Desa,NDEZNET_DESAQ2
MADIUN_PLUMPUNGREJO,Desa,NDEZNET_DESAQ2
MADIUN_BANYUKAMBANG,Desa,NDEZNET_DESAQ2
MADIUN_KEL. BANGUNSARI,Desa,NDEZNET_DESAQ2
MADIUN_KEL. KRAJAN,Desa,NDEZNET_DESAQ2
MADIUN_DARMOREJO,Desa,NDEZNET_DESAQ2
MADIUN_WONOREJO,Desa,NDEZNET_DESAQ2
MADIUN_NGENGOR,Desa,NDEZNET_DESAQ2
MADIUN_KEDUNGBANTENG,Desa,NDEZNET_DESAQ2
MADIUN_MUNENG,Desa,NDEZNET_DESAQ2
MADIUN_PILANGKENCENG,Desa,NDEZNET_DESAQ2
MADIUN_BANDUNGAN,Desa,NDEZNET_DESAQ2
MADIUN_NAMPU,Desa,NDEZNET_DESAQ2
MADIUN_NGLAMBANGAN,Desa,NDEZNET_DESAQ2
MADIUN_NGLANDUK,Desa,NDEZNET_DESAQ2
MADIUN_TEMPURSARI,Desa,NDEZNET_DESAQ2
MADIUN_MOJORAYUNG,Desa,NDEZNET_DESAQ2
MADIUN_KRESEK,Desa,NDEZNET_DESAQ2
MADIUN_KEL. MUNGGUT,Desa,NDEZNET_DESAQ2
MADIUN_SUKOSARI,Desa,NDEZNET_DESAQ2
MADIUN_SEWULAN,Desa,NDEZNET_DESAQ2
MADIUN_BANJARSARI KULON,Desa,NDEZNET_DESAQ2
MADIUN_MRUWAK,Desa,NDEZNET_DESAQ2
MADIUN_JETIS,Desa,NDEZNET_DESAQ2
MADIUN_JOHO,Desa,NDEZNET_DESAQ2
MADIUN_DOLOPO,Desa,NDEZNET_DESAQ2
MADIUN_CANDIMULYO,Desa,NDEZNET_DESAQ2
MADIUN_KEL. MLILIR,Desa,NDEZNET_DESAQ2
MADIUN_KRANGGAN,Desa,NDEZNET_DESAQ2
MADIUN_KAIBON,Desa,NDEZNET_DESAQ2
MADIUN_KERTOSARI,Desa,NDEZNET_DESAQ2
MADIUN_SANGEN,Desa,NDEZNET_DESAQ2
MADIUN_PUTAT,Desa,NDEZNET_DESAQ2
MADIUN_JOGODAYUH,Desa,NDEZNET_DESAQ2
MADIUN_PAGOTAN,Desa,NDEZNET_DESAQ2
MADIUN_KLOROGAN,Desa,NDEZNET_DESAQ2
MADIUN_KRANDEGAN,Desa,NDEZNET_DESAQ2
MADIUN_PUCANGANOM,Desa,NDEZNET_DESAQ2
JEMBER_KEL. JEMBERLOR,Desa,NDEZNET_DESAQ2
JEMBER_KEL. GEBANG,Desa,NDEZNET_DESAQ2
JEMBER_KEL. SUMBERSARI,Desa,NDEZNET_DESAQ2
JEMBER_KEL. KEBONSARI,Desa,NDEZNET_DESAQ2
JEMBER_KEL. KEBONAGUNG,Desa,NDEZNET_DESAQ2
JEMBER_KEL. KALIWATES,Desa,NDEZNET_DESAQ2
JEMBER_KEL. SEMPUSARI,Desa,NDEZNET_DESAQ2
JEMBER_SUKOWONO,Desa,NDEZNET_DESAQ2
JEMBER_KALISAT,Desa,NDEZNET_DESAQ2
JEMBER_BITING,Desa,NDEZNET_DESAQ2
JEMBER_PANTI,Desa,NDEZNET_DESAQ2
JEMBER_BANGSALSARI,Desa,NDEZNET_DESAQ2
JEMBER_PETUNG,Desa,NDEZNET_DESAQ2
JEMBER_KARANGSONO,Desa,NDEZNET_DESAQ2
JEMBER_KETING,Desa,NDEZNET_DESAQ2
JEMBER_SEMBORO,Desa,NDEZNET_DESAQ2
JEMBER_REJOAGUNG,Desa,NDEZNET_DESAQ2
JEMBER_SIDOREJO,Desa,NDEZNET_DESAQ2
JEMBER_BALUNGKIDUL,Desa,NDEZNET_DESAQ2
JEMBER_TUTUL,Desa,NDEZNET_DESAQ2
JEMBER_RAMBIPUJI,Desa,NDEZNET_DESAQ2
JEMBER_PECORO,Desa,NDEZNET_DESAQ2
JEMBER_PANCAKARYA,Desa,NDEZNET_DESAQ2
JEMBER_MAYANG,Desa,NDEZNET_DESAQ2
JEMBER_TEGALREJO,Desa,NDEZNET_DESAQ2
JEMBER_KARANGHARJO,Desa,NDEZNET_DESAQ2
JEMBER_TEGALSARI,Desa,NDEZNET_DESAQ2
JEMBER_KARANGANYAR,Desa,NDEZNET_DESAQ2
JEMBER_AMBULU,Desa,NDEZNET_DESAQ2
JEMBER_DUKUHDEMPOK,Desa,NDEZNET_DESAQ2
JEMBER_LOJEJER,Desa,NDEZNET_DESAQ2
JEMBER_KASIYAN TIMUR,Desa,NDEZNET_DESAQ2
JEMBER_GRENDEN,Desa,NDEZNET_DESAQ2
JEMBER_MENAMPU,Desa,NDEZNET_DESAQ2
JEMBER_KRATON,Desa,NDEZNET_DESAQ2
TRENGGALEK_DERMOSARI,Desa,NDEZNET_DESAQ2
TRENGGALEK_JAMBU,Desa,NDEZNET_DESAQ2
TRENGGALEK_NGLONGSOR,Desa,NDEZNET_DESAQ2
TRENGGALEK_GONDANG,Desa,NDEZNET_DESAQ2
TRENGGALEK_TUMPUK,Desa,NDEZNET_DESAQ2
TRENGGALEK_NGEPEH,Desa,NDEZNET_DESAQ2
TRENGGALEK_SUKOSARI,Desa,NDEZNET_DESAQ2
TRENGGALEK_NGARES,Desa,NDEZNET_DESAQ2
TRENGGALEK_PARAKAN,Desa,NDEZNET_DESAQ2
TRENGGALEK_REJOWINANGUN,Desa,NDEZNET_DESAQ2
TRENGGALEK_KEL. SURODAKAN,Desa,NDEZNET_DESAQ2
TRENGGALEK_KEL. TAMANAN,Desa,NDEZNET_DESAQ2
TRENGGALEK_KEL. KELUTAN,Desa,NDEZNET_DESAQ2
TRENGGALEK_SAMBIREJO,Desa,NDEZNET_DESAQ2
TRENGGALEK_KARANGSOKO,Desa,NDEZNET_DESAQ2
TRENGGALEK_POGALAN,Desa,NDEZNET_DESAQ2
TRENGGALEK_NGADIRENGGO,Desa,NDEZNET_DESAQ2
TRENGGALEK_NGETAL,Desa,NDEZNET_DESAQ2
TRENGGALEK_BENDOREJO,Desa,NDEZNET_DESAQ2
TRENGGALEK_KEDUNGLURAH,Desa,NDEZNET_DESAQ2
TRENGGALEK_KENDALREJO,Desa,NDEZNET_DESAQ2
TRENGGALEK_PAKIS,Desa,NDEZNET_DESAQ2
TRENGGALEK_SUMBERGAYAM,Desa,NDEZNET_DESAQ2
TRENGGALEK_KARANGANOM,Desa,NDEZNET_DESAQ2
TRENGGALEK_MALASAN,Desa,NDEZNET_DESAQ2
TRENGGALEK_PANGGUNGSARI,Desa,NDEZNET_DESAQ2
TRENGGALEK_SUKORAME,Desa,NDEZNET_DESAQ2
TRENGGALEK_KRANDEGAN,Desa,NDEZNET_DESAQ2
TRENGGALEK_WONOANTI,Desa,NDEZNET_DESAQ2
TRENGGALEK_SURUH,Desa,NDEZNET_DESAQ2
TRENGGALEK_SALAMREJO,Desa,NDEZNET_DESAQ2
TRENGGALEK_KERJO,Desa,NDEZNET_DESAQ2
TRENGGALEK_KARANGAN,Desa,NDEZNET_DESAQ2
TRENGGALEK_KEDUNGSIGIT,Desa,NDEZNET_DESAQ2
TRENGGALEK_SUMBERINGIN,Desa,NDEZNET_DESAQ2
TRENGGALEK_PULE,Desa,NDEZNET_DESAQ2
TRENGGALEK_SUMBERBENING,Desa,NDEZNET_DESAQ2
TRENGGALEK_SENDEN,Desa,NDEZNET_DESAQ2
TRENGGALEK_WATULIMO,Desa,NDEZNET_DESAQ2
TRENGGALEK_NGRENCAK,Desa,NDEZNET_DESAQ2
PONOROGO_NGROGUNG,Desa,NDEZNET_DESAQ2
PONOROGO_NGRUPIT,Desa,NDEZNET_DESAQ2
PONOROGO_PURWOSARI,Desa,NDEZNET_DESAQ2
PONOROGO_PONDOK,Desa,NDEZNET_DESAQ2
PONOROGO_JAPAN,Desa,NDEZNET_DESAQ2
PONOROGO_KEL. KADIPATEN,Desa,NDEZNET_DESAQ2
PONOROGO_KEL. PATIHAN WETAN,Desa,NDEZNET_DESAQ2
PONOROGO_KEL. KERTOSARI,Desa,NDEZNET_DESAQ2
PONOROGO_KEL. KENITEN,Desa,NDEZNET_DESAQ2
PONOROGO_KEL. NOLOGATEN,Desa,NDEZNET_DESAQ2
PONOROGO_KEL. BANYUDONO,Desa,NDEZNET_DESAQ2
PONOROGO_KEL. MANGKUJAYAN,Desa,NDEZNET_DESAQ2
PONOROGO_KEL. PINGGIRSARI,Desa,NDEZNET_DESAQ2
PONOROGO_KEL. TAMANARUM,Desa,NDEZNET_DESAQ2
PONOROGO_KEL. BANGUNSARI,Desa,NDEZNET_DESAQ2
PONOROGO_KEL. TONATAN,Desa,NDEZNET_DESAQ2
PONOROGO_KEL. PURBOSUMAN,Desa,NDEZNET_DESAQ2
PONOROGO_KEL. SURODIKRAMAN,Desa,NDEZNET_DESAQ2
PONOROGO_KEL. PAKUNDEN,Desa,NDEZNET_DESAQ2
PONOROGO_KRANGGAN,Desa,NDEZNET_DESAQ2
PONOROGO_GOLAN,Desa,NDEZNET_DESAQ2
PONOROGO_NAMBANGREJO,Desa,NDEZNET_DESAQ2
PONOROGO_MOROSARI,Desa,NDEZNET_DESAQ2
PONOROGO_BRINGINAN,Desa,NDEZNET_DESAQ2
PONOROGO_KAUMAN,Desa,NDEZNET_DESAQ2
PONOROGO_MARON,Desa,NDEZNET_DESAQ2
PONOROGO_BRINGIN,Desa,NDEZNET_DESAQ2
PONOROGO_BALONG,Desa,NDEZNET_DESAQ2
PONOROGO_BAJANG,Desa,NDEZNET_DESAQ2
PONOROGO_KARANGGEBANG,Desa,NDEZNET_DESAQ2
PONOROGO_MOJOREJO,Desa,NDEZNET_DESAQ2
PONOROGO_COPER,Desa,NDEZNET_DESAQ2
PONOROGO_MOJOMATI,Desa,NDEZNET_DESAQ2
PONOROGO_KUTU KULON,Desa,NDEZNET_DESAQ2
PONOROGO_KEL. MANGUNSUMAN,Desa,NDEZNET_DESAQ2
PONOROGO_TAJUG,Desa,NDEZNET_DESAQ2
PONOROGO_SIMAN,Desa,NDEZNET_DESAQ2
PONOROGO_TRANJANG,Desa,NDEZNET_DESAQ2
PONOROGO_KEPUHRUBUH,Desa,NDEZNET_DESAQ2
PONOROGO_SEKARAN,Desa,NDEZNET_DESAQ2
PONOROGO_DEMANGAN,Desa,NDEZNET_DESAQ2
PONOROGO_JABUNG,Desa,NDEZNET_DESAQ2
PONOROGO_GANDU,Desa,NDEZNET_DESAQ2
PONOROGO_GONTOR,Desa,NDEZNET_DESAQ2
PONOROGO_SIWALAN,Desa,NDEZNET_DESAQ2
PONOROGO_NGRUKEM,Desa,NDEZNET_DESAQ2
PONOROGO_KESUGIHAN,Desa,NDEZNET_DESAQ2
PONOROGO_POMAHAN,Desa,NDEZNET_DESAQ2
PONOROGO_WOTAN,Desa,NDEZNET_DESAQ2
PONOROGO_SINGGAHAN,Desa,NDEZNET_DESAQ2
PONOROGO_SURU,Desa,NDEZNET_DESAQ2
PONOROGO_BANGSALAN,Desa,NDEZNET_DESAQ2
PONOROGO_SAMBIT,Desa,NDEZNET_DESAQ2
PONOROGO_BULU,Desa,NDEZNET_DESAQ2
PONOROGO_CAMPUREJO,Desa,NDEZNET_DESAQ2
PONOROGO_BANCANGAN,Desa,NDEZNET_DESAQ2
PONOROGO_BEDIWETAN,Desa,NDEZNET_DESAQ2
PONOROGO_KUPUK,Desa,NDEZNET_DESAQ2
PONOROGO_BANCAR,Desa,NDEZNET_DESAQ2
PONOROGO_BUNGKAL,Desa,NDEZNET_DESAQ2
PONOROGO_PELEM,Desa,NDEZNET_DESAQ2
PONOROGO_MOJOPITU,Desa,NDEZNET_DESAQ2
PONOROGO_JEBENG,Desa,NDEZNET_DESAQ2
PACITAN_BODAG,Desa,NDEZNET_DESAQ2
PACITAN_NGADIROJO,Desa,NDEZNET_DESAQ2
PACITAN_WIYORO,Desa,NDEZNET_DESAQ2
PACITAN_PAGEREJO,Desa,NDEZNET_DESAQ2
PACITAN_TANJUNGPURO,Desa,NDEZNET_DESAQ2
PACITAN_WONOANTI,Desa,NDEZNET_DESAQ2
PACITAN_PENGGUNG,Desa,NDEZNET_DESAQ2
PACITAN_JATIMALANG,Desa,NDEZNET_DESAQ2
PACITAN_GEMBONG,Desa,NDEZNET_DESAQ2
PACITAN_TREMAS,Desa,NDEZNET_DESAQ2
PACITAN_SEDAYU,Desa,NDEZNET_DESAQ2
PACITAN_BANJARJO,Desa,NDEZNET_DESAQ2
PACITAN_PURWOASRI,Desa,NDEZNET_DESAQ2
PACITAN_NANGGUNGAN,Desa,NDEZNET_DESAQ2
PACITAN_MENADI,Desa,NDEZNET_DESAQ2
PACITAN_TANJUNGSARI,Desa,NDEZNET_DESAQ2
PACITAN_KEL. PACITAN,Desa,NDEZNET_DESAQ2
PACITAN_KEL. PUCANGSEWU,Desa,NDEZNET_DESAQ2
PACITAN_KEL. BALEHARJO,Desa,NDEZNET_DESAQ2
PACITAN_ARJOWINANGUN,Desa,NDEZNET_DESAQ2
PACITAN_KEL. PLOSO,Desa,NDEZNET_DESAQ2
PACITAN_PRINGKUKU,Desa,NDEZNET_DESAQ2
PACITAN_PITON,Desa,NDEZNET_DESAQ2
KOTA BANDAR LAMPUNG_KEL. PERUMNAS WAY HALIM,Desa,NDEZNET_DESAQ2
KOTA BANDAR LAMPUNG_KEL. WAY HALIM PERMAI,Desa,NDEZNET_DESAQ2
KOTA BANDAR LAMPUNG_KEL. GUNUNGSULAH,Desa,NDEZNET_DESAQ2
KOTA BANDAR LAMPUNG_KEL. JAGABAYA III,Desa,NDEZNET_DESAQ2
KOTA BANDAR LAMPUNG_KEL. JAGABAYA II,Desa,NDEZNET_DESAQ2
KOTA BANDAR LAMPUNG_KEL. JAGABAYA I,Desa,NDEZNET_DESAQ2
KOTA BANDAR LAMPUNG_KEL. CAMPANG RAYA,Desa,NDEZNET_DESAQ2
KOTA BANDAR LAMPUNG_KEL. SUKABUMI,Desa,NDEZNET_DESAQ2
KOTA BANDAR LAMPUNG_KEL. SUKABUMI INDAH,Desa,NDEZNET_DESAQ2
KOTA BANDAR LAMPUNG_KEL. SUKARAME BARU,Desa,NDEZNET_DESAQ2
KOTA BANDAR LAMPUNG_KEL. WAY DADI BARU,Desa,NDEZNET_DESAQ2
KOTA BANDAR LAMPUNG_KEL. WAY DADI,Desa,NDEZNET_DESAQ2
KOTA BANDAR LAMPUNG_KEL. SUKARAME,Desa,NDEZNET_DESAQ2
KOTA BANDAR LAMPUNG_KEL. KAMPUNG BARU RAYA,Desa,NDEZNET_DESAQ2
KOTA BANDAR LAMPUNG_KEL. KOTA SEPANG,Desa,NDEZNET_DESAQ2
KOTA BANDAR LAMPUNG_KEL. LABUHAN RATU RAYA,Desa,NDEZNET_DESAQ2
KOTA BANDAR LAMPUNG_KEL. SEPANG JAYA,Desa,NDEZNET_DESAQ2
KOTA BANDAR LAMPUNG_KEL. KAMPUNG BARU,Desa,NDEZNET_DESAQ2
KOTA BANDAR LAMPUNG_KEL. LABUHAN RATU,Desa,NDEZNET_DESAQ2
KOTA BANDAR LAMPUNG_KEL. PEMATANG WANGI,Desa,NDEZNET_DESAQ2
KOTA BANDAR LAMPUNG_KEL. PERUMNAS WAY KANDIS,Desa,NDEZNET_DESAQ2
KOTA BANDAR LAMPUNG_KEL. WAY KANDIS,Desa,NDEZNET_DESAQ2
KOTA BANDAR LAMPUNG_KEL. TANJUNG SENANG,Desa,NDEZNET_DESAQ2
KOTA BANDAR LAMPUNG_KEL. LABUHAN DALAM,Desa,NDEZNET_DESAQ2
KOTA BANDAR LAMPUNG_KEL. RAJABASA NUNYAI,Desa,NDEZNET_DESAQ2
KOTA BANDAR LAMPUNG_KEL. RAJABASA PEMUKA,Desa,NDEZNET_DESAQ2
KOTA BANDAR LAMPUNG_KEL. RAJABASA JAYA,Desa,NDEZNET_DESAQ2
KOTA BANDAR LAMPUNG_KEL. RAJABASA RAYA,Desa,NDEZNET_DESAQ2
KOTA BANDAR LAMPUNG_KEL. RAJABASA,Desa,NDEZNET_DESAQ2
KOTA BANDAR LAMPUNG_KEL. GEDONG MENENG,Desa,NDEZNET_DESAQ2
KOTA BANDAR LAMPUNG_KEL. PENENGAHAN,Desa,NDEZNET_DESAQ2
KOTA BANDAR LAMPUNG_KEL. KEDATON,Desa,NDEZNET_DESAQ2
KOTA BANDAR LAMPUNG_KEL. SURABAYA,Desa,NDEZNET_DESAQ2
KOTA BANDAR LAMPUNG_KEL. SIDODADI,Desa,NDEZNET_DESAQ2
KOTA BANDAR LAMPUNG_KEL. SUKAMENANTI,Desa,NDEZNET_DESAQ2
KOTA BANDAR LAMPUNG_KEL. GUNUNGTERANG,Desa,NDEZNET_DESAQ2
KOTA BANDAR LAMPUNG_KEL. LANGKAPURA BARU,Desa,NDEZNET_DESAQ2
KOTA BANDAR LAMPUNG_KEL. KEMILING RAYA,Desa,NDEZNET_DESAQ2
KOTA BANDAR LAMPUNG_KEL. BERINGIN JAYA,Desa,NDEZNET_DESAQ2
KOTA BANDAR LAMPUNG_KEL. KEMILING PERMAI,Desa,NDEZNET_DESAQ2
KOTA BANDAR LAMPUNG_KEL. SUMBER REJO,Desa,NDEZNET_DESAQ2
KOTA BANDAR LAMPUNG_KEL. BERINGIN RAYA,Desa,NDEZNET_DESAQ2
KOTA BANDAR LAMPUNG_KEL. PINANG JAYA,Desa,NDEZNET_DESAQ2
KOTA BANDAR LAMPUNG_KEL. SEGALAMIDER,Desa,NDEZNET_DESAQ2
KOTA BANDAR LAMPUNG_KEL. SUKAJAWA,Desa,NDEZNET_DESAQ2
KOTA BANDAR LAMPUNG_KEL. SUSUNAN BARU,Desa,NDEZNET_DESAQ2
KOTA BANDAR LAMPUNG_KEL. PAHOMAN,Desa,NDEZNET_DESAQ2
KOTA BANDAR LAMPUNG_KEL. RAWALAUT,Desa,NDEZNET_DESAQ2
KOTA BANDAR LAMPUNG_KEL. ENGGAL,Desa,NDEZNET_DESAQ2
KOTA BANDAR LAMPUNG_KEL. PELITA,Desa,NDEZNET_DESAQ2
KOTA BANDAR LAMPUNG_KEL. PASIR GINTUNG,Desa,NDEZNET_DESAQ2
KOTA BANDAR LAMPUNG_KEL. KELAPA TIGA,Desa,NDEZNET_DESAQ2
KOTA BANDAR LAMPUNG_KEL. KALIAWI,Desa,NDEZNET_DESAQ2
KOTA BANDAR LAMPUNG_KEL. PALAPA,Desa,NDEZNET_DESAQ2
KOTA BANDAR LAMPUNG_KEL. GOTONG ROYONG,Desa,NDEZNET_DESAQ2
KOTA BANDAR LAMPUNG_KEL. DURIAN PAYUNG,Desa,NDEZNET_DESAQ2
KOTA BANDAR LAMPUNG_KEL. PENGAJARAN,Desa,NDEZNET_DESAQ2
KOTA BANDAR LAMPUNG_KEL. GULAK GALIK,Desa,NDEZNET_DESAQ2
KOTA BANDAR LAMPUNG_KEL. SUMUR BATU,Desa,NDEZNET_DESAQ2
KOTA BANDAR LAMPUNG_KEL. KUPANG RAYA,Desa,NDEZNET_DESAQ2
KOTA BANDAR LAMPUNG_KEL. KUPANG TEBA,Desa,NDEZNET_DESAQ2
KOTA BANDAR LAMPUNG_KEL. KUPANG KOTA,Desa,NDEZNET_DESAQ2
KOTA BANDAR LAMPUNG_KEL. TANJUNGAGUNG RAYA,Desa,NDEZNET_DESAQ2
KOTA BANDAR LAMPUNG_KEL. TANJUNGBARU,Desa,NDEZNET_DESAQ2
KOTA BANDAR LAMPUNG_KEL. KALIBALAU KENCANA,Desa,NDEZNET_DESAQ2
KOTA BANDAR LAMPUNG_KEL. KEDAMAIAN,Desa,NDEZNET_DESAQ2
KOTA BANDAR LAMPUNG_KEL. TANJUNGRAYA,Desa,NDEZNET_DESAQ2
KOTA BANDAR LAMPUNG_KEL. SAWAH LAMA,Desa,NDEZNET_DESAQ2
KOTA BANDAR LAMPUNG_KEL. KOTA BARU,Desa,NDEZNET_DESAQ2
KOTA BANDAR LAMPUNG_KEL. KARANG MARITIM,Desa,NDEZNET_DESAQ2
KOTA BANDAR LAMPUNG_KEL. PIDADA,Desa,NDEZNET_DESAQ2
KOTA BANDAR LAMPUNG_KEL. PANJANG UTARA,Desa,NDEZNET_DESAQ2
KOTA BANDAR LAMPUNG_KEL. PANJANG SELATAN,Desa,NDEZNET_DESAQ2
KOTA BANDAR LAMPUNG_KEL. SRENGSEM,Desa,NDEZNET_DESAQ2
KOTA BANDAR LAMPUNG_KEL. GARUNTANG,Desa,NDEZNET_DESAQ2
KOTA BANDAR LAMPUNG_KEL. SUKARAJA,Desa,NDEZNET_DESAQ2
KOTA BANDAR LAMPUNG_KEL. BUMI WARAS,Desa,NDEZNET_DESAQ2
KOTA BANDAR LAMPUNG_KEL. KANGKUNG,Desa,NDEZNET_DESAQ2
KOTA BANDAR LAMPUNG_KEL. GUNUNGMAS,Desa,NDEZNET_DESAQ2
KOTA BANDAR LAMPUNG_KEL. TELUKBETUNG,Desa,NDEZNET_DESAQ2
KOTA BANDAR LAMPUNG_KEL. PESAWAHAN,Desa,NDEZNET_DESAQ2
KOTA BANDAR LAMPUNG_KEL. TALANG,Desa,NDEZNET_DESAQ2
KOTA BANDAR LAMPUNG_KEL. GEDONG PAKUON,Desa,NDEZNET_DESAQ2
KOTA BANDAR LAMPUNG_KEL. KOTA KARANG RAYA,Desa,NDEZNET_DESAQ2
KOTA BANDAR LAMPUNG_KEL. WAY TATAAN,Desa,NDEZNET_DESAQ2
KOTA BANDAR LAMPUNG_KEL. PARWATA,Desa,NDEZNET_DESAQ2
KOTA BANDAR LAMPUNG_KEL. KOTA KARANG,Desa,NDEZNET_DESAQ2
KOTA BANDAR LAMPUNG_KEL. NEGERI OLOK GADING,Desa,NDEZNET_DESAQ2
KOTA BANDAR LAMPUNG_KEL. KURIPAN,Desa,NDEZNET_DESAQ2
KOTA BANDAR LAMPUNG_KEL. BAKUNG,Desa,NDEZNET_DESAQ2
LAMPUNG SELATAN_BAKAUHENI,Desa,NDEZNET_DESAQ2
LAMPUNG SELATAN_KELAWI,Desa,NDEZNET_DESAQ2
LAMPUNG SELATAN_KETAPANG,Desa,NDEZNET_DESAQ2
LAMPUNG SELATAN_SUMUR,Desa,NDEZNET_DESAQ2
LAMPUNG SELATAN_KUALA SEKAMPUNG,Desa,NDEZNET_DESAQ2
LAMPUNG SELATAN_SUKAPURA,Desa,NDEZNET_DESAQ2
LAMPUNG SELATAN_PALAS PASEMAH,Desa,NDEZNET_DESAQ2
LAMPUNG SELATAN_SUKAMULYA,Desa,NDEZNET_DESAQ2
LAMPUNG SELATAN_BANGUNAN,Desa,NDEZNET_DESAQ2
LAMPUNG SELATAN_TANJUNG GADING,Desa,NDEZNET_DESAQ2
LAMPUNG SELATAN_BETUNG,Desa,NDEZNET_DESAQ2
LAMPUNG SELATAN_NEGERI PANDAN,Desa,NDEZNET_DESAQ2
LAMPUNG SELATAN_KEL. WAY URANG,Desa,NDEZNET_DESAQ2
LAMPUNG SELATAN_SUKARATU,Desa,NDEZNET_DESAQ2
LAMPUNG SELATAN_BABULANG,Desa,NDEZNET_DESAQ2
LAMPUNG SELATAN_KECAPI,Desa,NDEZNET_DESAQ2
LAMPUNG SELATAN_PEMATANG,Desa,NDEZNET_DESAQ2
LAMPUNG SELATAN_BUAH BERAK,Desa,NDEZNET_DESAQ2
LAMPUNG SELATAN_KEL. KALIANDA,Desa,NDEZNET_DESAQ2
LAMPUNG SELATAN_KEL. BUMI AGUNG,Desa,NDEZNET_DESAQ2
LAMPUNG SELATAN_PAUH TANJUNG IMAN,Desa,NDEZNET_DESAQ2
LAMPUNG SELATAN_KOTA DALAM,Desa,NDEZNET_DESAQ2
LAMPUNG SELATAN_SIDODADI,Desa,NDEZNET_DESAQ2
LAMPUNG SELATAN_SIDOREJO,Desa,NDEZNET_DESAQ2
LAMPUNG SELATAN_TANJUNGAN,Desa,NDEZNET_DESAQ2
LAMPUNG SELATAN_PARDASUKA,Desa,NDEZNET_DESAQ2
LAMPUNG SELATAN_BABATAN,Desa,NDEZNET_DESAQ2
LAMPUNG SELATAN_MANDAH,Desa,NDEZNET_DESAQ2
LAMPUNG SELATAN_HADUYANG,Desa,NDEZNET_DESAQ2
LAMPUNG SELATAN_BRANTI RAYA,Desa,NDEZNET_DESAQ2
LAMPUNG SELATAN_BANDAREJO,Desa,NDEZNET_DESAQ2
LAMPUNG SELATAN_CANDI MAS,Desa,NDEZNET_DESAQ2
LAMPUNG SELATAN_BUMI SARI,Desa,NDEZNET_DESAQ2
LAMPUNG SELATAN_NEGARA RATU,Desa,NDEZNET_DESAQ2
LAMPUNG SELATAN_MERAK BATIN,Desa,NDEZNET_DESAQ2
LAMPUNG SELATAN_NATAR,Desa,NDEZNET_DESAQ2
LAMPUNG SELATAN_PEMANGGILAN,Desa,NDEZNET_DESAQ2
LAMPUNG SELATAN_HAJIMENA,Desa,NDEZNET_DESAQ2
PADANG PARIAMAN_SUNGAI BULUAH,Desa,NDEZNET_DESAQ2
PADANG PARIAMAN_BUAYAN LUBUK ALUNG,Desa,NDEZNET_DESAQ2
PADANG PARIAMAN_SUNGAI BULUAH SELATAN,Desa,NDEZNET_DESAQ2
PADANG PARIAMAN_PASIE LAWEH LUBUK ALUNG,Desa,NDEZNET_DESAQ2
PADANG PARIAMAN_PUNGGUANG KASIAK LUBUK ALUNG,Desa,NDEZNET_DESAQ2
PADANG PARIAMAN_SUNGAI ABANG LUBUK ALUNG,Desa,NDEZNET_DESAQ2
PADANG PARIAMAN_SUNGAI GIMBA ULAKAN,Desa,NDEZNET_DESAQ2
PADANG PARIAMAN_KAMPUANG GELAPUANG ULAKAN,Desa,NDEZNET_DESAQ2
PADANG PARIAMAN_PADANG BINTUNGAN,Desa,NDEZNET_DESAQ2
PADANG PARIAMAN_KURAI TAJI,Desa,NDEZNET_DESAQ2
PADANG PARIAMAN_SUNGAI ASAM,Desa,NDEZNET_DESAQ2
PADANG PARIAMAN_GADUR,Desa,NDEZNET_DESAQ2
PADANG PARIAMAN_PAKANDANGAN,Desa,NDEZNET_DESAQ2
PADANG PARIAMAN_KAYU TANAM,Desa,NDEZNET_DESAQ2
PADANG PARIAMAN_SUNGAI DURIAN,Desa,NDEZNET_DESAQ2
PADANG PARIAMAN_CAMPAGO,Desa,NDEZNET_DESAQ2
PADANG PARIAMAN_CAMPAGO SELATAN,Desa,NDEZNET_DESAQ2
PADANG PARIAMAN_KURANJI HULU,Desa,NDEZNET_DESAQ2
PADANG PARIAMAN_III KOTO AUR MALINTANG UTARA,Desa,NDEZNET_DESAQ2
AGAM_TIKU UTARA,Desa,NDEZNET_DESAQ2
AGAM_BATU KAMBING,Desa,NDEZNET_DESAQ2
AGAM_MANINJAU,Desa,NDEZNET_DESAQ2
AGAM_PANINJAUAN,Desa,NDEZNET_DESAQ2
AGAM_TIGO BALAI,Desa,NDEZNET_DESAQ2
AGAM_SIANOK ANAM SUKU,Desa,NDEZNET_DESAQ2
AGAM_KOTO GADANG,Desa,NDEZNET_DESAQ2
AGAM_GUGUK TABEK SARAJO,Desa,NDEZNET_DESAQ2
AGAM_PAKAN SINAYAN,Desa,NDEZNET_DESAQ2
AGAM_PADANG LUA,Desa,NDEZNET_DESAQ2
AGAM_CINGKARIANG,Desa,NDEZNET_DESAQ2
AGAM_LADANG LAWEH,Desa,NDEZNET_DESAQ2
AGAM_TALUAK AMPEK SUKU,Desa,NDEZNET_DESAQ2
AGAM_KUBANG PUTIAH,Desa,NDEZNET_DESAQ2
AGAM_BATU PALANO,Desa,NDEZNET_DESAQ2
AGAM_BATAGAK,Desa,NDEZNET_DESAQ2
AGAM_SUNGAI PUA,Desa,NDEZNET_DESAQ2
AGAM_BATU TABA,Desa,NDEZNET_DESAQ2
AGAM_PASIA,Desa,NDEZNET_DESAQ2
AGAM_BALAI GURAH,Desa,NDEZNET_DESAQ2
AGAM_AMPANG GADANG,Desa,NDEZNET_DESAQ2
AGAM_BIARO GADANG,Desa,NDEZNET_DESAQ2
AGAM_LAMBAH,Desa,NDEZNET_DESAQ2
AGAM_PANAMPUNG,Desa,NDEZNET_DESAQ2
AGAM_CANDUANG KOTO LAWEH,Desa,NDEZNET_DESAQ2
AGAM_TABEK PANJANG,Desa,NDEZNET_DESAQ2
AGAM_GADUT,Desa,NDEZNET_DESAQ2
AGAM_KAPAU,Desa,NDEZNET_DESAQ2
AGAM_KOTO TANGAH,Desa,NDEZNET_DESAQ2
AGAM_KAMANG MUDIAK,Desa,NDEZNET_DESAQ2
KOTA PARIAMAN_MARUNGGI,Desa,NDEZNET_DESAQ2
KOTA PARIAMAN_SIKABU,Desa,NDEZNET_DESAQ2
KOTA PARIAMAN_BATANG TAJONGKEK,Desa,NDEZNET_DESAQ2
KOTA PARIAMAN_BALAI KURAI TAJI,Desa,NDEZNET_DESAQ2
KOTA PARIAMAN_PAUH KURAI TAJI,Desa,NDEZNET_DESAQ2
KOTA PARIAMAN_SIMPANG,Desa,NDEZNET_DESAQ2
KOTA PARIAMAN_TOBOH PALABAH,Desa,NDEZNET_DESAQ2
KOTA PARIAMAN_RAMBAI,Desa,NDEZNET_DESAQ2
KOTA PARIAMAN_PUNGGUNG LADING,Desa,NDEZNET_DESAQ2
KOTA PARIAMAN_KEL. KARAN AUR,Desa,NDEZNET_DESAQ2
KOTA PARIAMAN_KEL. JALAN BARU,Desa,NDEZNET_DESAQ2
KOTA PARIAMAN_KEL. JALAN KERETA API,Desa,NDEZNET_DESAQ2
KOTA PARIAMAN_CIMPARUH,Desa,NDEZNET_DESAQ2
KOTA PARIAMAN_KEL. ALAI GELOMBANG,Desa,NDEZNET_DESAQ2
KOTA PARIAMAN_KEL. TARATAK,Desa,NDEZNET_DESAQ2
KOTA PARIAMAN_KAMPUNG BARU,Desa,NDEZNET_DESAQ2
KOTA PARIAMAN_KEL. LOHONG,Desa,NDEZNET_DESAQ2
KOTA PARIAMAN_KEL. PASIR,Desa,NDEZNET_DESAQ2
KOTA PARIAMAN_KEL. KAMPUNG PERAK,Desa,NDEZNET_DESAQ2
KOTA PARIAMAN_KEL. PONDOK II,Desa,NDEZNET_DESAQ2
KOTA PARIAMAN_KEL. JAWI JAWI I,Desa,NDEZNET_DESAQ2
KOTA PARIAMAN_KEL. JAWI JAWI II,Desa,NDEZNET_DESAQ2
KOTA PARIAMAN_KEL. KAMPUNG JAWA II,Desa,NDEZNET_DESAQ2
KOTA PARIAMAN_KEL. KAMPUNG JAWA I,Desa,NDEZNET_DESAQ2
KOTA PARIAMAN_KEL. KAMPUNG PONDOK,Desa,NDEZNET_DESAQ2
KOTA PARIAMAN_PAUH BARAT,Desa,NDEZNET_DESAQ2
KOTA PARIAMAN_PAUH TIMUR,Desa,NDEZNET_DESAQ2
KOTA PARIAMAN_RAWANG,Desa,NDEZNET_DESAQ2
KOTA PARIAMAN_KEL. JATI HILIR,Desa,NDEZNET_DESAQ2
KOTA PARIAMAN_JATI MUDIK,Desa,NDEZNET_DESAQ2
KOTA PARIAMAN_KAMPUNG GADANG,Desa,NDEZNET_DESAQ2
KOTA PARIAMAN_BATO,Desa,NDEZNET_DESAQ2
KOTA PARIAMAN_BUNGO TANJUNG,Desa,NDEZNET_DESAQ2
KOTA PARIAMAN_KAMPUNG TANGAH,Desa,NDEZNET_DESAQ2
KOTA PARIAMAN_SUNGAI PASAK,Desa,NDEZNET_DESAQ2
KOTA PARIAMAN_CUBADAK MENTAWAI,Desa,NDEZNET_DESAQ2
KOTA PARIAMAN_KAMPUNG BARU PADUSUNAN,Desa,NDEZNET_DESAQ2
KOTA PARIAMAN_AMPALU,Desa,NDEZNET_DESAQ2
KOTA PARIAMAN_APAR,Desa,NDEZNET_DESAQ2
KOTA PARIAMAN_MANGGUNG,Desa,NDEZNET_DESAQ2
KOTA PARIAMAN_NARAS HILIR,Desa,NDEZNET_DESAQ2
KOTA PARIAMAN_BALAI NARAS,Desa,NDEZNET_DESAQ2
KOTA PARIAMAN_PADANG BIRIK BIRIK,Desa,NDEZNET_DESAQ2
AGAM_KOTO TUO,Desa,NDEZNET_DESAQ2
AGAM_BALINGKA,Desa,NDEZNET_DESAQ2
AGAM_KOTO PANJANG,Desa,NDEZNET_DESAQ2
AGAM_SALO,Desa,NDEZNET_DESAQ2
AGAM_TIKU LIMO JORONG,Desa,NDEZNET_DESAQ2
AGAM_SITANANG,Desa,NDEZNET_DESAQ2
AGAM_LAWANG,Desa,NDEZNET_DESAQ2
AGAM_PASIA LAWEH,Desa,NDEZNET_DESAQ2
AGAM_PADANG TAROK,Desa,NDEZNET_DESAQ2
AGAM_KAMPUNG PINANG,Desa,NDEZNET_DESAQ2
AGAM_SUNGAI BATANG,Desa,NDEZNET_DESAQ2
AGAM_SALAREH AIA,Desa,NDEZNET_DESAQ2
AGAM_KAMPUNG TANGAH,Desa,NDEZNET_DESAQ2
AGAM_BAWAN,Desa,NDEZNET_DESAQ2
AGAM_TIKU SELATAN,Desa,NDEZNET_DESAQ2
AGAM_KOTO BARU,Desa,NDEZNET_DESAQ2
AGAM_MAGEK,Desa,NDEZNET_DESAQ2
AGAM_PADANG LAWEH,Desa,NDEZNET_DESAQ2
AGAM_KOTO TINGGI,Desa,NDEZNET_DESAQ2
AGAM_KOTO MALINTANG,Desa,NDEZNET_DESAQ2
AGAM_MANGGOPOH,Desa,NDEZNET_DESAQ2
AGAM_SIMARASOK,Desa,NDEZNET_DESAQ2
AGAM_LUBUK BASUNG,Desa,NDEZNET_DESAQ2
AGAM_BAYUA,Desa,NDEZNET_DESAQ2
AGAM_DUO KOTO,Desa,NDEZNET_DESAQ2
AGAM_MATUA MUDIAK,Desa,NDEZNET_DESAQ2
AGAM_LASI,Desa,NDEZNET_DESAQ2
AGAM_GERAGAHAN,Desa,NDEZNET_DESAQ2
AGAM_KOTO KACIAK,Desa,NDEZNET_DESAQ2
AGAM_MATUA HILIA,Desa,NDEZNET_DESAQ2
AGAM_SARIAK,Desa,NDEZNET_DESAQ2
AGAM_BUKIK BATABUAH,Desa,NDEZNET_DESAQ2
AGAM_KAMANG HILIA,Desa,NDEZNET_DESAQ2
AGAM_SUNGAI LANDIA,Desa,NDEZNET_DESAQ2
AGAM_PANTA PAUH,Desa,NDEZNET_DESAQ2
AGAM_MALALAK SELATAN,Desa,NDEZNET_DESAQ2
AGAM_MALALAK BARAT,Desa,NDEZNET_DESAQ2
AGAM_MALALAK TIMUR,Desa,NDEZNET_DESAQ2
AGAM_MALALAK UTARA,Desa,NDEZNET_DESAQ2
AGAM_BARINGIN,Desa,NDEZNET_DESAQ2
AGAM_SUNGAI PUAR,Desa,NDEZNET_DESAQ2
AGAM_SIPINANG,Desa,NDEZNET_DESAQ2
AGAM_TIGO KOTO SILUNGKANG,Desa,NDEZNET_DESAQ2
AGAM_KOTO RANTANG,Desa,NDEZNET_DESAQ2
AGAM_PAGADIH,Desa,NDEZNET_DESAQ2
AGAM_NAN TUJUAH,Desa,NDEZNET_DESAQ2
AGAM_SITALANG,Desa,NDEZNET_DESAQ2
AGAM_TANJUNG SANI,Desa,NDEZNET_DESAQ2
AGAM_PARIK PANJANG,Desa,NDEZNET_DESAQ2
AGAM_SUNGAI TANANG,Desa,NDEZNET_DESAQ2
LAMPUNG SELATAN_TALANG BARU,Desa,NDEZNET_DESAQ2
LAMPUNG SELATAN_TANJUNG AGUNG,Desa,NDEZNET_DESAQ2
LAMPUNG SELATAN_KARANG RAJA,Desa,NDEZNET_DESAQ2
LAMPUNG SELATAN_SUKAJAYA,Desa,NDEZNET_DESAQ2
JEMBER_AJUNG,Desa,NDEZNET_DESAQ2
JEMBER_ARJASA,Desa,NDEZNET_DESAQ2
JEMBER_JAMBEARUM,Desa,NDEZNET_DESAQ2
LAMPUNG SELATAN_SIDOSARI,Desa,NDEZNET_DESAQ2
MAGETAN_BOGEM,Desa,NDEZNET_DESAQ2
PACITAN_WIDORO,Desa,NDEZNET_DESAQ2
PONOROGO_KUNTI,Desa,NDEZNET_DESAQ2
NGAWI_BABADAN,Desa,NDEZNET_DESAQ2
NGAWI_KASREMAN,Desa,NDEZNET_DESAQ2
JEMBER_GLAGAHWERO,Desa,NDEZNET_DESAQ2
LAMPUNG SELATAN_KARANG SARI,Desa,NDEZNET_DESAQ2
LAMPUNG SELATAN_SUKARAJA,Desa,NDEZNET_DESAQ2
MADIUN_BANARAN,Desa,NDEZNET_DESAQ2
MADIUN_REJOSARI,Desa,NDEZNET_DESAQ2
MADIUN_SIDOREJO,Desa,NDEZNET_DESAQ2
MADIUN_TANJUNGREJO,Desa,NDEZNET_DESAQ2
MAGETAN_MANJUNG,Desa,NDEZNET_DESAQ2
MAGETAN_NGUNUT,Desa,NDEZNET_DESAQ2
PACITAN_BANGUNSARI,Desa,NDEZNET_DESAQ2
PACITAN_MANTREN,Desa,NDEZNET_DESAQ2
PONOROGO_JENANGAN,Desa,NDEZNET_DESAQ2
PONOROGO_SEMANDING,Desa,NDEZNET_DESAQ2
PONOROGO_SIDOHARJO,Desa,NDEZNET_DESAQ2
TRENGGALEK_BESUKI,Desa,NDEZNET_DESAQ2
TRENGGALEK_SAWAHAN,Desa,NDEZNET_DESAQ2
TRENGGALEK_WONOCOYO,Desa,NDEZNET_DESAQ2
JEMBER_SUKOREJO,Desa,NDEZNET_DESAQ2
LAMPUNG SELATAN_SUKAMAJU,Desa,NDEZNET_DESAQ2
MADIUN_KEBONAGUNG,Desa,NDEZNET_DESAQ2
MADIUN_SIDOMULYO,Desa,NDEZNET_DESAQ2
MAGETAN_DUKUH,Desa,NDEZNET_DESAQ2
MAGETAN_SUKOWIDI,Desa,NDEZNET_DESAQ2
NGAWI_TAMBAKROMO,Desa,NDEZNET_DESAQ2
PACITAN_KLEPU,Desa,NDEZNET_DESAQ2
TRENGGALEK_MASARAN,Desa,NDEZNET_DESAQ2
TRENGGALEK_WATUAGUNG,Desa,NDEZNET_DESAQ2
JEMBER_PATEMON,Desa,NDEZNET_DESAQ2
NGAWI_BADERAN,Desa,NDEZNET_DESAQ2
NGAWI_DADAPAN,Desa,NDEZNET_DESAQ2
NGAWI_DAWU,Desa,NDEZNET_DESAQ2
NGAWI_DUNGMIRI,Desa,NDEZNET_DESAQ2
NGAWI_GEMARANG,Desa,NDEZNET_DESAQ2
NGAWI_GENDINGAN,Desa,NDEZNET_DESAQ2
NGAWI_HARGOMULYO,Desa,NDEZNET_DESAQ2
NGAWI_JATIPURO,Desa,NDEZNET_DESAQ2
NGAWI_KARANGMALANG,Desa,NDEZNET_DESAQ2
NGAWI_KARANGREJO,Desa,NDEZNET_DESAQ2
NGAWI_KARANGSONO,Desa,NDEZNET_DESAQ2
NGAWI_KAWU,Desa,NDEZNET_DESAQ2
NGAWI_KAYUTREJO,Desa,NDEZNET_DESAQ2
NGAWI_KEL. KARANGTENGAH,Desa,NDEZNET_DESAQ2
NGAWI_KEL. MARGOMULYO,Desa,NDEZNET_DESAQ2
NGAWI_KERASWETAN,Desa,NDEZNET_DESAQ2
NGAWI_KETANGGUNG,Desa,NDEZNET_DESAQ2
NGAWI_KRANDEGAN,Desa,NDEZNET_DESAQ2
NGAWI_KWADUNGAN,Desa,NDEZNET_DESAQ2
NGAWI_LEGOKULON,Desa,NDEZNET_DESAQ2
NGAWI_MANISHARJO,Desa,NDEZNET_DESAQ2
NGAWI_MUNGGUT,Desa,NDEZNET_DESAQ2
NGAWI_NGAWI,Desa,NDEZNET_DESAQ2
NGAWI_NGRAMBE,Desa,NDEZNET_DESAQ2
NGAWI_PACING,Desa,NDEZNET_DESAQ2
NGAWI_PADAS,Desa,NDEZNET_DESAQ2
NGAWI_PARON,Desa,NDEZNET_DESAQ2
NGAWI_PELANGKIDUL,Desa,NDEZNET_DESAQ2
NGAWI_PENGKOL,Desa,NDEZNET_DESAQ2
NGAWI_SIDOLAJU,Desa,NDEZNET_DESAQ2
NGAWI_TEMPURAN,Desa,NDEZNET_DESAQ2
NGAWI_WONOREJO,Desa,NDEZNET_DESAQ2
LAMPUNG SELATAN_SIDOHARJO,Desa,NDEZNET_DESAQ2
LAMPUNG SELATAN_TANJUNG SARI,Desa,NDEZNET_DESAQ2
MAGETAN_BANJAREJO,Desa,NDEZNET_DESAQ2
PACITAN_KETRO,Desa,NDEZNET_DESAQ2
PACITAN_PLOSO,Desa,NDEZNET_DESAQ2
PONOROGO_BARENG,Desa,NDEZNET_DESAQ2
PONOROGO_SERANGAN,Desa,NDEZNET_DESAQ2
PONOROGO_TEMON,Desa,NDEZNET_DESAQ2
PONOROGO_TUGUREJO,Desa,NDEZNET_DESAQ2
TRENGGALEK_KARANGANYAR,Desa,NDEZNET_DESAQ2
TRENGGALEK_SUKOREJO,Desa,NDEZNET_DESAQ2
INDRAGIRI HULU_SERESAM,Desa,NDEZNET_DESAQ3
INDRAGIRI HULU_TASIK JUANG,Desa,NDEZNET_DESAQ3
INDRAGIRI HILIR_KEL. PEKAN ARBA,Desa,NDEZNET_DESAQ3
INDRAGIRI HILIR_KEL. TEMBILAHAN HULU,Desa,NDEZNET_DESAQ3
PELALAWAN_KEL. SOREK I,Desa,NDEZNET_DESAQ3
BALANGAN_BANUA HANYAR,Desa,NDEZNET_DESAQ3
TABALONG_LUKBAYUR,Desa,NDEZNET_DESAQ3
HULU SUNGAI UTARA_SUNGAI TURAK,Desa,NDEZNET_DESAQ3
HULU SUNGAI UTARA_TAMBALANG RAYA,Desa,NDEZNET_DESAQ3
HULU SUNGAI TENGAH_BANUA ASAM,Desa,NDEZNET_DESAQ3
HULU SUNGAI TENGAH_BANUA HANYAR,Desa,NDEZNET_DESAQ3
HULU SUNGAI TENGAH_TELUK MESJID,Desa,NDEZNET_DESAQ3
INDRAGIRI HILIR_KEL. MADANI,Desa,NDEZNET_DESAQ3
BALANGAN_MARIAS,Desa,NDEZNET_DESAQ3
BALANGAN_MUARA NINIAN,Desa,NDEZNET_DESAQ3
BALANGAN_BUNGIN,Desa,NDEZNET_DESAQ3
BALANGAN_BARUH BAHINU LUAR,Desa,NDEZNET_DESAQ3
BALANGAN_PANGGUNG,Desa,NDEZNET_DESAQ3
BALANGAN_SUNGAI KETAPI,Desa,NDEZNET_DESAQ3
BALANGAN_KALAHIANG,Desa,NDEZNET_DESAQ3
BALANGAN_PARAN,Desa,NDEZNET_DESAQ3
BALANGAN_LOK BATUNG,Desa,NDEZNET_DESAQ3
BALANGAN_LAMIDA BAWAH,Desa,NDEZNET_DESAQ3
BALANGAN_PUDAK,Desa,NDEZNET_DESAQ3
BALANGAN_BADALUNGGA,Desa,NDEZNET_DESAQ3
BALANGAN_AWAYAN,Desa,NDEZNET_DESAQ3
BALANGAN_AMBAKIANG,Desa,NDEZNET_DESAQ3
BALANGAN_TIMBUN TULANG,Desa,NDEZNET_DESAQ3
BALANGAN_TARIWIN,Desa,NDEZNET_DESAQ3
BALANGAN_JUNGKAL,Desa,NDEZNET_DESAQ3
BALANGAN_KUSAMBI HULU,Desa,NDEZNET_DESAQ3
BALANGAN_MUNDAR,Desa,NDEZNET_DESAQ3
BALANGAN_LAMPIHONG SELATAN,Desa,NDEZNET_DESAQ3
TABALONG_PALAPI,Desa,NDEZNET_DESAQ3
TABALONG_KINARUM,Desa,NDEZNET_DESAQ3
TABALONG_KAMBITIN,Desa,NDEZNET_DESAQ3
TABALONG_BANYU TAJUN,Desa,NDEZNET_DESAQ3
TABALONG_TALAN,Desa,NDEZNET_DESAQ3
TABALONG_PURAI,Desa,NDEZNET_DESAQ3
HULU SUNGAI UTARA_PANAWAKAN,Desa,NDEZNET_DESAQ3
HULU SUNGAI UTARA_SUNGAI BINUANG,Desa,NDEZNET_DESAQ3
HULU SUNGAI UTARA_TAMBAK SARI PANJI,Desa,NDEZNET_DESAQ3
HULU SUNGAI UTARA_JINGAH BUJUR,Desa,NDEZNET_DESAQ3
HULU SUNGAI UTARA_GUNTUNG,Desa,NDEZNET_DESAQ3
HULU SUNGAI UTARA_TABALONG MATI,Desa,NDEZNET_DESAQ3
HULU SUNGAI UTARA_TELAGA BAMBAN,Desa,NDEZNET_DESAQ3
HULU SUNGAI UTARA_PADANG BASAR HILIR,Desa,NDEZNET_DESAQ3
HULU SUNGAI UTARA_HARUSAN,Desa,NDEZNET_DESAQ3
HULU SUNGAI UTARA_BANYU HIRANG,Desa,NDEZNET_DESAQ3
HULU SUNGAI UTARA_CANGKERING,Desa,NDEZNET_DESAQ3
HULU SUNGAI UTARA_TELUK BARU,Desa,NDEZNET_DESAQ3
HULU SUNGAI UTARA_RANTAU BUJUR TENGAH,Desa,NDEZNET_DESAQ3
HULU SUNGAI UTARA_RANTAU BUJUR HULU,Desa,NDEZNET_DESAQ3
HULU SUNGAI UTARA_SUNGAI HAJI,Desa,NDEZNET_DESAQ3
HULU SUNGAI UTARA_NELAYAN,Desa,NDEZNET_DESAQ3
HULU SUNGAI UTARA_SUNGAI PINANG,Desa,NDEZNET_DESAQ3
HULU SUNGAI UTARA_TELUK SINAR,Desa,NDEZNET_DESAQ3
HULU SUNGAI UTARA_RANTAU KARAUTENGAH,Desa,NDEZNET_DESAQ3
HULU SUNGAI UTARA_RANTAU KARAU HULU,Desa,NDEZNET_DESAQ3
HULU SUNGAI UTARA_TAPUS DALAM,Desa,NDEZNET_DESAQ3
HULU SUNGAI UTARA_BANYU TAJUN DALAM,Desa,NDEZNET_DESAQ3
HULU SUNGAI UTARA_KALUMPANG LUAR,Desa,NDEZNET_DESAQ3
HULU SUNGAI UTARA_SUNGAI DURAIT HULU,Desa,NDEZNET_DESAQ3
HULU SUNGAI UTARA_DARUSSALAM,Desa,NDEZNET_DESAQ3
HULU SUNGAI TENGAH_ABUNG SURAPATI,Desa,NDEZNET_DESAQ3
HULU SUNGAI TENGAH_KABANG,Desa,NDEZNET_DESAQ3
HULU SUNGAI TENGAH_WALATUNG,Desa,NDEZNET_DESAQ3
HULU SUNGAI TENGAH_BULUAN,Desa,NDEZNET_DESAQ3
HULU SUNGAI TENGAH_JARANIH,Desa,NDEZNET_DESAQ3
HULU SUNGAI TENGAH_BINJAI PEMANGKIH,Desa,NDEZNET_DESAQ3
HULU SUNGAI TENGAH_TARAS PADANG,Desa,NDEZNET_DESAQ3
HULU SUNGAI TENGAH_BANGKAL,Desa,NDEZNET_DESAQ3
HULU SUNGAI TENGAH_TABUDARAT HILIR,Desa,NDEZNET_DESAQ3
HULU SUNGAI TENGAH_AYUANG,Desa,NDEZNET_DESAQ3
HULU SUNGAI TENGAH_BAKAPAS,Desa,NDEZNET_DESAQ3
HULU SUNGAI TENGAH_KIAS,Desa,NDEZNET_DESAQ3
HULU SUNGAI TENGAH_ALUAN,Desa,NDEZNET_DESAQ3
HULU SUNGAI TENGAH_KALIBARU,Desa,NDEZNET_DESAQ3
HULU SUNGAI TENGAH_PENGAMBAU HULU,Desa,NDEZNET_DESAQ3
HULU SUNGAI TENGAH_PENGAMBAU HILIR DALAM,Desa,NDEZNET_DESAQ3
HULU SUNGAI TENGAH_PENGAMBAU HILIR LUAR,Desa,NDEZNET_DESAQ3
TAPIN_SUNGAI RUTAS,Desa,NDEZNET_DESAQ3
TAPIN_GADUNG,Desa,NDEZNET_DESAQ3
TAPIN_GADUNG KERAMAT,Desa,NDEZNET_DESAQ3
TAPIN_TANGKAWANG,Desa,NDEZNET_DESAQ3
TAPIN_TANGKAWANG BARU,Desa,NDEZNET_DESAQ3
TAPIN_PARIGI,Desa,NDEZNET_DESAQ3
TAPIN_PARIGI KECIL,Desa,NDEZNET_DESAQ3
TAPIN_KAKARAN,Desa,NDEZNET_DESAQ3
TAPIN_BANUA HALAT KANAN,Desa,NDEZNET_DESAQ3
TAPIN_KERAMAT,Desa,NDEZNET_DESAQ3
TAPIN_BITAHAN BARU,Desa,NDEZNET_DESAQ3
TAPIN_SHABAH,Desa,NDEZNET_DESAQ3
TAPIN_HIYUNG,Desa,NDEZNET_DESAQ3
TAPIN_BATANG LANTIK,Desa,NDEZNET_DESAQ3
TAPIN_SUNGAI BAHALANG,Desa,NDEZNET_DESAQ3
TAPIN_MANDURIAN,Desa,NDEZNET_DESAQ3
TAPIN_LABUNG,Desa,NDEZNET_DESAQ3
TAPIN_PANTAI CABE,Desa,NDEZNET_DESAQ3
TAPIN_TANDUI,Desa,NDEZNET_DESAQ3
INDRAGIRI HULU_PEMATANG BENTENG,Desa,NDEZNET_DESAQ3
INDRAGIRI HULU_KELESA,Desa,NDEZNET_DESAQ3
INDRAGIRI HULU_PUNTI ANAI,Desa,NDEZNET_DESAQ3
INDRAGIRI HULU_SIAMBUL,Desa,NDEZNET_DESAQ3
INDRAGIRI HULU_SEKO LUBUK TIGO,Desa,NDEZNET_DESAQ3
INDRAGIRI HULU_PASIR SIALANG JAYA,Desa,NDEZNET_DESAQ3
INDRAGIRI HULU_PASIR KELAMPAIAN,Desa,NDEZNET_DESAQ3
INDRAGIRI HULU_REDANG,Desa,NDEZNET_DESAQ3
INDRAGIRI HULU_TANAH DATAR,Desa,NDEZNET_DESAQ3
INDRAGIRI HULU_TALANG JERINJING,Desa,NDEZNET_DESAQ3
INDRAGIRI HULU_RANTAU BAKUNG,Desa,NDEZNET_DESAQ3
INDRAGIRI HULU_PULAU JUM'AT,Desa,NDEZNET_DESAQ3
INDRAGIRI HILIR_KEL. SELENSEN,Desa,NDEZNET_DESAQ3
INDRAGIRI HILIR_KEL. PANGKALAN TUJUH,Desa,NDEZNET_DESAQ3
INDRAGIRI HILIR_SUNGAIARA,Desa,NDEZNET_DESAQ3
INDRAGIRI HILIR_RUMBAI JAYA,Desa,NDEZNET_DESAQ3
INDRAGIRI HILIR_SIMPANG JAYA,Desa,NDEZNET_DESAQ3
PELALAWAN_LUBUK OGUNG,Desa,NDEZNET_DESAQ3
PELALAWAN_AIRTERJUN,Desa,NDEZNET_DESAQ3
PELALAWAN_PETODAAN,Desa,NDEZNET_DESAQ3
BALANGAN_MANGKAYAHU,Desa,NDEZNET_DESAQ3
BALANGAN_AWAYAN HILIR,Desa,NDEZNET_DESAQ3
BALANGAN_PUTAT BASIUN,Desa,NDEZNET_DESAQ3
BALANGAN_SUNGAI AWANG,Desa,NDEZNET_DESAQ3
TABALONG_SUPUT,Desa,NDEZNET_DESAQ3
TABALONG_GARUNGGUNG,Desa,NDEZNET_DESAQ3
TABALONG_TANTA HULU,Desa,NDEZNET_DESAQ3
TABALONG_PUGAAN,Desa,NDEZNET_DESAQ3
HULU SUNGAI UTARA_PIHAUNG,Desa,NDEZNET_DESAQ3
HULU SUNGAI UTARA_CAKERU,Desa,NDEZNET_DESAQ3
HULU SUNGAI UTARA_SUNGAI BAHADANGAN,Desa,NDEZNET_DESAQ3
HULU SUNGAI UTARA_TANGGA ULIN HILIR,Desa,NDEZNET_DESAQ3
HULU SUNGAI UTARA_TANGGA ULIN HULU,Desa,NDEZNET_DESAQ3
HULU SUNGAI UTARA_MURUNG SARI,Desa,NDEZNET_DESAQ3
HULU SUNGAI UTARA_SIMPANG EMPAT,Desa,NDEZNET_DESAQ3
HULU SUNGAI TENGAH_BANUA SUPANGGAL,Desa,NDEZNET_DESAQ3
HULU SUNGAI TENGAH_HULU RASAU,Desa,NDEZNET_DESAQ3
HULU SUNGAI TENGAH_WAWAI,Desa,NDEZNET_DESAQ3
HULU SUNGAI TENGAH_LOK BASAR,Desa,NDEZNET_DESAQ3
HULU SUNGAI TENGAH_BANUA RANTAU,Desa,NDEZNET_DESAQ3
HULU SUNGAI TENGAH_ALUAN MATI,Desa,NDEZNET_DESAQ3
TAPIN_PARANDAKAN,Desa,NDEZNET_DESAQ3
TAPIN_BANUA PADANG,Desa,NDEZNET_DESAQ3
TAPIN_SUATO LAMA,Desa,NDEZNET_DESAQ3
INDRAGIRI HULU_KEL. BATU RIJAL HILIR,Desa,NDEZNET_DESAQ3
INDRAGIRI HULU_SEMELINANG DARAT,Desa,NDEZNET_DESAQ3
INDRAGIRI HULU_PEMATANG,Desa,NDEZNET_DESAQ3
INDRAGIRI HULU_SELUNAK,Desa,NDEZNET_DESAQ3
INDRAGIRI HULU_LEMBAH DUSUN GADING,Desa,NDEZNET_DESAQ3
INDRAGIRI HULU_SERUMPUN JAYA,Desa,NDEZNET_DESAQ3
INDRAGIRI HULU_WONOSARI,Desa,NDEZNET_DESAQ3
INDRAGIRI HULU_PONTIAN MEKAR,Desa,NDEZNET_DESAQ3
INDRAGIRI HULU_SUNGAI GUNTUNG HILIR,Desa,NDEZNET_DESAQ3
INDRAGIRI HULU_SUNGAI RAYA,Desa,NDEZNET_DESAQ3
INDRAGIRI HILIR_PASAR KEMBANG,Desa,NDEZNET_DESAQ3
INDRAGIRI HILIR_KEL. TEMBILAHAN BARAT,Desa,NDEZNET_DESAQ3
PELALAWAN_DUNDANGAN,Desa,NDEZNET_DESAQ3
PELALAWAN_SIALANG INDAH,Desa,NDEZNET_DESAQ3
PELALAWAN_HARAPAN JAYA,Desa,NDEZNET_DESAQ3
PELALAWAN_MERANTI,Desa,NDEZNET_DESAQ3
PELALAWAN_LUBUK KEMBANG SARI,Desa,NDEZNET_DESAQ3
PELALAWAN_AIR EMAS,Desa,NDEZNET_DESAQ3
PELALAWAN_TRI MULYA JAYA,Desa,NDEZNET_DESAQ3
PELALAWAN_KUALA SEMUNDAM,Desa,NDEZNET_DESAQ3
TABALONG_LUMBANG,Desa,NDEZNET_DESAQ3
TABALONG_MARINDI,Desa,NDEZNET_DESAQ3
TABALONG_BARIMBUN,Desa,NDEZNET_DESAQ3
TABALONG_BANUA RANTAU,Desa,NDEZNET_DESAQ3
HULU SUNGAI UTARA_BANJANG,Desa,NDEZNET_DESAQ3
HULU SUNGAI UTARA_SUNGAI KUINI,Desa,NDEZNET_DESAQ3
HULU SUNGAI TENGAH_HAPINGIN,Desa,NDEZNET_DESAQ3
HULU SUNGAI TENGAH_MAHANG MATANG LANDUNG,Desa,NDEZNET_DESAQ3
HULU SUNGAI TENGAH_BARIKIN,Desa,NDEZNET_DESAQ3
TAPIN_MARAMPIAU,Desa,NDEZNET_DESAQ3
TAPIN_PEMATANG KARANGAN HILIR,Desa,NDEZNET_DESAQ3
TAPIN_MANDURIAN HILIR,Desa,NDEZNET_DESAQ3
TAPIN_SALAM BABARIS,Desa,NDEZNET_DESAQ3
TAPIN_SUATO BARU,Desa,NDEZNET_DESAQ3
TAPIN_KAMBANG HABANG LAMA,Desa,NDEZNET_DESAQ3
INDRAGIRI HULU_BUKIT MERANTI,Desa,NDEZNET_DESAQ3
INDRAGIRI HULU_PETALING JAYA,Desa,NDEZNET_DESAQ3
INDRAGIRI HULU_AUR CINA,Desa,NDEZNET_DESAQ3
INDRAGIRI HILIR_KEL. KOTA BARU RETEH,Desa,NDEZNET_DESAQ3
INDRAGIRI HILIR_KERITANG,Desa,NDEZNET_DESAQ3
INDRAGIRI HILIR_PULAUPALAS,Desa,NDEZNET_DESAQ3
PELALAWAN_SOREK II,Desa,NDEZNET_DESAQ3
TABALONG_NAWIN,Desa,NDEZNET_DESAQ3
TABALONG_KASIAU,Desa,NDEZNET_DESAQ3
HULU SUNGAI TENGAH_SUNGAI RANGAS,Desa,NDEZNET_DESAQ3
TAPIN_AYUNAN PAPAN,Desa,NDEZNET_DESAQ3
INDRAGIRI HULU_GUMANTI,Desa,NDEZNET_DESAQ3
INDRAGIRI HULU_SIBABAT,Desa,NDEZNET_DESAQ3
INDRAGIRI HULU_KUALA KILAN,Desa,NDEZNET_DESAQ3
INDRAGIRI HULU_SEBERIDA,Desa,NDEZNET_DESAQ3
INDRAGIRI HULU_JATI REJO,Desa,NDEZNET_DESAQ3
INDRAGIRI HULU_JAPURA,Desa,NDEZNET_DESAQ3
INDRAGIRI HULU_SIDOMULYO,Desa,NDEZNET_DESAQ3
INDRAGIRI HULU_KELAWAT,Desa,NDEZNET_DESAQ3
INDRAGIRI HULU_SUNGAI BERAS BERAS,Desa,NDEZNET_DESAQ3
INDRAGIRI HULU_AIR PUTIH,Desa,NDEZNET_DESAQ3
INDRAGIRI HULU_PEKAN HERAN,Desa,NDEZNET_DESAQ3
INDRAGIRI HULU_RANTAU MAPESAI,Desa,NDEZNET_DESAQ3
PELALAWAN_KEL. SEI KIJANG,Desa,NDEZNET_DESAQ3
PELALAWAN_UKUI DUA,Desa,NDEZNET_DESAQ3
PELALAWAN_RAWANG SARI,Desa,NDEZNET_DESAQ3
BALANGAN_MAMPARI,Desa,NDEZNET_DESAQ3
TABALONG_BUNGIN,Desa,NDEZNET_DESAQ3
HULU SUNGAI UTARA_KALUDAN BESAR,Desa,NDEZNET_DESAQ3
HULU SUNGAI UTARA_KALINTAMUI,Desa,NDEZNET_DESAQ3
HULU SUNGAI UTARA_TELUK PARING,Desa,NDEZNET_DESAQ3
HULU SUNGAI UTARA_PANYIURAN,Desa,NDEZNET_DESAQ3
HULU SUNGAI UTARA_PEMATANG BENTENG HILIR,Desa,NDEZNET_DESAQ3
HULU SUNGAI UTARA_RANTAU BUJUR HILIR,Desa,NDEZNET_DESAQ3
HULU SUNGAI TENGAH_ABUNG,Desa,NDEZNET_DESAQ3
HULU SUNGAI TENGAH_BINJAI PIRUA,Desa,NDEZNET_DESAQ3
HULU SUNGAI TENGAH_WAWAI GARDU,Desa,NDEZNET_DESAQ3
HULU SUNGAI TENGAH_LUNJUK,Desa,NDEZNET_DESAQ3
HULU SUNGAI TENGAH_BAKTI,Desa,NDEZNET_DESAQ3
TAPIN_WARINGIN,Desa,NDEZNET_DESAQ3
INDRAGIRI HULU_KERUBUNG JAYA,Desa,NDEZNET_DESAQ3
INDRAGIRI HULU_SUNGAI BAUNG,Desa,NDEZNET_DESAQ3
INDRAGIRI HULU_PULAU GELANG,Desa,NDEZNET_DESAQ3
INDRAGIRI HILIR_BATU AMPAR,Desa,NDEZNET_DESAQ3
INDRAGIRI HILIR_PEKAN KAMIS,Desa,NDEZNET_DESAQ3
BALANGAN_MARADAP,Desa,NDEZNET_DESAQ3
TABALONG_SIMPUNG LAYUNG,Desa,NDEZNET_DESAQ3
TABALONG_BONGKANG,Desa,NDEZNET_DESAQ3
TABALONG_MASUKAU,Desa,NDEZNET_DESAQ3
HULU SUNGAI UTARA_LOK BANGKAI,Desa,NDEZNET_DESAQ3
HULU SUNGAI UTARA_MURUNG PANTI HILIR,Desa,NDEZNET_DESAQ3
HULU SUNGAI TENGAH_KAMBAT SELATAN,Desa,NDEZNET_DESAQ3
TAPIN_BUNGUR BARU,Desa,NDEZNET_DESAQ3
INDRAGIRI HULU_PETALA BUMI,Desa,NDEZNET_DESAQ3
INDRAGIRI HULU_KEL. KEMBANG HARUM,Desa,NDEZNET_DESAQ3
INDRAGIRI HULU_KEL. TANAH MERAH,Desa,NDEZNET_DESAQ3
INDRAGIRI HULU_SUNGAI SAGU,Desa,NDEZNET_DESAQ3
INDRAGIRI HULU_KULIM JAYA,Desa,NDEZNET_DESAQ3
INDRAGIRI HULU_KUALA MULYA,Desa,NDEZNET_DESAQ3
INDRAGIRI HILIR_KEL. METRO,Desa,NDEZNET_DESAQ3
PELALAWAN_BUKIT GAJAH,Desa,NDEZNET_DESAQ3
PELALAWAN_BUKIT JAYA,Desa,NDEZNET_DESAQ3
PELALAWAN_LUBUK TERAP,Desa,NDEZNET_DESAQ3
PELALAWAN_ANGKASA,Desa,NDEZNET_DESAQ3
TABALONG_PAMARANGAN KIWA,Desa,NDEZNET_DESAQ3
HULU SUNGAI UTARA_TAYUR,Desa,NDEZNET_DESAQ3
HULU SUNGAI UTARA_GALAGAH,Desa,NDEZNET_DESAQ3
HULU SUNGAI UTARA_SUNGAI DURAIT HILIR,Desa,NDEZNET_DESAQ3
HULU SUNGAI UTARA_BITIN,Desa,NDEZNET_DESAQ3
HULU SUNGAI TENGAH_KAMBAT UTARA,Desa,NDEZNET_DESAQ3
HULU SUNGAI TENGAH_MURUNG TA'AL,Desa,NDEZNET_DESAQ3
HULU SUNGAI TENGAH_RANGAS,Desa,NDEZNET_DESAQ3
HULU SUNGAI TENGAH_TEMBOK BAHALANG,Desa,NDEZNET_DESAQ3
TAPIN_BINDERANG,Desa,NDEZNET_DESAQ3
BALANGAN_MUNGKUR UYAM,Desa,NDEZNET_DESAQ3
BALANGAN_BUNGUR,Desa,NDEZNET_DESAQ3
TABALONG_KARANGAN PUTIH,Desa,NDEZNET_DESAQ3
HULU SUNGAI UTARA_PALIMBANGAN,Desa,NDEZNET_DESAQ3
HULU SUNGAI TENGAH_MANDINGIN,Desa,NDEZNET_DESAQ3
TAPIN_MARGASARI HILIR,Desa,NDEZNET_DESAQ3
TAPIN_KEL. BITAHAN,Desa,NDEZNET_DESAQ3
INDRAGIRI HULU_BULUH RAMPAI,Desa,NDEZNET_DESAQ3
INDRAGIRI HULU_PASIR RINGGIT,Desa,NDEZNET_DESAQ3
INDRAGIRI HULU_PERKEBUNAN SUNGAI LALA,Desa,NDEZNET_DESAQ3
INDRAGIRI HULU_SUNGAI DAWU,Desa,NDEZNET_DESAQ3
INDRAGIRI HULU_KUANTAN BABU,Desa,NDEZNET_DESAQ3
INDRAGIRI HULU_KUALA CENAKU,Desa,NDEZNET_DESAQ3
INDRAGIRI HILIR_SUNGAIGANTANG,Desa,NDEZNET_DESAQ3
INDRAGIRI HILIR_DANAUPULAI INDAH,Desa,NDEZNET_DESAQ3
PELALAWAN_MAKMUR,Desa,NDEZNET_DESAQ3
TABALONG_JUAI,Desa,NDEZNET_DESAQ3
TABALONG_BINTURU,Desa,NDEZNET_DESAQ3
HULU SUNGAI UTARA_HAUR GADING,Desa,NDEZNET_DESAQ3
HULU SUNGAI UTARA_BANYU TAJUN HILIR,Desa,NDEZNET_DESAQ3
HULU SUNGAI UTARA_SUNGAI JANJAM,Desa,NDEZNET_DESAQ3
HULU SUNGAI TENGAH_KARATUNGAN,Desa,NDEZNET_DESAQ3
HULU SUNGAI TENGAH_TELANG,Desa,NDEZNET_DESAQ3
HULU SUNGAI TENGAH_ANDUHUM,Desa,NDEZNET_DESAQ3
HULU SUNGAI TENGAH_ANDANG,Desa,NDEZNET_DESAQ3
INDRAGIRI HILIR_KEL. KEMPAS JAYA,Desa,NDEZNET_DESAQ3
BALANGAN_KEL. BATU PIRING,Desa,NDEZNET_DESAQ3
BALANGAN_KEL. PARINGIN KOTA,Desa,NDEZNET_DESAQ3
TABALONG_SERADANG,Desa,NDEZNET_DESAQ3
TABALONG_KITANG,Desa,NDEZNET_DESAQ3
TABALONG_WAYAU,Desa,NDEZNET_DESAQ3
TABALONG_KAMBITIN RAYA,Desa,NDEZNET_DESAQ3
TABALONG_PADANG PANJANG,Desa,NDEZNET_DESAQ3
TABALONG_WARUKIN,Desa,NDEZNET_DESAQ3
TABALONG_AMPUKUNG,Desa,NDEZNET_DESAQ3
TABALONG_SUNGAI DURIAN,Desa,NDEZNET_DESAQ3
HULU SUNGAI UTARA_SUNGAI BARING,Desa,NDEZNET_DESAQ3
HULU SUNGAI TENGAH_HILIR BANUA,Desa,NDEZNET_DESAQ3
HULU SUNGAI TENGAH_PANDAWAN,Desa,NDEZNET_DESAQ3
HULU SUNGAI TENGAH_GAMBAH,Desa,NDEZNET_DESAQ3
TAPIN_SUATO TATAKAN,Desa,NDEZNET_DESAQ3
INDRAGIRI HULU_TITIAN RESAK,Desa,NDEZNET_DESAQ3
INDRAGIRI HULU_KEL. PANGKALAN KASAI,Desa,NDEZNET_DESAQ3
INDRAGIRI HULU_GUDANG BATU,Desa,NDEZNET_DESAQ3
INDRAGIRI HULU_SUNGAI LALA,Desa,NDEZNET_DESAQ3
INDRAGIRI HULU_KEL. KMP BESAR SEBERANG,Desa,NDEZNET_DESAQ3
PELALAWAN_MUDA SETIA,Desa,NDEZNET_DESAQ3
PELALAWAN_KEL. UKUI I,Desa,NDEZNET_DESAQ3
BALANGAN_SIRAP,Desa,NDEZNET_DESAQ3
TABALONG_TAMUNTI,Desa,NDEZNET_DESAQ3
HULU SUNGAI UTARA_LOK SUGA,Desa,NDEZNET_DESAQ3
HULU SUNGAI UTARA_AIR TAWAR,Desa,NDEZNET_DESAQ3
HULU SUNGAI UTARA_TELAGA HANYAR,Desa,NDEZNET_DESAQ3
HULU SUNGAI TENGAH_MARINGGIT,Desa,NDEZNET_DESAQ3
HULU SUNGAI TENGAH_PEMANGKIH SEBERANG,Desa,NDEZNET_DESAQ3
HULU SUNGAI TENGAH_HALIAU,Desa,NDEZNET_DESAQ3
HULU SUNGAI TENGAH_MURUNG A.,Desa,NDEZNET_DESAQ3
TAPIN_BATARATAT,Desa,NDEZNET_DESAQ3
TAPIN_KEPAYANG,Desa,NDEZNET_DESAQ3
PELALAWAN_SIMPANG BERINGIN,Desa,NDEZNET_DESAQ3
BALANGAN_HUJAN MAS,Desa,NDEZNET_DESAQ3
BALANGAN_HILIR PASAR,Desa,NDEZNET_DESAQ3
TABALONG_NAMUN,Desa,NDEZNET_DESAQ3
TABALONG_MUARA UYA,Desa,NDEZNET_DESAQ3
TABALONG_HALONG,Desa,NDEZNET_DESAQ3
TABALONG_SUNGAI RUKAM I,Desa,NDEZNET_DESAQ3
TABALONG_BANUA LAWAS,Desa,NDEZNET_DESAQ3
TABALONG_PEMATANG,Desa,NDEZNET_DESAQ3
HULU SUNGAI UTARA_MUARA BARUH,Desa,NDEZNET_DESAQ3
HULU SUNGAI UTARA_KUANGAN,Desa,NDEZNET_DESAQ3
HULU SUNGAI UTARA_TELUK DAUN,Desa,NDEZNET_DESAQ3
HULU SUNGAI UTARA_PANANGKALAAN HULU,Desa,NDEZNET_DESAQ3
HULU SUNGAI UTARA_TIGARUN,Desa,NDEZNET_DESAQ3
HULU SUNGAI TENGAH_PALAJAU,Desa,NDEZNET_DESAQ3
HULU SUNGAI TENGAH_BANUA KUPANG,Desa,NDEZNET_DESAQ3
HULU SUNGAI TENGAH_KAYU BAWANG,Desa,NDEZNET_DESAQ3
HULU SUNGAI TENGAH_PAJUKUNGAN,Desa,NDEZNET_DESAQ3
HULU SUNGAI TENGAH_LABUHAN,Desa,NDEZNET_DESAQ3
HULU SUNGAI TENGAH_KAPAR,Desa,NDEZNET_DESAQ3
TAPIN_BARINGIN A,Desa,NDEZNET_DESAQ3
TAPIN_BAKARANGAN,Desa,NDEZNET_DESAQ3
TAPIN_ANTASARI,Desa,NDEZNET_DESAQ3
TAPIN_BANUA PADANG HILIR,Desa,NDEZNET_DESAQ3
TAPIN_PEMATANG KARANGAN HULU,Desa,NDEZNET_DESAQ3
TAPIN_PULAUPINANG UTARA,Desa,NDEZNET_DESAQ3
INDRAGIRI HULU_KEL. PERANAP,Desa,NDEZNET_DESAQ3
INDRAGIRI HULU_KOTA LAMA,Desa,NDEZNET_DESAQ3
INDRAGIRI HULU_PASIR KEMILU,Desa,NDEZNET_DESAQ3
INDRAGIRI HILIR_KEL. SUNGAISALAK,Desa,NDEZNET_DESAQ3
INDRAGIRI HILIR_PULAUBURUNG,Desa,NDEZNET_DESAQ3
PELALAWAN_MEKAR JAYA,Desa,NDEZNET_DESAQ3
PELALAWAN_KEL. PANGKALAN KERINCI BARAT,Desa,NDEZNET_DESAQ3
PELALAWAN_TERANTANG MANUK,Desa,NDEZNET_DESAQ3
BALANGAN_BUNTU KARAU,Desa,NDEZNET_DESAQ3
BALANGAN_KUSAMBI HILIR,Desa,NDEZNET_DESAQ3
TABALONG_NALUI,Desa,NDEZNET_DESAQ3
HULU SUNGAI UTARA_PATARIKAN,Desa,NDEZNET_DESAQ3
HULU SUNGAI UTARA_PELANJUNGAN SARI,Desa,NDEZNET_DESAQ3
HULU SUNGAI UTARA_SUNGAI TABUKAN,Desa,NDEZNET_DESAQ3
HULU SUNGAI UTARA_MANARAP HULU,Desa,NDEZNET_DESAQ3
HULU SUNGAI TENGAH_DURIAN GANTANG,Desa,NDEZNET_DESAQ3
HULU SUNGAI TENGAH_BABAI,Desa,NDEZNET_DESAQ3
HULU SUNGAI TENGAH_PANTAI BATUNG,Desa,NDEZNET_DESAQ3
HULU SUNGAI TENGAH_KAHAKAN,Desa,NDEZNET_DESAQ3
TAPIN_MARAMPIAU HILIR,Desa,NDEZNET_DESAQ3
TAPIN_PULAUPINANG,Desa,NDEZNET_DESAQ3
INDRAGIRI HULU_RIMPIAN,Desa,NDEZNET_DESAQ3
INDRAGIRI HILIR_SUNGAILUAR,Desa,NDEZNET_DESAQ3
BALANGAN_KUPANG,Desa,NDEZNET_DESAQ3
TABALONG_JARO,Desa,NDEZNET_DESAQ3
TABALONG_TANTARINGIN,Desa,NDEZNET_DESAQ3
HULU SUNGAI UTARA_SIMPANG TIGA,Desa,NDEZNET_DESAQ3
HULU SUNGAI UTARA_BABIRIK HILIR,Desa,NDEZNET_DESAQ3
HULU SUNGAI TENGAH_MAHANG SUNGAI HANYAR,Desa,NDEZNET_DESAQ3
HULU SUNGAI TENGAH_RANTAU KEMINTING,Desa,NDEZNET_DESAQ3
HULU SUNGAI TENGAH_BANUA KEPAYANG,Desa,NDEZNET_DESAQ3
HULU SUNGAI TENGAH_BANUA BINJAI,Desa,NDEZNET_DESAQ3
HULU SUNGAI TENGAH_KEL. BARABAI SELATAN,Desa,NDEZNET_DESAQ3
HULU SUNGAI TENGAH_LOK BUNTAR,Desa,NDEZNET_DESAQ3
TAPIN_LOKPAIKAT,Desa,NDEZNET_DESAQ3
TAPIN_MEKARSARI,Desa,NDEZNET_DESAQ3
TAPIN_PUALAM SARI,Desa,NDEZNET_DESAQ3
BALANGAN_MANTIMIN,Desa,NDEZNET_DESAQ3
TABALONG_KEL. HIKUN,Desa,NDEZNET_DESAQ3
TABALONG_KEL. JANGKUNG,Desa,NDEZNET_DESAQ3
TABALONG_TANTA,Desa,NDEZNET_DESAQ3
HULU SUNGAI TENGAH_ILUNG PASAR LAMA,Desa,NDEZNET_DESAQ3
HULU SUNGAI TENGAH_MATANG GINALUN,Desa,NDEZNET_DESAQ3
HULU SUNGAI TENGAH_BANUA JINGAH,Desa,NDEZNET_DESAQ3
TAPIN_BUNGUR,Desa,NDEZNET_DESAQ3
TAPIN_TATAKAN,Desa,NDEZNET_DESAQ3
INDRAGIRI HULU_CANDI REJO,Desa,NDEZNET_DESAQ3
INDRAGIRI HILIR_TANAH MERAH,Desa,NDEZNET_DESAQ3
INDRAGIRI HILIR_KEL. TELUKPINANG,Desa,NDEZNET_DESAQ3
INDRAGIRI HULU_KEL. AIR MOLEK,Desa,NDEZNET_DESAQ3
INDRAGIRI HULU_AIR MOLEK II,Desa,NDEZNET_DESAQ3
INDRAGIRI HULU_BATU GAJAH,Desa,NDEZNET_DESAQ3
INDRAGIRI HULU_KEL. TANJUNG GADING,Desa,NDEZNET_DESAQ3
INDRAGIRI HULU_KEL. SEKAR MAWAR,Desa,NDEZNET_DESAQ3
INDRAGIRI HULU_LIRIK AREA,Desa,NDEZNET_DESAQ3
INDRAGIRI HULU_REJOSARI,Desa,NDEZNET_DESAQ3
INDRAGIRI HULU_LAMBANG SARI V,Desa,NDEZNET_DESAQ3
INDRAGIRI HULU_LAMBANG SARI IV,Desa,NDEZNET_DESAQ3
"INDRAGIRI HULU_LAMBANG SARI I, II, III",Desa,NDEZNET_DESAQ3
INDRAGIRI HULU_SUKAJADI,Desa,NDEZNET_DESAQ3
INDRAGIRI HULU_SUNGAI BERAS HILIR,Desa,NDEZNET_DESAQ3
INDRAGIRI HULU_KEL. PEMATANG REBA,Desa,NDEZNET_DESAQ3
INDRAGIRI HULU_KEL. KAMPUNG DAGANG,Desa,NDEZNET_DESAQ3
INDRAGIRI HULU_KAMPUNG PULAU,Desa,NDEZNET_DESAQ3
INDRAGIRI HULU_KEL. KAMPUNG BESAR KOTA,Desa,NDEZNET_DESAQ3
INDRAGIRI HULU_KEL. PASAR KOTA,Desa,NDEZNET_DESAQ3
INDRAGIRI HULU_KEL. SEKIP HULU,Desa,NDEZNET_DESAQ3
INDRAGIRI HULU_KEL. SEKIP HILIR,Desa,NDEZNET_DESAQ3
INDRAGIRI HULU_SUNGAI BERINGIN,Desa,NDEZNET_DESAQ3
INDRAGIRI HILIR_KOTA BARU SEBERIDA,Desa,NDEZNET_DESAQ3
INDRAGIRI HILIR_KEL. PULAUKIJANG,Desa,NDEZNET_DESAQ3
INDRAGIRI HILIR_KEL. KUALA ENOK,Desa,NDEZNET_DESAQ3
INDRAGIRI HILIR_KEL. TEMBILAHAN HILIR,Desa,NDEZNET_DESAQ3
INDRAGIRI HILIR_KEL. TEMBILAHAN KOTA,Desa,NDEZNET_DESAQ3
INDRAGIRI HILIR_KEL. SUNGAIBERINGIN,Desa,NDEZNET_DESAQ3
INDRAGIRI HILIR_KEL. TEMPULING,Desa,NDEZNET_DESAQ3
INDRAGIRI HILIR_KEL. TEGARAJA,Desa,NDEZNET_DESAQ3
INDRAGIRI HILIR_AIR TAWAR,Desa,NDEZNET_DESAQ3
PELALAWAN_KEL. PANGKALAN KERINCI KOTA,Desa,NDEZNET_DESAQ3
PELALAWAN_KEL. PANGKALAN KERINCI TIMUR,Desa,NDEZNET_DESAQ3
TAPIN_TUNGKAP,Desa,NDEZNET_DESAQ3
TAPIN_A. YANI PURA,Desa,NDEZNET_DESAQ3
TAPIN_KEL. BINUANG,Desa,NDEZNET_DESAQ3
TAPIN_KEL. RAYA BELANTI,Desa,NDEZNET_DESAQ3
TAPIN_KEL. KARANG PUTIH,Desa,NDEZNET_DESAQ3
TAPIN_RUMINTIN,Desa,NDEZNET_DESAQ3
TAPIN_SAWANG,Desa,NDEZNET_DESAQ3
TAPIN_KEL. TAMBARANGAN,Desa,NDEZNET_DESAQ3
TAPIN_HARAPAN MASA,Desa,NDEZNET_DESAQ3
TAPIN_SERAWI,Desa,NDEZNET_DESAQ3
TAPIN_PURUT,Desa,NDEZNET_DESAQ3
TAPIN_ANTASAN HILIR,Desa,NDEZNET_DESAQ3
TAPIN_KEL. KUPANG,Desa,NDEZNET_DESAQ3
TAPIN_KEL. RANGDA MALINGKUNG,Desa,NDEZNET_DESAQ3
TAPIN_KEL. RANTAU KIWA,Desa,NDEZNET_DESAQ3
TAPIN_PERINTIS RAYA,Desa,NDEZNET_DESAQ3
TAPIN_KEL. RANTAU KANAN,Desa,NDEZNET_DESAQ3
TAPIN_BANUA HALAT KIRI,Desa,NDEZNET_DESAQ3
TAPIN_LUMBU RAYA,Desa,NDEZNET_DESAQ3
TAPIN_JINGAH BABARIS,Desa,NDEZNET_DESAQ3
HULU SUNGAI SELATAN_JAMBU HULU,Desa,NDEZNET_DESAQ3
HULU SUNGAI SELATAN_PADANG BATUNG,Desa,NDEZNET_DESAQ3
HULU SUNGAI SELATAN_JEMBATAN MERAH,Desa,NDEZNET_DESAQ3
HULU SUNGAI SELATAN_MADANG,Desa,NDEZNET_DESAQ3
HULU SUNGAI SELATAN_KARANG JAWA MUKA,Desa,NDEZNET_DESAQ3
HULU SUNGAI SELATAN_TABIHI,Desa,NDEZNET_DESAQ3
HULU SUNGAI SELATAN_TANIRAN SELATAN,Desa,NDEZNET_DESAQ3
HULU SUNGAI SELATAN_ANGKINANG SELATAN,Desa,NDEZNET_DESAQ3
HULU SUNGAI SELATAN_KAYU ABANG,Desa,NDEZNET_DESAQ3
HULU SUNGAI SELATAN_BAMBAN SELATAN,Desa,NDEZNET_DESAQ3
HULU SUNGAI SELATAN_BAMBAN UTARA,Desa,NDEZNET_DESAQ3
HULU SUNGAI SELATAN_KEL. JAMBU HILIR,Desa,NDEZNET_DESAQ3
HULU SUNGAI SELATAN_TIBUNG RAYA,Desa,NDEZNET_DESAQ3
HULU SUNGAI SELATAN_SUNGAI PARING,Desa,NDEZNET_DESAQ3
HULU SUNGAI SELATAN_KEL. KANDANGAN KOTA,Desa,NDEZNET_DESAQ3
HULU SUNGAI SELATAN_KEL. KANDANGAN UTARA,Desa,NDEZNET_DESAQ3
HULU SUNGAI SELATAN_GAMBAH LUAR MUKA,Desa,NDEZNET_DESAQ3
HULU SUNGAI SELATAN_GAMBAH DALAM,Desa,NDEZNET_DESAQ3
HULU SUNGAI SELATAN_BALUTI,Desa,NDEZNET_DESAQ3
HULU SUNGAI SELATAN_BATANG KULUR TENGAH,Desa,NDEZNET_DESAQ3
HULU SUNGAI SELATAN_ASAM,Desa,NDEZNET_DESAQ3
HULU SUNGAI SELATAN_KARASIKAN,Desa,NDEZNET_DESAQ3
HULU SUNGAI SELATAN_HAMALAU,Desa,NDEZNET_DESAQ3
HULU SUNGAI SELATAN_WASAH TENGAH,Desa,NDEZNET_DESAQ3
HULU SUNGAI SELATAN_KAPUH,Desa,NDEZNET_DESAQ3
HULU SUNGAI SELATAN_TAMBINGKAR,Desa,NDEZNET_DESAQ3
HULU SUNGAI SELATAN_SIRIH,Desa,NDEZNET_DESAQ3
HULU SUNGAI SELATAN_BANUA HANYAR,Desa,NDEZNET_DESAQ3
HULU SUNGAI SELATAN_BARUH JAYA,Desa,NDEZNET_DESAQ3
HULU SUNGAI SELATAN_TAMBANGAN,Desa,NDEZNET_DESAQ3
HULU SUNGAI SELATAN_HABIRAU TENGAH,Desa,NDEZNET_DESAQ3
HULU SUNGAI SELATAN_HABIRAU,Desa,NDEZNET_DESAQ3
HULU SUNGAI SELATAN_TUMBUKAN BANYU,Desa,NDEZNET_DESAQ3
HULU SUNGAI SELATAN_BANJARBARU,Desa,NDEZNET_DESAQ3
HULU SUNGAI SELATAN_BAYANAN,Desa,NDEZNET_DESAQ3
HULU SUNGAI SELATAN_PANDAN SARI,Desa,NDEZNET_DESAQ3
HULU SUNGAI SELATAN_PAKAPURAN KECIL,Desa,NDEZNET_DESAQ3
HULU SUNGAI SELATAN_SUNGAI MANDALA,Desa,NDEZNET_DESAQ3
HULU SUNGAI SELATAN_MANDALA MURUNG MESJID,Desa,NDEZNET_DESAQ3
HULU SUNGAI SELATAN_BARUH KEMBANG,Desa,NDEZNET_DESAQ3
HULU SUNGAI SELATAN_PAKAN DALAM,Desa,NDEZNET_DESAQ3
HULU SUNGAI SELATAN_PARAMAIAN,Desa,NDEZNET_DESAQ3
HULU SUNGAI SELATAN_TELUK HAUR,Desa,NDEZNET_DESAQ3
HULU SUNGAI SELATAN_PASUNGKAN,Desa,NDEZNET_DESAQ3
HULU SUNGAI TENGAH_HARUYAN SEBERANG,Desa,NDEZNET_DESAQ3
HULU SUNGAI TENGAH_HARUYAN,Desa,NDEZNET_DESAQ3
HULU SUNGAI TENGAH_PANGGUNG,Desa,NDEZNET_DESAQ3
HULU SUNGAI TENGAH_PAGAT,Desa,NDEZNET_DESAQ3
HULU SUNGAI TENGAH_ALUAN SUMUR,Desa,NDEZNET_DESAQ3
HULU SUNGAI TENGAH_ALUAN BESAR,Desa,NDEZNET_DESAQ3
HULU SUNGAI TENGAH_PAYA,Desa,NDEZNET_DESAQ3
HULU SUNGAI TENGAH_BIRAYANG TIMUR,Desa,NDEZNET_DESAQ3
HULU SUNGAI TENGAH_KEL. BIRAYANG,Desa,NDEZNET_DESAQ3
HULU SUNGAI TENGAH_BIRAYANG SURAPATI,Desa,NDEZNET_DESAQ3
HULU SUNGAI TENGAH_KEL. BUKAT,Desa,NDEZNET_DESAQ3
HULU SUNGAI TENGAH_KEL. BARABAI BARAT,Desa,NDEZNET_DESAQ3
HULU SUNGAI TENGAH_KEL. BARABAI UTARA,Desa,NDEZNET_DESAQ3
HULU SUNGAI TENGAH_KEL. BARABAI DARAT,Desa,NDEZNET_DESAQ3
HULU SUNGAI TENGAH_BENAWA TENGAH,Desa,NDEZNET_DESAQ3
HULU SUNGAI TENGAH_AWANG BESAR,Desa,NDEZNET_DESAQ3
HULU SUNGAI TENGAH_KEL. BARABAI TIMUR,Desa,NDEZNET_DESAQ3
HULU SUNGAI TENGAH_BANUA BUDI,Desa,NDEZNET_DESAQ3
HULU SUNGAI TENGAH_TABUDARAT HULU,Desa,NDEZNET_DESAQ3
HULU SUNGAI TENGAH_KEL. PANTAI HAMBAWANG BARAT,Desa,NDEZNET_DESAQ3
HULU SUNGAI TENGAH_PANTAI HAMBAWANG TIMUR,Desa,NDEZNET_DESAQ3
HULU SUNGAI TENGAH_BATANG BAHALANG,Desa,NDEZNET_DESAQ3
HULU SUNGAI TENGAH_TA'AL,Desa,NDEZNET_DESAQ3
HULU SUNGAI TENGAH_GUHA,Desa,NDEZNET_DESAQ3
HULU SUNGAI TENGAH_KADUNDUNG,Desa,NDEZNET_DESAQ3
HULU SUNGAI TENGAH_KASARANGAN,Desa,NDEZNET_DESAQ3
HULU SUNGAI TENGAH_PEMANGKIH,Desa,NDEZNET_DESAQ3
HULU SUNGAI TENGAH_SUNGAI BULUH,Desa,NDEZNET_DESAQ3
HULU SUNGAI TENGAH_MAHANG PUTAT,Desa,NDEZNET_DESAQ3
HULU SUNGAI TENGAH_BANUA BATUNG,Desa,NDEZNET_DESAQ3
HULU SUNGAI TENGAH_JATUH,Desa,NDEZNET_DESAQ3
HULU SUNGAI TENGAH_ILUNG,Desa,NDEZNET_DESAQ3
HULU SUNGAI TENGAH_ILUNG TENGAH,Desa,NDEZNET_DESAQ3
HULU SUNGAI TENGAH_SUMANGGI SEBERANG,Desa,NDEZNET_DESAQ3
HULU SUNGAI TENGAH_MUARA RINTIS,Desa,NDEZNET_DESAQ3
HULU SUNGAI TENGAH_HAUR GADING,Desa,NDEZNET_DESAQ3
HULU SUNGAI TENGAH_LIMPASU,Desa,NDEZNET_DESAQ3
HULU SUNGAI UTARA_MANARAP,Desa,NDEZNET_DESAQ3
HULU SUNGAI UTARA_PALUKAHAN,Desa,NDEZNET_DESAQ3
HULU SUNGAI UTARA_PANDAMAAN,Desa,NDEZNET_DESAQ3
HULU SUNGAI UTARA_DANAU PANGGANG,Desa,NDEZNET_DESAQ3
HULU SUNGAI UTARA_BABIRIK HULU,Desa,NDEZNET_DESAQ3
HULU SUNGAI UTARA_SUNGAI DURAIT TENGAH,Desa,NDEZNET_DESAQ3
HULU SUNGAI UTARA_RANTAU KARAU HILIR,Desa,NDEZNET_DESAQ3
HULU SUNGAI UTARA_BANYU TAJUN HULU,Desa,NDEZNET_DESAQ3
HULU SUNGAI UTARA_BANYU TAJUN PANGKALAN,Desa,NDEZNET_DESAQ3
HULU SUNGAI UTARA_PANGKALAN SARI,Desa,NDEZNET_DESAQ3
HULU SUNGAI UTARA_TATAH LABAN,Desa,NDEZNET_DESAQ3
HULU SUNGAI UTARA_RANTAU KARAU RAYA,Desa,NDEZNET_DESAQ3
HULU SUNGAI UTARA_HAMBUKU TENGAH,Desa,NDEZNET_DESAQ3
HULU SUNGAI UTARA_TELUK BETUNG,Desa,NDEZNET_DESAQ3
HULU SUNGAI UTARA_SUNGAI PANDAN HULU,Desa,NDEZNET_DESAQ3
HULU SUNGAI UTARA_SUNGAI PANDAN TENGAH,Desa,NDEZNET_DESAQ3
HULU SUNGAI UTARA_SUNGAI PANDAN HILIR,Desa,NDEZNET_DESAQ3
HULU SUNGAI UTARA_SUNGAI SANDUNG,Desa,NDEZNET_DESAQ3
HULU SUNGAI UTARA_TELUK CATI,Desa,NDEZNET_DESAQ3
HULU SUNGAI UTARA_GALAGAH HULU,Desa,NDEZNET_DESAQ3
HULU SUNGAI UTARA_PEMATANG BENTENG,Desa,NDEZNET_DESAQ3
HULU SUNGAI UTARA_BANUA HANYAR,Desa,NDEZNET_DESAQ3
HULU SUNGAI UTARA_CEMPAKA,Desa,NDEZNET_DESAQ3
HULU SUNGAI UTARA_ILIR MESJID,Desa,NDEZNET_DESAQ3
HULU SUNGAI UTARA_UJUNG MURUNG,Desa,NDEZNET_DESAQ3
HULU SUNGAI UTARA_JARANG KUANTAN,Desa,NDEZNET_DESAQ3
HULU SUNGAI UTARA_KOTA RAJA,Desa,NDEZNET_DESAQ3
HULU SUNGAI UTARA_JUMBA,Desa,NDEZNET_DESAQ3
HULU SUNGAI UTARA_PADANG DARAT,Desa,NDEZNET_DESAQ3
HULU SUNGAI UTARA_MAMAR,Desa,NDEZNET_DESAQ3
HULU SUNGAI UTARA_TELUK SARI,Desa,NDEZNET_DESAQ3
HULU SUNGAI UTARA_TELAGA SARI,Desa,NDEZNET_DESAQ3
HULU SUNGAI UTARA_HARUSAN TELAGA,Desa,NDEZNET_DESAQ3
HULU SUNGAI UTARA_TELAGA SILABA,Desa,NDEZNET_DESAQ3
HULU SUNGAI UTARA_MUARA TAPUS,Desa,NDEZNET_DESAQ3
HULU SUNGAI UTARA_RANTAWAN,Desa,NDEZNET_DESAQ3
HULU SUNGAI UTARA_KANDANG HALANG,Desa,NDEZNET_DESAQ3
HULU SUNGAI UTARA_PASAR SENIN,Desa,NDEZNET_DESAQ3
HULU SUNGAI UTARA_KEMBANG KUNING,Desa,NDEZNET_DESAQ3
HULU SUNGAI UTARA_KOTA RADEN HILIR,Desa,NDEZNET_DESAQ3
HULU SUNGAI UTARA_KOTA RADEN HULU,Desa,NDEZNET_DESAQ3
HULU SUNGAI UTARA_KEL. KEBUN SARI,Desa,NDEZNET_DESAQ3
HULU SUNGAI UTARA_SUNGAI KARIAS,Desa,NDEZNET_DESAQ3
HULU SUNGAI UTARA_HULU PASAR,Desa,NDEZNET_DESAQ3
HULU SUNGAI UTARA_TAMBALANGAN,Desa,NDEZNET_DESAQ3
HULU SUNGAI UTARA_KEL. ANTASARI,Desa,NDEZNET_DESAQ3
HULU SUNGAI UTARA_KEL. MURUNG SARI,Desa,NDEZNET_DESAQ3
HULU SUNGAI UTARA_KEL. PALIWARA,Desa,NDEZNET_DESAQ3
HULU SUNGAI UTARA_PALAMPITAN HULU,Desa,NDEZNET_DESAQ3
HULU SUNGAI UTARA_PALAMPITAN HILIR,Desa,NDEZNET_DESAQ3
HULU SUNGAI UTARA_KEL. SUNGAI MALANG,Desa,NDEZNET_DESAQ3
HULU SUNGAI UTARA_HARUS,Desa,NDEZNET_DESAQ3
HULU SUNGAI UTARA_BERINGIN,Desa,NDEZNET_DESAQ3
HULU SUNGAI UTARA_KALUDAN KECIL,Desa,NDEZNET_DESAQ3
HULU SUNGAI UTARA_KARIAS DALAM,Desa,NDEZNET_DESAQ3
HULU SUNGAI UTARA_BARUH TABING,Desa,NDEZNET_DESAQ3
HULU SUNGAI UTARA_TELUK SARIKAT,Desa,NDEZNET_DESAQ3
HULU SUNGAI UTARA_PAMINTANGAN,Desa,NDEZNET_DESAQ3
HULU SUNGAI UTARA_PAKACANGAN,Desa,NDEZNET_DESAQ3
HULU SUNGAI UTARA_PAKAPURAN,Desa,NDEZNET_DESAQ3
HULU SUNGAI UTARA_PANANGKALAAN,Desa,NDEZNET_DESAQ3
HULU SUNGAI UTARA_KAMAYAHAN,Desa,NDEZNET_DESAQ3
HULU SUNGAI UTARA_BAYUR,Desa,NDEZNET_DESAQ3
HULU SUNGAI UTARA_PALIMBANG SARI,Desa,NDEZNET_DESAQ3
HULU SUNGAI UTARA_SUNGAI LIMAS,Desa,NDEZNET_DESAQ3
TABALONG_HARIANG,Desa,NDEZNET_DESAQ3
TABALONG_BANGKILING,Desa,NDEZNET_DESAQ3
TABALONG_SUNGAI ANYAR,Desa,NDEZNET_DESAQ3
TABALONG_HALANGAN,Desa,NDEZNET_DESAQ3
TABALONG_TELAGA ITAR,Desa,NDEZNET_DESAQ3
TABALONG_PUDAK SETEGAL,Desa,NDEZNET_DESAQ3
TABALONG_BAHUNGIN,Desa,NDEZNET_DESAQ3
TABALONG_TAKULAT,Desa,NDEZNET_DESAQ3
TABALONG_KEL. PULAU,Desa,NDEZNET_DESAQ3
TABALONG_MASINTAN,Desa,NDEZNET_DESAQ3
TABALONG_PALIAT,Desa,NDEZNET_DESAQ3
TABALONG_SUNGAI BULUH,Desa,NDEZNET_DESAQ3
TABALONG_PASAR PANAS,Desa,NDEZNET_DESAQ3
TABALONG_MANTUIL,Desa,NDEZNET_DESAQ3
TABALONG_MURUNG KARANGAN,Desa,NDEZNET_DESAQ3
TABALONG_MANGKUSIP,Desa,NDEZNET_DESAQ3
TABALONG_SUNGAI PIMPING,Desa,NDEZNET_DESAQ3
TABALONG_PUAIN KIWA,Desa,NDEZNET_DESAQ3
TABALONG_KEL. TANJUNG,Desa,NDEZNET_DESAQ3
TABALONG_KEL. AGUNG,Desa,NDEZNET_DESAQ3
TABALONG_MAHE SEBERANG,Desa,NDEZNET_DESAQ3
TABALONG_KEL. SULINGAN,Desa,NDEZNET_DESAQ3
TABALONG_KEL. PEMBATAAN,Desa,NDEZNET_DESAQ3
TABALONG_KEL. MABU'UN,Desa,NDEZNET_DESAQ3
TABALONG_MABURAI,Desa,NDEZNET_DESAQ3
TABALONG_KEL. BELIMBING RAYA,Desa,NDEZNET_DESAQ3
TABALONG_KEL. BELIMBING,Desa,NDEZNET_DESAQ3
TABALONG_KAPAR,Desa,NDEZNET_DESAQ3
TABALONG_MAHE PASAR,Desa,NDEZNET_DESAQ3
TABALONG_HAYUP,Desa,NDEZNET_DESAQ3
TABALONG_WIRANG,Desa,NDEZNET_DESAQ3
BALANGAN_SIMPANG TIGA,Desa,NDEZNET_DESAQ3
BALANGAN_LAMPIHONG KIRI,Desa,NDEZNET_DESAQ3
BALANGAN_HAMPA RAYA,Desa,NDEZNET_DESAQ3
BALANGAN_TELUK MESJID,Desa,NDEZNET_DESAQ3
BALANGAN_BATUMANDI,Desa,NDEZNET_DESAQ3
BALANGAN_RIWA,Desa,NDEZNET_DESAQ3
BALANGAN_BARU,Desa,NDEZNET_DESAQ3
BALANGAN_BABAYAU,Desa,NDEZNET_DESAQ3
BALANGAN_BALANG,Desa,NDEZNET_DESAQ3
BALANGAN_MURUNG ILUNG,Desa,NDEZNET_DESAQ3
BALANGAN_LAYAP,Desa,NDEZNET_DESAQ3
BALANGAN_KEL. PARINGIN TIMUR,Desa,NDEZNET_DESAQ3
BALANGAN_BALIDA,Desa,NDEZNET_DESAQ3
BALANGAN_LASUNG BATU,Desa,NDEZNET_DESAQ3
BALANGAN_DAHAI,Desa,NDEZNET_DESAQ3
BALANGAN_INAN,Desa,NDEZNET_DESAQ3
BALANGAN_LINGSIR,Desa,NDEZNET_DESAQ3
BALANGAN_HALONG,Desa,NDEZNET_DESAQ3
TAPIN_GUNUNGBATU,Desa,NDEZNET_DESAQ3
TAPIN_PADANG SARI,Desa,NDEZNET_DESAQ3
TAPIN_MATANG BATAS,Desa,NDEZNET_DESAQ3
TAPIN_BURAKAI,Desa,NDEZNET_DESAQ3
TAPIN_HATUNGUN,Desa,NDEZNET_DESAQ3
TAPIN_TARUNGIN,Desa,NDEZNET_DESAQ3
TAPIN_BAGAK,Desa,NDEZNET_DESAQ3
TAPIN_ASAM RANDAH,Desa,NDEZNET_DESAQ3
TAPIN_BATU HAPU,Desa,NDEZNET_DESAQ3
TAPIN_KAMBANG KUNING,Desa,NDEZNET_DESAQ3
TAPIN_LAWAHAN,Desa,NDEZNET_DESAQ3
TAPIN_CEMPAKA,Desa,NDEZNET_DESAQ3
TAPIN_TIMBAAN,Desa,NDEZNET_DESAQ3
TAPIN_HATIWIN,Desa,NDEZNET_DESAQ3
TAPIN_KAMBANG HABANG BARU,Desa,NDEZNET_DESAQ3
TAPIN_SUKARAMAI,Desa,NDEZNET_DESAQ3
TAPIN_PANDULANGAN,Desa,NDEZNET_DESAQ3
TAPIN_TIRIK,Desa,NDEZNET_DESAQ3
TAPIN_ANDHIKA,Desa,NDEZNET_DESAQ3
TAPIN_PEMATANG KARANGAN,Desa,NDEZNET_DESAQ3
TAPIN_PAPAGAN MAKMUR,Desa,NDEZNET_DESAQ3
TAPIN_PANDAHAN,Desa,NDEZNET_DESAQ3
TAPIN_PARING GULING,Desa,NDEZNET_DESAQ3
TAPIN_RANTAU BUJUR,Desa,NDEZNET_DESAQ3
TAPIN_HANGUI,Desa,NDEZNET_DESAQ3
TAPIN_LINUH,Desa,NDEZNET_DESAQ3
TAPIN_KALUMPANG,Desa,NDEZNET_DESAQ3
TAPIN_TIMBUNG,Desa,NDEZNET_DESAQ3
TAPIN_BARAMBAN,Desa,NDEZNET_DESAQ3
TAPIN_MIAWA,Desa,NDEZNET_DESAQ3
TAPIN_BUNIIN JAYA,Desa,NDEZNET_DESAQ3
TAPIN_BATU AMPAR,Desa,NDEZNET_DESAQ3
TAPIN_PIPITAK JAYA,Desa,NDEZNET_DESAQ3
TAPIN_HARAKIT,Desa,NDEZNET_DESAQ3
TAPIN_BATUNG,Desa,NDEZNET_DESAQ3
TAPIN_BALAWAIAN,Desa,NDEZNET_DESAQ3
TAPIN_BUDI MULYA,Desa,NDEZNET_DESAQ3
TAPIN_PUNCAK HARAPAN,Desa,NDEZNET_DESAQ3
TAPIN_BADAUN,Desa,NDEZNET_DESAQ3
TAPIN_BANUA HALAR HULU,Desa,NDEZNET_DESAQ3
TAPIN_BANUA HANYAR,Desa,NDEZNET_DESAQ3
TAPIN_PAUL,Desa,NDEZNET_DESAQ3
TAPIN_KETAPANG,Desa,NDEZNET_DESAQ3
TAPIN_BUNDUNG,Desa,NDEZNET_DESAQ3
TAPIN_MASTA,Desa,NDEZNET_DESAQ3
TAPIN_SUNGAI RUTAS HULU,Desa,NDEZNET_DESAQ3
TAPIN_PABAUNGAN HULU,Desa,NDEZNET_DESAQ3
TAPIN_PABAUNGAN PANTAI,Desa,NDEZNET_DESAQ3
TAPIN_PABAUNGAN HILIR,Desa,NDEZNET_DESAQ3
TAPIN_BARINGIN B,Desa,NDEZNET_DESAQ3
TAPIN_MARGASARI HULU,Desa,NDEZNET_DESAQ3
TAPIN_CANDI LARAS,Desa,NDEZNET_DESAQ3
TAPIN_BAULIN,Desa,NDEZNET_DESAQ3
TAPIN_KELADAN,Desa,NDEZNET_DESAQ3
TAPIN_SUNGAI SELAI HILIR,Desa,NDEZNET_DESAQ3
TAPIN_SUNGAI SELAI,Desa,NDEZNET_DESAQ3
TAPIN_SUNGAI PUTING,Desa,NDEZNET_DESAQ3
TAPIN_PARIOK,Desa,NDEZNET_DESAQ3
TAPIN_BATALAS,Desa,NDEZNET_DESAQ3
TAPIN_TELUK HAUR,Desa,NDEZNET_DESAQ3
TAPIN_RAWANA,Desa,NDEZNET_DESAQ3
TAPIN_RAWANA HULU,Desa,NDEZNET_DESAQ3
TAPIN_BUAS-BUAS HILIR,Desa,NDEZNET_DESAQ3
TAPIN_BUAS-BUAS,Desa,NDEZNET_DESAQ3
TAPIN_SAWAJA,Desa,NDEZNET_DESAQ3
HULU SUNGAI TENGAH_TABAT PADANG,Desa,NDEZNET_DESAQ3
HULU SUNGAI TENGAH_SUNGAI HARANG,Desa,NDEZNET_DESAQ3
HULU SUNGAI TENGAH_BATU PANGGUNG,Desa,NDEZNET_DESAQ3
HULU SUNGAI TENGAH_HAPULANG,Desa,NDEZNET_DESAQ3
HULU SUNGAI TENGAH_MANGUNANG,Desa,NDEZNET_DESAQ3
HULU SUNGAI TENGAH_MANGUNANG SEBERANG,Desa,NDEZNET_DESAQ3
HULU SUNGAI TENGAH_PANDANU,Desa,NDEZNET_DESAQ3
HULU SUNGAI TENGAH_BARU,Desa,NDEZNET_DESAQ3
HULU SUNGAI TENGAH_LAYUH,Desa,NDEZNET_DESAQ3
HULU SUNGAI TENGAH_PAYA BESAR,Desa,NDEZNET_DESAQ3
HULU SUNGAI TENGAH_KINDINGAN,Desa,NDEZNET_DESAQ3
HULU SUNGAI TENGAH_HARUYAN DAYAK,Desa,NDEZNET_DESAQ3
HULU SUNGAI TENGAH_TILAHAN,Desa,NDEZNET_DESAQ3
HULU SUNGAI TENGAH_PASTING,Desa,NDEZNET_DESAQ3
HULU SUNGAI TENGAH_BATU TUNGGAL,Desa,NDEZNET_DESAQ3
HULU SUNGAI TENGAH_BULAYAK,Desa,NDEZNET_DESAQ3
HULU SUNGAI TENGAH_MURUNG B,Desa,NDEZNET_DESAQ3
HULU SUNGAI TENGAH_DATAR AJAB,Desa,NDEZNET_DESAQ3
HULU SUNGAI TENGAH_ALAT,Desa,NDEZNET_DESAQ3
HULU SUNGAI TENGAH_HANTAKAN,Desa,NDEZNET_DESAQ3
HULU SUNGAI TENGAH_HINAS KANAN,Desa,NDEZNET_DESAQ3
HULU SUNGAI TENGAH_PATIKALAIN,Desa,NDEZNET_DESAQ3
HULU SUNGAI TENGAH_TANAH HABANG,Desa,NDEZNET_DESAQ3
HULU SUNGAI TENGAH_CUKAN LIPAI,Desa,NDEZNET_DESAQ3
HULU SUNGAI TENGAH_LIMBAR,Desa,NDEZNET_DESAQ3
HULU SUNGAI TENGAH_MAHELA,Desa,NDEZNET_DESAQ3
HULU SUNGAI TENGAH_JUHU,Desa,NDEZNET_DESAQ3
HULU SUNGAI TENGAH_HINAS KIRI,Desa,NDEZNET_DESAQ3
HULU SUNGAI TENGAH_ATIRAN,Desa,NDEZNET_DESAQ3
HULU SUNGAI TENGAH_MUARA HUNGI,Desa,NDEZNET_DESAQ3
HULU SUNGAI TENGAH_PEMBAKULAN,Desa,NDEZNET_DESAQ3
HULU SUNGAI TENGAH_NATEH,Desa,NDEZNET_DESAQ3
HULU SUNGAI TENGAH_BATU TANGGA,Desa,NDEZNET_DESAQ3
HULU SUNGAI TENGAH_TANDILANG,Desa,NDEZNET_DESAQ3
HULU SUNGAI TENGAH_BATU PERAHU,Desa,NDEZNET_DESAQ3
HULU SUNGAI TENGAH_AING BANTAI,Desa,NDEZNET_DESAQ3
HULU SUNGAI TENGAH_DATAR BATUNG,Desa,NDEZNET_DESAQ3
HULU SUNGAI TENGAH_PANGGANG MARAK,Desa,NDEZNET_DESAQ3
HULU SUNGAI TENGAH_MUNDAR,Desa,NDEZNET_DESAQ3
HULU SUNGAI TENGAH_MAHANG BARU,Desa,NDEZNET_DESAQ3
HULU SUNGAI TENGAH_JAMIL,Desa,NDEZNET_DESAQ3
HULU SUNGAI TENGAH_SUNGAI JARANIH,Desa,NDEZNET_DESAQ3
HULU SUNGAI TENGAH_PAHALATAN,Desa,NDEZNET_DESAQ3
HULU SUNGAI TENGAH_PARUMAHAN,Desa,NDEZNET_DESAQ3
HULU SUNGAI TENGAH_TABAT,Desa,NDEZNET_DESAQ3
HULU SUNGAI TENGAH_MANTAAS,Desa,NDEZNET_DESAQ3
HULU SUNGAI TENGAH_RANTAU BUJUR,Desa,NDEZNET_DESAQ3
HULU SUNGAI TENGAH_TUNGKUP,Desa,NDEZNET_DESAQ3
HULU SUNGAI TENGAH_SAMHURANG,Desa,NDEZNET_DESAQ3
HULU SUNGAI TENGAH_MASIRAAN,Desa,NDEZNET_DESAQ3
HULU SUNGAI TENGAH_KAYU RABAH,Desa,NDEZNET_DESAQ3
HULU SUNGAI TENGAH_SETIAP,Desa,NDEZNET_DESAQ3
HULU SUNGAI TENGAH_SUMANGGI,Desa,NDEZNET_DESAQ3
HULU SUNGAI TENGAH_DANGU,Desa,NDEZNET_DESAQ3
HULU SUNGAI TENGAH_AWANG BARU,Desa,NDEZNET_DESAQ3
HULU SUNGAI TENGAH_AWANG,Desa,NDEZNET_DESAQ3
HULU SUNGAI TENGAH_LABUNGANAK,Desa,NDEZNET_DESAQ3
HULU SUNGAI TENGAH_TAPUK,Desa,NDEZNET_DESAQ3
HULU SUNGAI TENGAH_PAUH,Desa,NDEZNET_DESAQ3
HULU SUNGAI TENGAH_HAWANG,Desa,NDEZNET_DESAQ3
HULU SUNGAI TENGAH_KARAU,Desa,NDEZNET_DESAQ3
HULU SUNGAI UTARA_SUNGAI NAMANG,Desa,NDEZNET_DESAQ3
HULU SUNGAI UTARA_SARANG BURUNG,Desa,NDEZNET_DESAQ3
HULU SUNGAI UTARA_TELAGA MAS,Desa,NDEZNET_DESAQ3
HULU SUNGAI UTARA_LONGKONG,Desa,NDEZNET_DESAQ3
HULU SUNGAI UTARA_BARU,Desa,NDEZNET_DESAQ3
HULU SUNGAI UTARA_PARARAIN,Desa,NDEZNET_DESAQ3
HULU SUNGAI UTARA_RINTISAN,Desa,NDEZNET_DESAQ3
HULU SUNGAI UTARA_PAMINGGIR,Desa,NDEZNET_DESAQ3
HULU SUNGAI UTARA_PAMINGGIR SEBERANG,Desa,NDEZNET_DESAQ3
HULU SUNGAI UTARA_AMBAHAI,Desa,NDEZNET_DESAQ3
HULU SUNGAI UTARA_SAPALA,Desa,NDEZNET_DESAQ3
HULU SUNGAI UTARA_BARARAWA,Desa,NDEZNET_DESAQ3
HULU SUNGAI UTARA_PAL BATU,Desa,NDEZNET_DESAQ3
HULU SUNGAI UTARA_TAMPAKANG,Desa,NDEZNET_DESAQ3
HULU SUNGAI UTARA_MURUNG KUPANG,Desa,NDEZNET_DESAQ3
HULU SUNGAI UTARA_HAMBUKU BARU,Desa,NDEZNET_DESAQ3
HULU SUNGAI UTARA_HAMBUKU HILIR,Desa,NDEZNET_DESAQ3
HULU SUNGAI UTARA_MURUNG PANTI HULU,Desa,NDEZNET_DESAQ3
HULU SUNGAI UTARA_TELUK LIMBUNG,Desa,NDEZNET_DESAQ3
HULU SUNGAI UTARA_SUNGAI PAPUYU,Desa,NDEZNET_DESAQ3
HULU SUNGAI UTARA_KALUMPANG DALAM,Desa,NDEZNET_DESAQ3
HULU SUNGAI UTARA_SUNGAI LUANG HILIR,Desa,NDEZNET_DESAQ3
HULU SUNGAI UTARA_PARUPUKAN,Desa,NDEZNET_DESAQ3
HULU SUNGAI UTARA_SUNGAI NYIUR,Desa,NDEZNET_DESAQ3
HULU SUNGAI UTARA_SUNGAI LUANG HULU,Desa,NDEZNET_DESAQ3
HULU SUNGAI UTARA_SUNGAI DALAM,Desa,NDEZNET_DESAQ3
HULU SUNGAI UTARA_PAJUKUNGAN HILIR,Desa,NDEZNET_DESAQ3
HULU SUNGAI UTARA_PAJUKUNGAN HULU,Desa,NDEZNET_DESAQ3
HULU SUNGAI UTARA_PONDOK BABARIS,Desa,NDEZNET_DESAQ3
HULU SUNGAI UTARA_MURUNG ASAM,Desa,NDEZNET_DESAQ3
HULU SUNGAI UTARA_JALAN LURUS,Desa,NDEZNET_DESAQ3
HULU SUNGAI UTARA_HAMBUKU PASAR,Desa,NDEZNET_DESAQ3
HULU SUNGAI UTARA_HAMBUKU RAYA,Desa,NDEZNET_DESAQ3
HULU SUNGAI UTARA_HAMBUKU HULU,Desa,NDEZNET_DESAQ3
HULU SUNGAI UTARA_TAMBALANG,Desa,NDEZNET_DESAQ3
HULU SUNGAI UTARA_TAMBALANG TENGAH,Desa,NDEZNET_DESAQ3
HULU SUNGAI UTARA_TAMBALANG KECIL,Desa,NDEZNET_DESAQ3
HULU SUNGAI UTARA_PUTAT ATAS,Desa,NDEZNET_DESAQ3
HULU SUNGAI UTARA_PADANG BANGKAL,Desa,NDEZNET_DESAQ3
HULU SUNGAI UTARA_PASAR SABTU,Desa,NDEZNET_DESAQ3
HULU SUNGAI UTARA_HILIR MESJID,Desa,NDEZNET_DESAQ3
HULU SUNGAI UTARA_GAMPA RAYA,Desa,NDEZNET_DESAQ3
HULU SUNGAI UTARA_RANTAU BUJUR DARAT,Desa,NDEZNET_DESAQ3
HULU SUNGAI UTARA_RUKAM HULU,Desa,NDEZNET_DESAQ3
HULU SUNGAI UTARA_RUKAM HILIR,Desa,NDEZNET_DESAQ3
HULU SUNGAI UTARA_KUTAI KECIL,Desa,NDEZNET_DESAQ3
HULU SUNGAI UTARA_KAYAKAH,Desa,NDEZNET_DESAQ3
HULU SUNGAI UTARA_BAJAWIT,Desa,NDEZNET_DESAQ3
HULU SUNGAI UTARA_PADANG TANGGUL,Desa,NDEZNET_DESAQ3
HULU SUNGAI UTARA_MURUNG PANGGANG,Desa,NDEZNET_DESAQ3
HULU SUNGAI UTARA_DANAU CERMIN,Desa,NDEZNET_DESAQ3
HULU SUNGAI UTARA_PINANGKARA,Desa,NDEZNET_DESAQ3
HULU SUNGAI UTARA_PINANG HABANG,Desa,NDEZNET_DESAQ3
HULU SUNGAI UTARA_TAPUS,Desa,NDEZNET_DESAQ3
HULU SUNGAI UTARA_MAWAR SARI,Desa,NDEZNET_DESAQ3
HULU SUNGAI UTARA_PAWALUTAN,Desa,NDEZNET_DESAQ3
HULU SUNGAI UTARA_TELUK BULUH,Desa,NDEZNET_DESAQ3
HULU SUNGAI UTARA_GARUNGGANG,Desa,NDEZNET_DESAQ3
HULU SUNGAI UTARA_DANAU TERATI,Desa,NDEZNET_DESAQ3
HULU SUNGAI UTARA_MURUNG PADANG,Desa,NDEZNET_DESAQ3
HULU SUNGAI UTARA_PULAU DAMAR,Desa,NDEZNET_DESAQ3
HULU SUNGAI UTARA_MURUNG KARANGAN,Desa,NDEZNET_DESAQ3
HULU SUNGAI UTARA_PANANGIAN,Desa,NDEZNET_DESAQ3
HULU SUNGAI UTARA_SUNGAI TURAK DALAM,Desa,NDEZNET_DESAQ3
HULU SUNGAI UTARA_PANDAWANAN,Desa,NDEZNET_DESAQ3
HULU SUNGAI UTARA_PIMPING,Desa,NDEZNET_DESAQ3
HULU SUNGAI UTARA_PADANG LUAR,Desa,NDEZNET_DESAQ3
HULU SUNGAI UTARA_TABING LIRING,Desa,NDEZNET_DESAQ3
HULU SUNGAI UTARA_PALIMBANGAN GUSTI,Desa,NDEZNET_DESAQ3
HULU SUNGAI UTARA_PULANTANI,Desa,NDEZNET_DESAQ3
HULU SUNGAI UTARA_TELUK HAUR,Desa,NDEZNET_DESAQ3
HULU SUNGAI UTARA_WARINGIN,Desa,NDEZNET_DESAQ3
HULU SUNGAI UTARA_TANGKAWANG,Desa,NDEZNET_DESAQ3
HULU SUNGAI UTARA_TUHURAN,Desa,NDEZNET_DESAQ3
TABALONG_HAPALAH,Desa,NDEZNET_DESAQ3
TABALONG_BATANG BANYU,Desa,NDEZNET_DESAQ3
TABALONG_BANGKILING RAYA,Desa,NDEZNET_DESAQ3
TABALONG_HABAU,Desa,NDEZNET_DESAQ3
TABALONG_HABAU HULU,Desa,NDEZNET_DESAQ3
TABALONG_PAMPANAN,Desa,NDEZNET_DESAQ3
TABALONG_SUNGAI RUKAM II,Desa,NDEZNET_DESAQ3
TABALONG_JIRAK,Desa,NDEZNET_DESAQ3
TABALONG_MADANG,Desa,NDEZNET_DESAQ3
TABALONG_HARUS,Desa,NDEZNET_DESAQ3
TABALONG_MANDUIN,Desa,NDEZNET_DESAQ3
TABALONG_WALANGKIR,Desa,NDEZNET_DESAQ3
TABALONG_PULAU KU'U,Desa,NDEZNET_DESAQ3
TABALONG_TAMIYANG,Desa,NDEZNET_DESAQ3
TABALONG_PAMARANGAN KANAN,Desa,NDEZNET_DESAQ3
TABALONG_MURUNG BARU,Desa,NDEZNET_DESAQ3
TABALONG_KASIAU RAYA,Desa,NDEZNET_DESAQ3
TABALONG_LOK BATU,Desa,NDEZNET_DESAQ3
TABALONG_KEMBANG KUNING,Desa,NDEZNET_DESAQ3
TABALONG_CATUR KARYA,Desa,NDEZNET_DESAQ3
TABALONG_SURIAN,Desa,NDEZNET_DESAQ3
TABALONG_WALING,Desa,NDEZNET_DESAQ3
TABALONG_USIH,Desa,NDEZNET_DESAQ3
TABALONG_BINTANG ARA,Desa,NDEZNET_DESAQ3
TABALONG_ARGO MULYO,Desa,NDEZNET_DESAQ3
TABALONG_BURUM,Desa,NDEZNET_DESAQ3
TABALONG_PANAAN,Desa,NDEZNET_DESAQ3
TABALONG_HEGARMANAH,Desa,NDEZNET_DESAQ3
TABALONG_DAMBUNG RAYA,Desa,NDEZNET_DESAQ3
TABALONG_BUMI MAKMUR,Desa,NDEZNET_DESAQ3
TABALONG_MASINGAI II,Desa,NDEZNET_DESAQ3
TABALONG_MASINGAI I,Desa,NDEZNET_DESAQ3
TABALONG_BILAS,Desa,NDEZNET_DESAQ3
TABALONG_KAONG,Desa,NDEZNET_DESAQ3
TABALONG_PANGELAK,Desa,NDEZNET_DESAQ3
TABALONG_RIBANG,Desa,NDEZNET_DESAQ3
TABALONG_KUPANG NUNDING,Desa,NDEZNET_DESAQ3
TABALONG_MANGKUPUM,Desa,NDEZNET_DESAQ3
TABALONG_KAMPUNG BARU,Desa,NDEZNET_DESAQ3
TABALONG_PASAR BATU,Desa,NDEZNET_DESAQ3
TABALONG_UWIE,Desa,NDEZNET_DESAQ3
TABALONG_SANTUUN,Desa,NDEZNET_DESAQ3
TABALONG_BINJAI,Desa,NDEZNET_DESAQ3
TABALONG_SALIKUNG,Desa,NDEZNET_DESAQ3
TABALONG_SUNGAI KUMAP,Desa,NDEZNET_DESAQ3
TABALONG_MUANG,Desa,NDEZNET_DESAQ3
TABALONG_TERATAU,Desa,NDEZNET_DESAQ3
TABALONG_PURUI,Desa,NDEZNET_DESAQ3
TABALONG_GARAGATA,Desa,NDEZNET_DESAQ3
TABALONG_SOLAN,Desa,NDEZNET_DESAQ3
TABALONG_LANO,Desa,NDEZNET_DESAQ3
BALANGAN_TELUK KARYA,Desa,NDEZNET_DESAQ3
BALANGAN_MATANG LURUS,Desa,NDEZNET_DESAQ3
BALANGAN_PIMPING,Desa,NDEZNET_DESAQ3
BALANGAN_TANAH HABANG KIRI,Desa,NDEZNET_DESAQ3
BALANGAN_TANAH HABANG KANAN,Desa,NDEZNET_DESAQ3
BALANGAN_KANDANG JAYA,Desa,NDEZNET_DESAQ3
BALANGAN_JIMAMUN,Desa,NDEZNET_DESAQ3
BALANGAN_PANAITAN,Desa,NDEZNET_DESAQ3
BALANGAN_TAMPANG,Desa,NDEZNET_DESAQ3
BALANGAN_LOK PANGINANGAN,Desa,NDEZNET_DESAQ3
BALANGAN_SUNGAI TABUK,Desa,NDEZNET_DESAQ3
BALANGAN_BATU MERAH,Desa,NDEZNET_DESAQ3
BALANGAN_MATANG HANAU,Desa,NDEZNET_DESAQ3
BALANGAN_PUPUYUAN,Desa,NDEZNET_DESAQ3
BALANGAN_LAJAR,Desa,NDEZNET_DESAQ3
BALANGAN_GUNUNG MANAU,Desa,NDEZNET_DESAQ3
BALANGAN_LOK BATU,Desa,NDEZNET_DESAQ3
BALANGAN_BAKUNG,Desa,NDEZNET_DESAQ3
BALANGAN_KARUH,Desa,NDEZNET_DESAQ3
BALANGAN_MUNJUNG,Desa,NDEZNET_DESAQ3
BALANGAN_PELAJAU,Desa,NDEZNET_DESAQ3
BALANGAN_KASAI,Desa,NDEZNET_DESAQ3
BALANGAN_GUHA,Desa,NDEZNET_DESAQ3
BALANGAN_NUNGKA,Desa,NDEZNET_DESAQ3
BALANGAN_TUNDAKAN,Desa,NDEZNET_DESAQ3
BALANGAN_PIYAIT,Desa,NDEZNET_DESAQ3
BALANGAN_BARAMBAN,Desa,NDEZNET_DESAQ3
BALANGAN_BIHARA,Desa,NDEZNET_DESAQ3
BALANGAN_BIHARA HILIR,Desa,NDEZNET_DESAQ3
BALANGAN_MUARA JAYA,Desa,NDEZNET_DESAQ3
BALANGAN_PEMATANG,Desa,NDEZNET_DESAQ3
BALANGAN_SEI PUMPUNG,Desa,NDEZNET_DESAQ3
BALANGAN_MERAH,Desa,NDEZNET_DESAQ3
BALANGAN_KEDONDONG,Desa,NDEZNET_DESAQ3
BALANGAN_PULANTAN,Desa,NDEZNET_DESAQ3
BALANGAN_BADALUNGGA HILIR,Desa,NDEZNET_DESAQ3
BALANGAN_SIKONTAN,Desa,NDEZNET_DESAQ3
BALANGAN_TUNDI,Desa,NDEZNET_DESAQ3
BALANGAN_TANGALIN,Desa,NDEZNET_DESAQ3
BALANGAN_JU'UH,Desa,NDEZNET_DESAQ3
BALANGAN_SUNGSUM,Desa,NDEZNET_DESAQ3
BALANGAN_AUH,Desa,NDEZNET_DESAQ3
BALANGAN_DAYAK PITAP,Desa,NDEZNET_DESAQ3
BALANGAN_LANGKAP,Desa,NDEZNET_DESAQ3
BALANGAN_MAYANAU,Desa,NDEZNET_DESAQ3
BALANGAN_SIMPANG BUMBUAN,Desa,NDEZNET_DESAQ3
BALANGAN_SIMPANG NADONG,Desa,NDEZNET_DESAQ3
BALANGAN_GUNUNG BATU,Desa,NDEZNET_DESAQ3
BALANGAN_TEBING TINGGI,Desa,NDEZNET_DESAQ3
BALANGAN_AJUNG,Desa,NDEZNET_DESAQ3
BALANGAN_KAMBIYAIN,Desa,NDEZNET_DESAQ3
BALANGAN_MURUNG JAMBU,Desa,NDEZNET_DESAQ3
BALANGAN_HALUBAU,Desa,NDEZNET_DESAQ3
BALANGAN_MURUNG ABUIN,Desa,NDEZNET_DESAQ3
BALANGAN_BARUH BAHINU DALAM,Desa,NDEZNET_DESAQ3
BALANGAN_BINJAI,Desa,NDEZNET_DESAQ3
BALANGAN_TELAGA PURUN,Desa,NDEZNET_DESAQ3
BALANGAN_HALUBAU UTARA,Desa,NDEZNET_DESAQ3
BALANGAN_TARANGAN,Desa,NDEZNET_DESAQ3
BALANGAN_PAMURUS,Desa,NDEZNET_DESAQ3
BALANGAN_GULINGGANG,Desa,NDEZNET_DESAQ3
BALANGAN_SUNGAI BATUNG,Desa,NDEZNET_DESAQ3
BALANGAN_TAWAHAN,Desa,NDEZNET_DESAQ3
BALANGAN_TIGARUN,Desa,NDEZNET_DESAQ3
BALANGAN_PANIMBAAN,Desa,NDEZNET_DESAQ3
BALANGAN_JUAI,Desa,NDEZNET_DESAQ3
BALANGAN_TELUK BAYUR,Desa,NDEZNET_DESAQ3
BALANGAN_HAMARUNG,Desa,NDEZNET_DESAQ3
BALANGAN_HUKAI,Desa,NDEZNET_DESAQ3
BALANGAN_WONOREJO,Desa,NDEZNET_DESAQ3
BALANGAN_SUMBER REJEKI,Desa,NDEZNET_DESAQ3
BALANGAN_BATA,Desa,NDEZNET_DESAQ3
BALANGAN_MIHU,Desa,NDEZNET_DESAQ3
BALANGAN_LALAYAU,Desa,NDEZNET_DESAQ3
BALANGAN_BINUANG SANTANG,Desa,NDEZNET_DESAQ3
BALANGAN_MARAJAI,Desa,NDEZNET_DESAQ3
BALANGAN_MAUYA,Desa,NDEZNET_DESAQ3
BALANGAN_MANTUYAN,Desa,NDEZNET_DESAQ3
BALANGAN_TABUAN,Desa,NDEZNET_DESAQ3
BALANGAN_BUNTU PILANDUK,Desa,NDEZNET_DESAQ3
BALANGAN_UREN,Desa,NDEZNET_DESAQ3
BALANGAN_MAMANTANG,Desa,NDEZNET_DESAQ3
BALANGAN_KAPUL,Desa,NDEZNET_DESAQ3
BALANGAN_BINJAI PUNGGAL,Desa,NDEZNET_DESAQ3
BALANGAN_BARUH PANYAMBARAN,Desa,NDEZNET_DESAQ3
BALANGAN_BINJU,Desa,NDEZNET_DESAQ3
BALANGAN_BANGKAL,Desa,NDEZNET_DESAQ3
BALANGAN_SURYATAMA,Desa,NDEZNET_DESAQ3
BALANGAN_HAUWAI,Desa,NDEZNET_DESAQ3
BALANGAN_KARYA,Desa,NDEZNET_DESAQ3
BALANGAN_PUYUN,Desa,NDEZNET_DESAQ3
BALANGAN_GUNUNG RIUT,Desa,NDEZNET_DESAQ3
BALANGAN_LIYU,Desa,NDEZNET_DESAQ3
BALANGAN_ANIUNGAN,Desa,NDEZNET_DESAQ3
BALANGAN_MAMIGANG,Desa,NDEZNET_DESAQ3
BALANGAN_PADANG RAYA,Desa,NDEZNET_DESAQ3
BALANGAN_SUMBER AGUNG,Desa,NDEZNET_DESAQ3
INDRAGIRI HULU_SEMELINANG TEBING,Desa,NDEZNET_DESAQ3
INDRAGIRI HULU_PAUH RANAP,Desa,NDEZNET_DESAQ3
INDRAGIRI HULU_PANDAN WANGI,Desa,NDEZNET_DESAQ3
INDRAGIRI HULU_SERAI WANGI,Desa,NDEZNET_DESAQ3
INDRAGIRI HULU_KATIPO PURA,Desa,NDEZNET_DESAQ3
INDRAGIRI HULU_SETAKO RAYA,Desa,NDEZNET_DESAQ3
INDRAGIRI HULU_BATU RIJAL BARAT,Desa,NDEZNET_DESAQ3
INDRAGIRI HULU_PUNTI KAYU,Desa,NDEZNET_DESAQ3
INDRAGIRI HULU_PESAJIAN,Desa,NDEZNET_DESAQ3
INDRAGIRI HULU_SENCANO JAYA,Desa,NDEZNET_DESAQ3
INDRAGIRI HULU_SUNGAI AUR,Desa,NDEZNET_DESAQ3
INDRAGIRI HULU_PELADANGAN,Desa,NDEZNET_DESAQ3
INDRAGIRI HULU_KOTO TUO,Desa,NDEZNET_DESAQ3
INDRAGIRI HULU_PAYA RUMBAI,Desa,NDEZNET_DESAQ3
INDRAGIRI HULU_BELIGAN,Desa,NDEZNET_DESAQ3
INDRAGIRI HULU_BANDAR PADANG,Desa,NDEZNET_DESAQ3
INDRAGIRI HULU_TALANG BERSEMI,Desa,NDEZNET_DESAQ3
INDRAGIRI HULU_TALANG MULYA,Desa,NDEZNET_DESAQ3
INDRAGIRI HULU_ANAK TALANG,Desa,NDEZNET_DESAQ3
INDRAGIRI HULU_CENAKU KECIL,Desa,NDEZNET_DESAQ3
INDRAGIRI HULU_ALIM,Desa,NDEZNET_DESAQ3
INDRAGIRI HULU_PEMATANG MANGGIS,Desa,NDEZNET_DESAQ3
INDRAGIRI HULU_BUKIT LINGKAR,Desa,NDEZNET_DESAQ3
INDRAGIRI HULU_BUKIT LIPAI,Desa,NDEZNET_DESAQ3
INDRAGIRI HULU_KUALA GADING,Desa,NDEZNET_DESAQ3
INDRAGIRI HULU_SIPANG,Desa,NDEZNET_DESAQ3
INDRAGIRI HULU_PEJANGKI,Desa,NDEZNET_DESAQ3
INDRAGIRI HULU_LAHAI KEMUNING,Desa,NDEZNET_DESAQ3
INDRAGIRI HULU_KEPAYANG SARI,Desa,NDEZNET_DESAQ3
INDRAGIRI HULU_BATU PAPAN,Desa,NDEZNET_DESAQ3
INDRAGIRI HULU_SANGLAP,Desa,NDEZNET_DESAQ3
INDRAGIRI HULU_RANTAI LANGSAT,Desa,NDEZNET_DESAQ3
INDRAGIRI HULU_SUNGAI AKAR,Desa,NDEZNET_DESAQ3
INDRAGIRI HULU_USUL,Desa,NDEZNET_DESAQ3
INDRAGIRI HULU_TALANG LAKAT,Desa,NDEZNET_DESAQ3
INDRAGIRI HULU_BELIMBING,Desa,NDEZNET_DESAQ3
INDRAGIRI HULU_RINGIN,Desa,NDEZNET_DESAQ3
INDRAGIRI HULU_PENYAGUAN,Desa,NDEZNET_DESAQ3
INDRAGIRI HULU_DANAU RAMBAI,Desa,NDEZNET_DESAQ3
INDRAGIRI HULU_PULAU SENGKILO,Desa,NDEZNET_DESAQ3
INDRAGIRI HULU_KOTA MEDAN,Desa,NDEZNET_DESAQ3
INDRAGIRI HULU_POLAK PISANG,Desa,NDEZNET_DESAQ3
INDRAGIRI HULU_SIMPANG KOTA MEDAN,Desa,NDEZNET_DESAQ3
INDRAGIRI HULU_TANJUNG BELUDU,Desa,NDEZNET_DESAQ3
INDRAGIRI HULU_PELANGKO,Desa,NDEZNET_DESAQ3
INDRAGIRI HULU_KEL. SIMPANG KELAYANG,Desa,NDEZNET_DESAQ3
INDRAGIRI HULU_TELUK SEJUAH,Desa,NDEZNET_DESAQ3
INDRAGIRI HULU_DUSUN TUA,Desa,NDEZNET_DESAQ3
INDRAGIRI HULU_BONGKAL MALANG,Desa,NDEZNET_DESAQ3
INDRAGIRI HULU_SUNGAI BANYAK IKAN,Desa,NDEZNET_DESAQ3
INDRAGIRI HULU_SUNGAI PASIR PUTIH,Desa,NDEZNET_DESAQ3
INDRAGIRI HULU_SUNGAI GOLANG,Desa,NDEZNET_DESAQ3
INDRAGIRI HULU_SUNGAI KUNING BENIO,Desa,NDEZNET_DESAQ3
INDRAGIRI HULU_PASIR BERINGIN,Desa,NDEZNET_DESAQ3
INDRAGIRI HULU_BUKIT SELANJUT,Desa,NDEZNET_DESAQ3
INDRAGIRI HULU_DUSUN TUA PELANG,Desa,NDEZNET_DESAQ3
INDRAGIRI HULU_KOTA BARU,Desa,NDEZNET_DESAQ3
INDRAGIRI HULU_RIMBA SEMINAI,Desa,NDEZNET_DESAQ3
INDRAGIRI HULU_KUANTAN TENANG,Desa,NDEZNET_DESAQ3
INDRAGIRI HULU_KELAYANG,Desa,NDEZNET_DESAQ3
INDRAGIRI HULU_LUBUK SITARAK,Desa,NDEZNET_DESAQ3
INDRAGIRI HULU_PETONGGAN,Desa,NDEZNET_DESAQ3
INDRAGIRI HULU_BATU SAWAR,Desa,NDEZNET_DESAQ3
INDRAGIRI HULU_TALANG SUNGAI PARIT,Desa,NDEZNET_DESAQ3
INDRAGIRI HULU_TALANG SELANTAI,Desa,NDEZNET_DESAQ3
INDRAGIRI HULU_TALANG PERIGI,Desa,NDEZNET_DESAQ3
INDRAGIRI HULU_TALANG GEDABU,Desa,NDEZNET_DESAQ3
INDRAGIRI HULU_TALANG SUNGAI LIMAU,Desa,NDEZNET_DESAQ3
INDRAGIRI HULU_TALANG DURIAN CACAR,Desa,NDEZNET_DESAQ3
INDRAGIRI HULU_TUJUH BUAH TANGGA,Desa,NDEZNET_DESAQ3
INDRAGIRI HULU_BUKIT INDAH,Desa,NDEZNET_DESAQ3
INDRAGIRI HULU_KAMPUNG BUNGA,Desa,NDEZNET_DESAQ3
INDRAGIRI HULU_TALANG PRING JAYA,Desa,NDEZNET_DESAQ3
INDRAGIRI HULU_SUNGAI EKOK,Desa,NDEZNET_DESAQ3
INDRAGIRI HULU_TALANG SUKA MAJU,Desa,NDEZNET_DESAQ3
INDRAGIRI HULU_PASIR KERANJI,Desa,NDEZNET_DESAQ3
INDRAGIRI HULU_PETALONGAN,Desa,NDEZNET_DESAQ3
INDRAGIRI HULU_BANJAR BALAM,Desa,NDEZNET_DESAQ3
INDRAGIRI HULU_REDANG SEKO,Desa,NDEZNET_DESAQ3
INDRAGIRI HULU_MEKAR SARI,Desa,NDEZNET_DESAQ3
INDRAGIRI HULU_KUALA LALA,Desa,NDEZNET_DESAQ3
INDRAGIRI HULU_PASIR BATU MANDI,Desa,NDEZNET_DESAQ3
INDRAGIRI HULU_PASIR SELABAU,Desa,NDEZNET_DESAQ3
INDRAGIRI HULU_PASIR BONGKAL,Desa,NDEZNET_DESAQ3
INDRAGIRI HULU_PERKEBUNAN SUNGAI PARIT,Desa,NDEZNET_DESAQ3
INDRAGIRI HULU_MORONG,Desa,NDEZNET_DESAQ3
INDRAGIRI HULU_TANJUNG DANAU,Desa,NDEZNET_DESAQ3
INDRAGIRI HULU_SUNGAI AIR PUTIH,Desa,NDEZNET_DESAQ3
INDRAGIRI HULU_PONDOK GELUGUR,Desa,NDEZNET_DESAQ3
INDRAGIRI HULU_LUBUK BATU TINGGAL,Desa,NDEZNET_DESAQ3
INDRAGIRI HULU_BARANGAN,Desa,NDEZNET_DESAQ3
INDRAGIRI HULU_ALANG KEPAYANG,Desa,NDEZNET_DESAQ3
INDRAGIRI HULU_PEMATANG JAYA,Desa,NDEZNET_DESAQ3
INDRAGIRI HULU_BUKIT PETALING,Desa,NDEZNET_DESAQ3
INDRAGIRI HULU_SIALANG DUA DAHAN,Desa,NDEZNET_DESAQ3
INDRAGIRI HULU_TANI MAKMUR,Desa,NDEZNET_DESAQ3
INDRAGIRI HULU_AIR JERNIH,Desa,NDEZNET_DESAQ3
INDRAGIRI HULU_DANAU TIGA,Desa,NDEZNET_DESAQ3
INDRAGIRI HULU_SUNGAI GUNTUNG TENGAH,Desa,NDEZNET_DESAQ3
INDRAGIRI HULU_PULAU GAJAH,Desa,NDEZNET_DESAQ3
INDRAGIRI HULU_RAWA BANGUN,Desa,NDEZNET_DESAQ3
INDRAGIRI HULU_TAMBAK,Desa,NDEZNET_DESAQ3
INDRAGIRI HULU_TANJUNG SARI,Desa,NDEZNET_DESAQ3
INDRAGIRI HULU_RAWA SEKIP,Desa,NDEZNET_DESAQ3
INDRAGIRI HULU_RAWA ASRI,Desa,NDEZNET_DESAQ3
INDRAGIRI HULU_SUKA JADI,Desa,NDEZNET_DESAQ3
INDRAGIRI HULU_TELUK SUNGKAI,Desa,NDEZNET_DESAQ3
INDRAGIRI HILIR_SEBERANG PEBENAAN,Desa,NDEZNET_DESAQ3
INDRAGIRI HILIR_PEBENAAN,Desa,NDEZNET_DESAQ3
INDRAGIRI HILIR_NUSANTARA JAYA,Desa,NDEZNET_DESAQ3
INDRAGIRI HILIR_KEMBANG MEKARSARI,Desa,NDEZNET_DESAQ3
INDRAGIRI HILIR_KUALA KERITANG,Desa,NDEZNET_DESAQ3
INDRAGIRI HILIR_KUALA LEMANG,Desa,NDEZNET_DESAQ3
INDRAGIRI HILIR_TELUKKELASA,Desa,NDEZNET_DESAQ3
INDRAGIRI HILIR_PENGALIHAN,Desa,NDEZNET_DESAQ3
INDRAGIRI HILIR_PANCUR,Desa,NDEZNET_DESAQ3
INDRAGIRI HILIR_SENCALANG,Desa,NDEZNET_DESAQ3
INDRAGIRI HILIR_KAYU RAJA,Desa,NDEZNET_DESAQ3
INDRAGIRI HILIR_LINTAS UTARA,Desa,NDEZNET_DESAQ3
INDRAGIRI HILIR_NYIUR PERMAI,Desa,NDEZNET_DESAQ3
INDRAGIRI HILIR_PETALONGAN,Desa,NDEZNET_DESAQ3
INDRAGIRI HILIR_AIR BALUI,Desa,NDEZNET_DESAQ3
INDRAGIRI HILIR_TUK JIMUN,Desa,NDEZNET_DESAQ3
INDRAGIRI HILIR_KEMUNING MUDA,Desa,NDEZNET_DESAQ3
INDRAGIRI HILIR_KEMUNING TUA,Desa,NDEZNET_DESAQ3
INDRAGIRI HILIR_SEKARA,Desa,NDEZNET_DESAQ3
INDRAGIRI HILIR_LIMAU MANIS,Desa,NDEZNET_DESAQ3
INDRAGIRI HILIR_TALANG JANGKANG,Desa,NDEZNET_DESAQ3
INDRAGIRI HILIR_LUBUK BESAR,Desa,NDEZNET_DESAQ3
INDRAGIRI HILIR_SEKAYAN,Desa,NDEZNET_DESAQ3
INDRAGIRI HILIR_SANGLAR,Desa,NDEZNET_DESAQ3
INDRAGIRI HILIR_PULAUKECIL,Desa,NDEZNET_DESAQ3
INDRAGIRI HILIR_SUNGAIUNDAN,Desa,NDEZNET_DESAQ3
INDRAGIRI HILIR_SUNGAITERAP,Desa,NDEZNET_DESAQ3
INDRAGIRI HILIR_SEBERANG SANGLAR,Desa,NDEZNET_DESAQ3
INDRAGIRI HILIR_MEKAR SARI,Desa,NDEZNET_DESAQ3
INDRAGIRI HILIR_SEBERANG PULAU KIJANG,Desa,NDEZNET_DESAQ3
INDRAGIRI HILIR_SUNGAIASAM,Desa,NDEZNET_DESAQ3
INDRAGIRI HILIR_PULAURUKU,Desa,NDEZNET_DESAQ3
INDRAGIRI HILIR_TANJUNGLABUH,Desa,NDEZNET_DESAQ3
INDRAGIRI HILIR_SUNGAIMAHANG,Desa,NDEZNET_DESAQ3
INDRAGIRI HILIR_KUALA PATAH PARANG,Desa,NDEZNET_DESAQ3
INDRAGIRI HILIR_KUALA SUNGAI BATANG,Desa,NDEZNET_DESAQ3
INDRAGIRI HILIR_PASENGGERAHAN,Desa,NDEZNET_DESAQ3
INDRAGIRI HILIR_KEL. BENTENG,Desa,NDEZNET_DESAQ3
INDRAGIRI HILIR_BENTENG BARAT,Desa,NDEZNET_DESAQ3
INDRAGIRI HILIR_BENTENG UTARA,Desa,NDEZNET_DESAQ3
INDRAGIRI HILIR_PANDAN SARI,Desa,NDEZNET_DESAQ3
INDRAGIRI HILIR_MUGO MULYO,Desa,NDEZNET_DESAQ3
INDRAGIRI HILIR_SUHADA,Desa,NDEZNET_DESAQ3
INDRAGIRI HILIR_SUNGAIRUKAM,Desa,NDEZNET_DESAQ3
INDRAGIRI HILIR_SUNGAIAMBAT,Desa,NDEZNET_DESAQ3
INDRAGIRI HILIR_KEL. PUSARAN,Desa,NDEZNET_DESAQ3
INDRAGIRI HILIR_KEL. ENOK,Desa,NDEZNET_DESAQ3
INDRAGIRI HILIR_KEL. TELUKMEDAN,Desa,NDEZNET_DESAQ3
INDRAGIRI HILIR_RANTAU PANJANG,Desa,NDEZNET_DESAQ3
INDRAGIRI HILIR_SIMPANG TIGA,Desa,NDEZNET_DESAQ3
INDRAGIRI HILIR_JAYA BHAKTI,Desa,NDEZNET_DESAQ3
INDRAGIRI HILIR_SUNGAILOKAN,Desa,NDEZNET_DESAQ3
INDRAGIRI HILIR_KEL. PANTAISEBERANG MAKMUR,Desa,NDEZNET_DESAQ3
INDRAGIRI HILIR_SIMPANG TIGA DARATAN,Desa,NDEZNET_DESAQ3
INDRAGIRI HILIR_SUNGAINYIUR,Desa,NDEZNET_DESAQ3
INDRAGIRI HILIR_SELATNAMA,Desa,NDEZNET_DESAQ3
INDRAGIRI HILIR_SUNGAILAUT,Desa,NDEZNET_DESAQ3
INDRAGIRI HILIR_TANJUNGPASIR,Desa,NDEZNET_DESAQ3
INDRAGIRI HILIR_TANJUNGBARU,Desa,NDEZNET_DESAQ3
INDRAGIRI HILIR_TEKULAI HULU,Desa,NDEZNET_DESAQ3
INDRAGIRI HILIR_TEKULAI HILIR,Desa,NDEZNET_DESAQ3
INDRAGIRI HILIR_TEKULAI BUGIS,Desa,NDEZNET_DESAQ3
INDRAGIRI HILIR_TANJUNGLAJAU,Desa,NDEZNET_DESAQ3
INDRAGIRI HILIR_SUNGAIBULUH,Desa,NDEZNET_DESAQ3
INDRAGIRI HILIR_SUNGAIBELA,Desa,NDEZNET_DESAQ3
INDRAGIRI HILIR_PERIGI RAJA,Desa,NDEZNET_DESAQ3
INDRAGIRI HILIR_KEL. SAPAT,Desa,NDEZNET_DESAQ3
INDRAGIRI HILIR_TELUKDALAM,Desa,NDEZNET_DESAQ3
INDRAGIRI HILIR_SUNGAIPIYAI,Desa,NDEZNET_DESAQ3
INDRAGIRI HILIR_TANJUNGMELAYU,Desa,NDEZNET_DESAQ3
INDRAGIRI HILIR_KEL. CONCONG LUAR,Desa,NDEZNET_DESAQ3
INDRAGIRI HILIR_KAMPUNG BARU,Desa,NDEZNET_DESAQ3
INDRAGIRI HILIR_CONCONG TENGAH,Desa,NDEZNET_DESAQ3
INDRAGIRI HILIR_CONCONG DALAM,Desa,NDEZNET_DESAQ3
INDRAGIRI HILIR_SUNGAIBERAPIT,Desa,NDEZNET_DESAQ3
INDRAGIRI HILIR_PANGLIMA RAJA,Desa,NDEZNET_DESAQ3
INDRAGIRI HILIR_KEL. SEBERANG TEMBILAHAN,Desa,NDEZNET_DESAQ3
INDRAGIRI HILIR_KEL. SUNGAIPERAK,Desa,NDEZNET_DESAQ3
INDRAGIRI HILIR_KEL. SEBERANG TEMBILAHAN BARAT,Desa,NDEZNET_DESAQ3
INDRAGIRI HILIR_KEL. SEBERANG TEMBILAHAN SELATAN,Desa,NDEZNET_DESAQ3
INDRAGIRI HILIR_SIALANG PANJANG,Desa,NDEZNET_DESAQ3
INDRAGIRI HILIR_SUNGAIINTAN,Desa,NDEZNET_DESAQ3
INDRAGIRI HILIR_TELUKJIRA,Desa,NDEZNET_DESAQ3
INDRAGIRI HILIR_MUMPA,Desa,NDEZNET_DESAQ3
INDRAGIRI HILIR_TELUKKIAMBANG,Desa,NDEZNET_DESAQ3
INDRAGIRI HILIR_KARYA TUNAS JAYA,Desa,NDEZNET_DESAQ3
INDRAGIRI HILIR_HARAPAN JAYA,Desa,NDEZNET_DESAQ3
INDRAGIRI HILIR_KEL. TANJUNGPIDADA,Desa,NDEZNET_DESAQ3
INDRAGIRI HILIR_BAYAS JAYA,Desa,NDEZNET_DESAQ3
INDRAGIRI HILIR_PEKAN TUA,Desa,NDEZNET_DESAQ3
INDRAGIRI HILIR_KEL. HARAPAN TANI,Desa,NDEZNET_DESAQ3
INDRAGIRI HILIR_KARYA TANI,Desa,NDEZNET_DESAQ3
INDRAGIRI HILIR_SUNGAIRABIT,Desa,NDEZNET_DESAQ3
INDRAGIRI HILIR_KERTA JAYA,Desa,NDEZNET_DESAQ3
INDRAGIRI HILIR_KULIM JAYA,Desa,NDEZNET_DESAQ3
INDRAGIRI HILIR_KUALA SEBATU,Desa,NDEZNET_DESAQ3
INDRAGIRI HILIR_SUNGAIRAYA,Desa,NDEZNET_DESAQ3
INDRAGIRI HILIR_SUNGAIJUNJANGAN,Desa,NDEZNET_DESAQ3
INDRAGIRI HILIR_SUNGAIDUSUN,Desa,NDEZNET_DESAQ3
INDRAGIRI HILIR_KEL. SUNGAIPIRING,Desa,NDEZNET_DESAQ3
INDRAGIRI HILIR_TANJUNGSIANTAR,Desa,NDEZNET_DESAQ3
INDRAGIRI HILIR_SUNGAIRAWA,Desa,NDEZNET_DESAQ3
INDRAGIRI HILIR_SIALANG JAYA,Desa,NDEZNET_DESAQ3
INDRAGIRI HILIR_GEMILANG JAYA,Desa,NDEZNET_DESAQ3
INDRAGIRI HILIR_TASIK RAYA,Desa,NDEZNET_DESAQ3
INDRAGIRI HILIR_PASIR EMAS,Desa,NDEZNET_DESAQ3
INDRAGIRI HILIR_RAMBAIAN,Desa,NDEZNET_DESAQ3
INDRAGIRI HILIR_KEL. SUNGAIEMPAT,Desa,NDEZNET_DESAQ3
INDRAGIRI HILIR_TELUKTUASAN,Desa,NDEZNET_DESAQ3
INDRAGIRI HILIR_SUNGAIILIRAN,Desa,NDEZNET_DESAQ3
INDRAGIRI HILIR_TELUKSUNGKA,Desa,NDEZNET_DESAQ3
INDRAGIRI HILIR_TELUKPANTAIAN,Desa,NDEZNET_DESAQ3
INDRAGIRI HILIR_KUALA GAUNG,Desa,NDEZNET_DESAQ3
INDRAGIRI HILIR_KELUMPANG,Desa,NDEZNET_DESAQ3
INDRAGIRI HILIR_IDAMAN,Desa,NDEZNET_DESAQ3
INDRAGIRI HILIR_HARAPAN MAKMUR,Desa,NDEZNET_DESAQ3
INDRAGIRI HILIR_KEL. TANJUNGHARAPAN,Desa,NDEZNET_DESAQ3
INDRAGIRI HILIR_TELUKKABUNG,Desa,NDEZNET_DESAQ3
INDRAGIRI HILIR_SIMPANG GAUNG,Desa,NDEZNET_DESAQ3
INDRAGIRI HILIR_PUNGKAT,Desa,NDEZNET_DESAQ3
INDRAGIRI HILIR_BELANTARAYA,Desa,NDEZNET_DESAQ3
INDRAGIRI HILIR_JERAMBANG,Desa,NDEZNET_DESAQ3
INDRAGIRI HILIR_SUNGAIBARU,Desa,NDEZNET_DESAQ3
INDRAGIRI HILIR_LAHANG BARU,Desa,NDEZNET_DESAQ3
INDRAGIRI HILIR_KEL. KUALA LAHANG,Desa,NDEZNET_DESAQ3
INDRAGIRI HILIR_LAHANG TENGAH,Desa,NDEZNET_DESAQ3
INDRAGIRI HILIR_LAHANG HULU,Desa,NDEZNET_DESAQ3
INDRAGIRI HILIR_TERUSAN KEMPAS,Desa,NDEZNET_DESAQ3
INDRAGIRI HILIR_GEMBIRA,Desa,NDEZNET_DESAQ3
INDRAGIRI HILIR_SEMAMBU KUNING,Desa,NDEZNET_DESAQ3
INDRAGIRI HILIR_PINTASAN,Desa,NDEZNET_DESAQ3
INDRAGIRI HILIR_SOREN,Desa,NDEZNET_DESAQ3
INDRAGIRI HILIR_TELUKMERBAU,Desa,NDEZNET_DESAQ3
INDRAGIRI HILIR_PULAUCAWAN,Desa,NDEZNET_DESAQ3
INDRAGIRI HILIR_BATANG TUMU,Desa,NDEZNET_DESAQ3
INDRAGIRI HILIR_BAKAU ACEH,Desa,NDEZNET_DESAQ3
INDRAGIRI HILIR_PELANDUK,Desa,NDEZNET_DESAQ3
INDRAGIRI HILIR_IGAL,Desa,NDEZNET_DESAQ3
INDRAGIRI HILIR_KEL. KHAIRIAH MANDAH,Desa,NDEZNET_DESAQ3
INDRAGIRI HILIR_BENTE,Desa,NDEZNET_DESAQ3
INDRAGIRI HILIR_BELARAS,Desa,NDEZNET_DESAQ3
INDRAGIRI HILIR_BEKAWAN,Desa,NDEZNET_DESAQ3
INDRAGIRI HILIR_BANTAYAN,Desa,NDEZNET_DESAQ3
INDRAGIRI HILIR_BOLAK RAYA,Desa,NDEZNET_DESAQ3
INDRAGIRI HILIR_BATANG SARI,Desa,NDEZNET_DESAQ3
INDRAGIRI HILIR_SEPAKAT JAYA,Desa,NDEZNET_DESAQ3
INDRAGIRI HILIR_SURAYA MANDIRI,Desa,NDEZNET_DESAQ3
INDRAGIRI HILIR_CAHAYA BARU,Desa,NDEZNET_DESAQ3
INDRAGIRI HILIR_BELARAS BARAT,Desa,NDEZNET_DESAQ3
INDRAGIRI HILIR_BIDARI TANJUNG DATUK,Desa,NDEZNET_DESAQ3
INDRAGIRI HILIR_SUNGAISIMBAR,Desa,NDEZNET_DESAQ3
INDRAGIRI HILIR_KUALA SELAT,Desa,NDEZNET_DESAQ3
INDRAGIRI HILIR_PENJURU,Desa,NDEZNET_DESAQ3
INDRAGIRI HILIR_SARI MULIA,Desa,NDEZNET_DESAQ3
INDRAGIRI HILIR_TANJUNGRAJA,Desa,NDEZNET_DESAQ3
INDRAGIRI HILIR_SUNGAITERITIP,Desa,NDEZNET_DESAQ3
INDRAGIRI HILIR_MAKMUR JAYA,Desa,NDEZNET_DESAQ3
INDRAGIRI HILIR_KEL. AMAL BAKTI,Desa,NDEZNET_DESAQ3
INDRAGIRI HILIR_TANJUNGSIMPANG,Desa,NDEZNET_DESAQ3
INDRAGIRI HILIR_SIMPANG KATEMAN,Desa,NDEZNET_DESAQ3
INDRAGIRI HILIR_KEL. PELANGIRAN,Desa,NDEZNET_DESAQ3
INDRAGIRI HILIR_ROTAN SEMELUR,Desa,NDEZNET_DESAQ3
INDRAGIRI HILIR_BAUNG REJO JAYA,Desa,NDEZNET_DESAQ3
INDRAGIRI HILIR_TAGAGIRI TAMA JAYA,Desa,NDEZNET_DESAQ3
INDRAGIRI HILIR_PINANG JAYA,Desa,NDEZNET_DESAQ3
INDRAGIRI HILIR_WONOSARI,Desa,NDEZNET_DESAQ3
INDRAGIRI HILIR_TEGAL REJO,Desa,NDEZNET_DESAQ3
INDRAGIRI HILIR_INTAN MULIA JAYA,Desa,NDEZNET_DESAQ3
INDRAGIRI HILIR_SAKA PALAS JAYA,Desa,NDEZNET_DESAQ3
INDRAGIRI HILIR_CATUR KARYA,Desa,NDEZNET_DESAQ3
INDRAGIRI HILIR_TELUKBUNIAN,Desa,NDEZNET_DESAQ3
INDRAGIRI HILIR_HIDAYAH,Desa,NDEZNET_DESAQ3
INDRAGIRI HILIR_TERUSAN BERINGIN JAYA,Desa,NDEZNET_DESAQ3
INDRAGIRI HILIR_GRIYA MUKTI JAYA,Desa,NDEZNET_DESAQ3
INDRAGIRI HILIR_TUNGGAL RAHAYU JAYA,Desa,NDEZNET_DESAQ3
INDRAGIRI HILIR_HIBRIDA MULIA,Desa,NDEZNET_DESAQ3
INDRAGIRI HILIR_BERINGIN MULIA,Desa,NDEZNET_DESAQ3
INDRAGIRI HILIR_INDRA SARI JAYA,Desa,NDEZNET_DESAQ3
INDRAGIRI HILIR_SUMBER MAKMUR JAYA,Desa,NDEZNET_DESAQ3
INDRAGIRI HILIR_SUMBER JAYA,Desa,NDEZNET_DESAQ3
INDRAGIRI HILIR_HIBRIDA JAYA,Desa,NDEZNET_DESAQ3
INDRAGIRI HILIR_SUMBER SARI JAYA,Desa,NDEZNET_DESAQ3
INDRAGIRI HILIR_KELAPA PATIH JAYA,Desa,NDEZNET_DESAQ3
INDRAGIRI HILIR_SAPTA MULIA JAYA,Desa,NDEZNET_DESAQ3
INDRAGIRI HILIR_GEMBARAN,Desa,NDEZNET_DESAQ3
INDRAGIRI HILIR_SAKA ROTAN,Desa,NDEZNET_DESAQ3
INDRAGIRI HILIR_BANGUN HARJO JAYA,Desa,NDEZNET_DESAQ3
INDRAGIRI HILIR_RINGIN JAYA,Desa,NDEZNET_DESAQ3
INDRAGIRI HILIR_MAYANG SARI JAYA,Desa,NDEZNET_DESAQ3
INDRAGIRI HILIR_BUKIT SARI INTAN JAYA,Desa,NDEZNET_DESAQ3
INDRAGIRI HILIR_MANUNGGAL JAYA,Desa,NDEZNET_DESAQ3
INDRAGIRI HILIR_TELUKNIBUNG,Desa,NDEZNET_DESAQ3
INDRAGIRI HILIR_SUNGAIDANAI,Desa,NDEZNET_DESAQ3
INDRAGIRI HILIR_SRI DAMAI,Desa,NDEZNET_DESAQ3
INDRAGIRI HILIR_SAPTA JAYA,Desa,NDEZNET_DESAQ3
INDRAGIRI HILIR_KERAMAT JAYA,Desa,NDEZNET_DESAQ3
INDRAGIRI HILIR_SUKA JAYA,Desa,NDEZNET_DESAQ3
INDRAGIRI HILIR_BINAGUN JAYA,Desa,NDEZNET_DESAQ3
INDRAGIRI HILIR_SUKAHARJO JAYA,Desa,NDEZNET_DESAQ3
PELALAWAN_SEGATI,Desa,NDEZNET_DESAQ3
PELALAWAN_SOTOL,Desa,NDEZNET_DESAQ3
PELALAWAN_TAMBAK,Desa,NDEZNET_DESAQ3
PELALAWAN_PENARIKAN,Desa,NDEZNET_DESAQ3
PELALAWAN_KEL. LANGGAM,Desa,NDEZNET_DESAQ3
PELALAWAN_PADANG LUAS,Desa,NDEZNET_DESAQ3
PELALAWAN_RANTAU BARU,Desa,NDEZNET_DESAQ3
PELALAWAN_KUALA TERUSAN,Desa,NDEZNET_DESAQ3
PELALAWAN_KIAB JAYA,Desa,NDEZNET_DESAQ3
PELALAWAN_TANJUNG BERINGIN,Desa,NDEZNET_DESAQ3
PELALAWAN_TALAU,Desa,NDEZNET_DESAQ3
PELALAWAN_KESUMA,Desa,NDEZNET_DESAQ3
PELALAWAN_BETUNG,Desa,NDEZNET_DESAQ3
PELALAWAN_SURYA INDAH,Desa,NDEZNET_DESAQ3
PELALAWAN_BERINGIN INDAH,Desa,NDEZNET_DESAQ3
PELALAWAN_PALAS,Desa,NDEZNET_DESAQ3
PELALAWAN_KEMANG,Desa,NDEZNET_DESAQ3
PELALAWAN_BATANG KULIM,Desa,NDEZNET_DESAQ3
PELALAWAN_SIDOMUKTI,Desa,NDEZNET_DESAQ3
PELALAWAN_SILIKUAN HULU,Desa,NDEZNET_DESAQ3
PELALAWAN_LUBUK KEMBANG BUNGA,Desa,NDEZNET_DESAQ3
PELALAWAN_AIR HITAM,Desa,NDEZNET_DESAQ3
PELALAWAN_KAMPUNG BARU,Desa,NDEZNET_DESAQ3
PELALAWAN_BAGAN LIMAU,Desa,NDEZNET_DESAQ3
PELALAWAN_GENDUANG,Desa,NDEZNET_DESAQ3
PELALAWAN_SARI MAKMUR,Desa,NDEZNET_DESAQ3
PELALAWAN_MULYA SUBUR,Desa,NDEZNET_DESAQ3
PELALAWAN_MAYANG SARI,Desa,NDEZNET_DESAQ3
PELALAWAN_SARI MULYA,Desa,NDEZNET_DESAQ3
PELALAWAN_DUSUN TUA,Desa,NDEZNET_DESAQ3
PELALAWAN_KEL. PANGKALAN LESUNG,Desa,NDEZNET_DESAQ3
PELALAWAN_TANJUNG KUYO,Desa,NDEZNET_DESAQ3
PELALAWAN_PESAGUAN,Desa,NDEZNET_DESAQ3
PELALAWAN_MERBAU,Desa,NDEZNET_DESAQ3
PELALAWAN_PETANI,Desa,NDEZNET_DESAQ3
PELALAWAN_KEL. PANGKALAN BUNUT,Desa,NDEZNET_DESAQ3
PELALAWAN_LUBUK MAS,Desa,NDEZNET_DESAQ3
PELALAWAN_BALAM MERAH,Desa,NDEZNET_DESAQ3
PELALAWAN_BAGAN LAGUH,Desa,NDEZNET_DESAQ3
PELALAWAN_SUNGAI BULUH,Desa,NDEZNET_DESAQ3
PELALAWAN_LUBUK MANDIAN GAJAH,Desa,NDEZNET_DESAQ3
PELALAWAN_KERIUNG,Desa,NDEZNET_DESAQ3
PELALAWAN_SIALANG KAYU BATU,Desa,NDEZNET_DESAQ3
PELALAWAN_SUNGAI ARA,Desa,NDEZNET_DESAQ3
PELALAWAN_RANSANG,Desa,NDEZNET_DESAQ3
PELALAWAN_KUALA TOLAM,Desa,NDEZNET_DESAQ3
PELALAWAN_KEL. PELALAWAN,Desa,NDEZNET_DESAQ3
PELALAWAN_TELAYAP,Desa,NDEZNET_DESAQ3
PELALAWAN_BATANG NILO KECIL,Desa,NDEZNET_DESAQ3
PELALAWAN_SERING,Desa,NDEZNET_DESAQ3
PELALAWAN_DELIK,Desa,NDEZNET_DESAQ3
PELALAWAN_LALANG KABUNG,Desa,NDEZNET_DESAQ3
PELALAWAN_KEL. RAWANG EMPAT,Desa,NDEZNET_DESAQ3
PELALAWAN_TAMBUN,Desa,NDEZNET_DESAQ3
PELALAWAN_TERBANGIANG,Desa,NDEZNET_DESAQ3
PELALAWAN_SIALANG GODANG,Desa,NDEZNET_DESAQ3
PELALAWAN_LUBUK RAJA,Desa,NDEZNET_DESAQ3
PELALAWAN_LUBUK KERANJI TIMUR,Desa,NDEZNET_DESAQ3
PELALAWAN_SIALANG BUNGKUK,Desa,NDEZNET_DESAQ3
PELALAWAN_SERAPUNG,Desa,NDEZNET_DESAQ3
PELALAWAN_TELUK,Desa,NDEZNET_DESAQ3
PELALAWAN_KEL. TELUK DALAM,Desa,NDEZNET_DESAQ3
PELALAWAN_SOKOI,Desa,NDEZNET_DESAQ3
PELALAWAN_TANJUNG SUM,Desa,NDEZNET_DESAQ3
PELALAWAN_SUNGAI SOLOK,Desa,NDEZNET_DESAQ3
PELALAWAN_SUNGAI UPIH,Desa,NDEZNET_DESAQ3
PELALAWAN_TELUK BERINGIN,Desa,NDEZNET_DESAQ3
PELALAWAN_SUNGAI MAS,Desa,NDEZNET_DESAQ3
PELALAWAN_TELUK BAKAU,Desa,NDEZNET_DESAQ3
PELALAWAN_KEL. KERUMUTAN,Desa,NDEZNET_DESAQ3
PELALAWAN_BERINGIN MAKMUR,Desa,NDEZNET_DESAQ3
PELALAWAN_PANGKALAN TAMPUI,Desa,NDEZNET_DESAQ3
PELALAWAN_PANGKALAN PANDUK,Desa,NDEZNET_DESAQ3
PELALAWAN_TANJUNG AIR HITAM,Desa,NDEZNET_DESAQ3
PELALAWAN_MAK TEDUH,Desa,NDEZNET_DESAQ3
PELALAWAN_LIPAI BULAN,Desa,NDEZNET_DESAQ3
PELALAWAN_KUALA PANDUK,Desa,NDEZNET_DESAQ3
PELALAWAN_KEL. TELUK MERANTI,Desa,NDEZNET_DESAQ3
PELALAWAN_PULAU MUDA,Desa,NDEZNET_DESAQ3
PELALAWAN_PANGKALAN TERAP,Desa,NDEZNET_DESAQ3
PELALAWAN_TELUK BINJAI,Desa,NDEZNET_DESAQ3
PELALAWAN_GAMBUT MUTIARA,Desa,NDEZNET_DESAQ3
PELALAWAN_LABUHAN BILIK,Desa,NDEZNET_DESAQ3
PELALAWAN_SEGAMAI,Desa,NDEZNET_DESAQ3
HULU SUNGAI SELATAN_HAKURUNG,Desa,NDEZNET_DESAQ3
HULU SUNGAI SELATAN_HAMAYUNG UTARA,Desa,NDEZNET_DESAQ3
HULU SUNGAI SELATAN_HAMAYUNG,Desa,NDEZNET_DESAQ3
HULU SUNGAI SELATAN_MURUNG RAYA,Desa,NDEZNET_DESAQ3
HULU SUNGAI SELATAN_BALAH PAIKAT,Desa,NDEZNET_DESAQ3
HULU SUNGAI SELATAN_SUNGAI GARUDA,Desa,NDEZNET_DESAQ3
HULU SUNGAI SELATAN_PIHANIN RAYA,Desa,NDEZNET_DESAQ3
HULU SUNGAI SELATAN_MUNING BARU,Desa,NDEZNET_DESAQ3
HULU SUNGAI SELATAN_SIRIH HULU,Desa,NDEZNET_DESAQ3
HULU SUNGAI SELATAN_BALANTI,Desa,NDEZNET_DESAQ3
HULU SUNGAI SELATAN_KARANG BULAN,Desa,NDEZNET_DESAQ3
HULU SUNGAI SELATAN_BAGO TANGGUL,Desa,NDEZNET_DESAQ3
HULU SUNGAI SELATAN_KARANG PACI,Desa,NDEZNET_DESAQ3
HULU SUNGAI SELATAN_BALIMAU,Desa,NDEZNET_DESAQ3
HULU SUNGAI SELATAN_TAMIYANG,Desa,NDEZNET_DESAQ3
HULU SUNGAI SELATAN_BUMI BERKAT,Desa,NDEZNET_DESAQ3
HULU SUNGAI SELATAN_LUNGAU,Desa,NDEZNET_DESAQ3
HULU SUNGAI SELATAN_LONGAWANG,Desa,NDEZNET_DESAQ3
HULU SUNGAI SELATAN_HALUNUK,Desa,NDEZNET_DESAQ3
HULU SUNGAI SELATAN_MAWANGI,Desa,NDEZNET_DESAQ3
HULU SUNGAI SELATAN_BATU LAKI,Desa,NDEZNET_DESAQ3
HULU SUNGAI SELATAN_MALUTU,Desa,NDEZNET_DESAQ3
HULU SUNGAI SELATAN_BARIANG,Desa,NDEZNET_DESAQ3
HULU SUNGAI SELATAN_TANIRAN KUBAH,Desa,NDEZNET_DESAQ3
HULU SUNGAI SELATAN_GUMBIL,Desa,NDEZNET_DESAQ3
HULU SUNGAI SELATAN_PAHARANGAN,Desa,NDEZNET_DESAQ3
HULU SUNGAI SELATAN_TEBING TINGGI,Desa,NDEZNET_DESAQ3
HULU SUNGAI SELATAN_PARING AGUNG,Desa,NDEZNET_DESAQ3
HULU SUNGAI SELATAN_AMAWANG KIRI,Desa,NDEZNET_DESAQ3
HULU SUNGAI SELATAN_PANDAK DAUN,Desa,NDEZNET_DESAQ3
HULU SUNGAI SELATAN_KALUMPANG,Desa,NDEZNET_DESAQ3
HULU SUNGAI SELATAN_TANAH BANGKANG,Desa,NDEZNET_DESAQ3
HULU SUNGAI SELATAN_BATANG KULUR KANAN,Desa,NDEZNET_DESAQ3
HULU SUNGAI SELATAN_KALIRING,Desa,NDEZNET_DESAQ3
HULU SUNGAI SELATAN_JELATANG,Desa,NDEZNET_DESAQ3
HULU SUNGAI SELATAN_SIMPUR,Desa,NDEZNET_DESAQ3
HULU SUNGAI SELATAN_SUNGAI RAYA SELATAN,Desa,NDEZNET_DESAQ3
HULU SUNGAI SELATAN_HARITI,Desa,NDEZNET_DESAQ3
HULU SUNGAI SELATAN_BATANG KULUR KIRI,Desa,NDEZNET_DESAQ3
HULU SUNGAI SELATAN_ANGKINANG,Desa,NDEZNET_DESAQ3
HULU SUNGAI SELATAN_DURIAN RABUNG,Desa,NDEZNET_DESAQ3
HULU SUNGAI SELATAN_IDA MANGGALA,Desa,NDEZNET_DESAQ3
HULU SUNGAI SELATAN_SUNGAI KUPANG,Desa,NDEZNET_DESAQ3
HULU SUNGAI SELATAN_PAHAMPANGAN,Desa,NDEZNET_DESAQ3
HULU SUNGAI SELATAN_BATU BINI,Desa,NDEZNET_DESAQ3
HULU SUNGAI SELATAN_SAMUDA,Desa,NDEZNET_DESAQ3
HULU SUNGAI SELATAN_TAWIA,Desa,NDEZNET_DESAQ3
HULU SUNGAI SELATAN_LOK BINUANG,Desa,NDEZNET_DESAQ3
HULU SUNGAI SELATAN_WASAH HILIR,Desa,NDEZNET_DESAQ3
HULU SUNGAI SELATAN_BAKARUNG,Desa,NDEZNET_DESAQ3
HULU SUNGAI SELATAN_MANDALA,Desa,NDEZNET_DESAQ3
HULU SUNGAI SELATAN_TELUK KABAK,Desa,NDEZNET_DESAQ3
HULU SUNGAI SELATAN_MUNING TENGAH,Desa,NDEZNET_DESAQ3
HULU SUNGAI SELATAN_TELAGA LANGSAT,Desa,NDEZNET_DESAQ3
HULU SUNGAI SELATAN_AMAWANG KIRI MUKA,Desa,NDEZNET_DESAQ3
HULU SUNGAI SELATAN_AMAWANG KANAN,Desa,NDEZNET_DESAQ3
HULU SUNGAI SELATAN_PANDULANGAN,Desa,NDEZNET_DESAQ3
HULU SUNGAI SELATAN_KARANG JAWA,Desa,NDEZNET_DESAQ3
HULU SUNGAI SELATAN_SUNGAI PINANG,Desa,NDEZNET_DESAQ3
HULU SUNGAI SELATAN_TELAGA BIDADARI,Desa,NDEZNET_DESAQ3
HULU SUNGAI SELATAN_SUNGAI RAYA UTARA,Desa,NDEZNET_DESAQ3
HULU SUNGAI SELATAN_GAMBAH DALAM BARAT,Desa,NDEZNET_DESAQ3
HULU SUNGAI SELATAN_GAMBAH LUAR,Desa,NDEZNET_DESAQ3
HULU SUNGAI SELATAN_PARIGI,Desa,NDEZNET_DESAQ3
HULU SUNGAI SELATAN_TAMBAK BITIN,Desa,NDEZNET_DESAQ3
HULU SUNGAI SELATAN_PANGGANDINGAN,Desa,NDEZNET_DESAQ3
HULU SUNGAI SELATAN_WASAH HULU,Desa,NDEZNET_DESAQ3
HULU SUNGAI SELATAN_KEL. KANDANGAN BARAT,Desa,NDEZNET_DESAQ3
HULU SUNGAI SELATAN_BAMBAN,Desa,NDEZNET_DESAQ3
HULU SUNGAI SELATAN_HARATAI,Desa,NDEZNET_DESAQ3
HULU SUNGAI SELATAN_SIANG GANTUNG,Desa,NDEZNET_DESAQ3
HULU SUNGAI SELATAN_BARU,Desa,NDEZNET_DESAQ3
HULU SUNGAI SELATAN_BAJAYAU,Desa,NDEZNET_DESAQ3
HULU SUNGAI SELATAN_BAJAYAU TENGAH,Desa,NDEZNET_DESAQ3
HULU SUNGAI SELATAN_BADAUN,Desa,NDEZNET_DESAQ3
HULU SUNGAI SELATAN_TANJUNG SELOR,Desa,NDEZNET_DESAQ3
HULU SUNGAI SELATAN_BAJAYAU LAMA,Desa,NDEZNET_DESAQ3
HULU SUNGAI SELATAN_MUNING DALAM,Desa,NDEZNET_DESAQ3
HULU SUNGAI SELATAN_PANTAI ULIN,Desa,NDEZNET_DESAQ3
HULU SUNGAI SELATAN_SARANG HALANG,Desa,NDEZNET_DESAQ3
HULU SUNGAI SELATAN_BANGKAU,Desa,NDEZNET_DESAQ3
HULU SUNGAI SELATAN_TELAGA SILI-SILI,Desa,NDEZNET_DESAQ3
HULU SUNGAI SELATAN_HAMAK UTARA,Desa,NDEZNET_DESAQ3
HULU SUNGAI SELATAN_HAMAK TIMUR,Desa,NDEZNET_DESAQ3
HULU SUNGAI SELATAN_HAMAK,Desa,NDEZNET_DESAQ3
HULU SUNGAI SELATAN_AMBUTUN,Desa,NDEZNET_DESAQ3
HULU SUNGAI SELATAN_ULANG,Desa,NDEZNET_DESAQ3
HULU SUNGAI SELATAN_LOK LAHUNG,Desa,NDEZNET_DESAQ3
HULU SUNGAI SELATAN_KAMAWAKAN,Desa,NDEZNET_DESAQ3
HULU SUNGAI SELATAN_TUMINGKI,Desa,NDEZNET_DESAQ3
HULU SUNGAI SELATAN_HULU BANYU,Desa,NDEZNET_DESAQ3
HULU SUNGAI SELATAN_MALINAU,Desa,NDEZNET_DESAQ3
HULU SUNGAI SELATAN_LUMPANGI,Desa,NDEZNET_DESAQ3
HULU SUNGAI SELATAN_PANGGUNGAN,Desa,NDEZNET_DESAQ3
HULU SUNGAI SELATAN_MALILINGIN,Desa,NDEZNET_DESAQ3
HULU SUNGAI SELATAN_ULIN,Desa,NDEZNET_DESAQ3
HULU SUNGAI SELATAN_PANJAMPANG BAHAGIA,Desa,NDEZNET_DESAQ3
HULU SUNGAI SELATAN_AMPARAYA,Desa,NDEZNET_DESAQ3
HULU SUNGAI SELATAN_GARUNGGANG,Desa,NDEZNET_DESAQ3
HULU SUNGAI SELATAN_SUNGAI KALI,Desa,NDEZNET_DESAQ3
HULU SUNGAI SELATAN_LOKSADO,Desa,NDEZNET_DESAQ3
INDRAGIRI HULU_DANAU BARU,Desa,NDEZNET_DESAQ3
HULU SUNGAI UTARA_PANDULANGAN,Desa,NDEZNET_DESAQ3
HULU SUNGAI UTARA_TELUK MESJID,Desa,NDEZNET_DESAQ3
INDRAGIRI HILIR_BAGAN JAYA,Desa,NDEZNET_DESAQ3
HULU SUNGAI UTARA_KERAMAT,Desa,NDEZNET_DESAQ3
TABALONG_PADANGIN,Desa,NDEZNET_DESAQ3
BALANGAN_GALUMBANG,Desa,NDEZNET_DESAQ3
MAGELANG_LOSARI,Desa,NDEZNET_DESAQ4
KOTA PADANG PANJANG_KEL. KOTO KATIK,Desa,NDEZNET_DESAQ4
TEMANGGUNG_TRETEP,Desa,NDEZNET_DESAQ4
TEMANGGUNG_CANDIROTO,Desa,NDEZNET_DESAQ4
TEMANGGUNG_GILINGSARI,Desa,NDEZNET_DESAQ4
TEMANGGUNG_MONDORETNO,Desa,NDEZNET_DESAQ4
MAGELANG_KALIJOSO,Desa,NDEZNET_DESAQ4
MAGELANG_CANDIRETNO,Desa,NDEZNET_DESAQ4
TEMANGGUNG_PESANTREN,Desa,NDEZNET_DESAQ4
TEMANGGUNG_PATEKEN,Desa,NDEZNET_DESAQ4
TEMANGGUNG_PITROSARI,Desa,NDEZNET_DESAQ4
TEMANGGUNG_BOJONG,Desa,NDEZNET_DESAQ4
TEMANGGUNG_TEMPELSARI,Desa,NDEZNET_DESAQ4
TEMANGGUNG_CAMPUREJO,Desa,NDEZNET_DESAQ4
TEMANGGUNG_MENTO,Desa,NDEZNET_DESAQ4
TEMANGGUNG_BANTIR,Desa,NDEZNET_DESAQ4
TEMANGGUNG_KREMPONG,Desa,NDEZNET_DESAQ4
TEMANGGUNG_KALIBANGER,Desa,NDEZNET_DESAQ4
TEMANGGUNG_GUNUNGGEMPOL,Desa,NDEZNET_DESAQ4
TEMANGGUNG_BARANG,Desa,NDEZNET_DESAQ4
TEMANGGUNG_PADURESO,Desa,NDEZNET_DESAQ4
TEMANGGUNG_PRINGAPUS,Desa,NDEZNET_DESAQ4
TEMANGGUNG_KATAAN,Desa,NDEZNET_DESAQ4
TEMANGGUNG_MUNGGANGSARI,Desa,NDEZNET_DESAQ4
TEMANGGUNG_BANDUNGGEDE,Desa,NDEZNET_DESAQ4
TEMANGGUNG_GESING,Desa,NDEZNET_DESAQ4
TEMANGGUNG_KWARAKAN,Desa,NDEZNET_DESAQ4
TEMANGGUNG_KLEPU,Desa,NDEZNET_DESAQ4
TEMANGGUNG_GENTAN,Desa,NDEZNET_DESAQ4
TEMANGGUNG_BULAN,Desa,NDEZNET_DESAQ4
TEMANGGUNG_LANGGENG,Desa,NDEZNET_DESAQ4
TEMANGGUNG_TLILIR,Desa,NDEZNET_DESAQ4
TEMANGGUNG_NAMPIREJO,Desa,NDEZNET_DESAQ4
TEMANGGUNG_GANDUREJO,Desa,NDEZNET_DESAQ4
TEMANGGUNG_PENGILON,Desa,NDEZNET_DESAQ4
TEMANGGUNG_GUNUNGSARI,Desa,NDEZNET_DESAQ4
TEMANGGUNG_PURBOREJO,Desa,NDEZNET_DESAQ4
TEMANGGUNG_MRANGGEN KIDUL,Desa,NDEZNET_DESAQ4
TEMANGGUNG_PETARANGAN,Desa,NDEZNET_DESAQ4
TEMANGGUNG_SUNGGINGSARI,Desa,NDEZNET_DESAQ4
MAGELANG_SUMBEREJO,Desa,NDEZNET_DESAQ4
MAGELANG_TEJOSARI,Desa,NDEZNET_DESAQ4
MAGELANG_TLOGOREJO,Desa,NDEZNET_DESAQ4
MAGELANG_NGASINAN,Desa,NDEZNET_DESAQ4
MAGELANG_PESIDI,Desa,NDEZNET_DESAQ4
MAGELANG_SUGIHMAS,Desa,NDEZNET_DESAQ4
MAGELANG_PUCUNGSARI,Desa,NDEZNET_DESAQ4
MAGELANG_LEBAK,Desa,NDEZNET_DESAQ4
MAGELANG_GONDANGSARI,Desa,NDEZNET_DESAQ4
MAGELANG_DASEH,Desa,NDEZNET_DESAQ4
MAGELANG_BANYUSIDI,Desa,NDEZNET_DESAQ4
MAGELANG_POGALAN,Desa,NDEZNET_DESAQ4
MAGELANG_KLOPO,Desa,NDEZNET_DESAQ4
MAGELANG_JAPAN,Desa,NDEZNET_DESAQ4
MAGELANG_PIRIKAN,Desa,NDEZNET_DESAQ4
MAGELANG_CANDISARI,Desa,NDEZNET_DESAQ4
MAGELANG_PASANGSARI,Desa,NDEZNET_DESAQ4
MAGELANG_GANDUSARI,Desa,NDEZNET_DESAQ4
MAGELANG_NGEPANREJO,Desa,NDEZNET_DESAQ4
MAGELANG_KEDUNGSARI,Desa,NDEZNET_DESAQ4
MAGELANG_BANJAREJO,Desa,NDEZNET_DESAQ4
MAGELANG_KETANGI,Desa,NDEZNET_DESAQ4
MAGELANG_SUKOMULYO,Desa,NDEZNET_DESAQ4
MAGELANG_SIDOREJO,Desa,NDEZNET_DESAQ4
MAGELANG_SAMBAK,Desa,NDEZNET_DESAQ4
MAGELANG_MADUGONDO,Desa,NDEZNET_DESAQ4
MAGELANG_TEMANGGAL,Desa,NDEZNET_DESAQ4
MAGELANG_GROWONG,Desa,NDEZNET_DESAQ4
MAGELANG_KALISARI,Desa,NDEZNET_DESAQ4
MAGELANG_SURODADI,Desa,NDEZNET_DESAQ4
MAGELANG_TEGALSARI,Desa,NDEZNET_DESAQ4
MAGELANG_KEBONREJO,Desa,NDEZNET_DESAQ4
MAGELANG_TRENTEN,Desa,NDEZNET_DESAQ4
MAGELANG_KETEP,Desa,NDEZNET_DESAQ4
MAGELANG_POLENGAN,Desa,NDEZNET_DESAQ4
MAGELANG_KARANGTALUN,Desa,NDEZNET_DESAQ4
MAGELANG_SAMBENG,Desa,NDEZNET_DESAQ4
MAGELANG_GIRIPURNO,Desa,NDEZNET_DESAQ4
MAGELANG_PARIPURNO,Desa,NDEZNET_DESAQ4
MAGELANG_NGARGORETNO,Desa,NDEZNET_DESAQ4
TEMANGGUNG_LEMPUYANG,Desa,NDEZNET_DESAQ4
TEMANGGUNG_KRAWITAN,Desa,NDEZNET_DESAQ4
TEMANGGUNG_KEL. MANGGONG,Desa,NDEZNET_DESAQ4
TEMANGGUNG_TLOGOWUNGU,Desa,NDEZNET_DESAQ4
TEMANGGUNG_KACEPIT,Desa,NDEZNET_DESAQ4
TEMANGGUNG_PUTAT,Desa,NDEZNET_DESAQ4
TEMANGGUNG_CAMPURANOM,Desa,NDEZNET_DESAQ4
MAGELANG_BUMIREJO,Desa,NDEZNET_DESAQ4
MAGELANG_KEMBARAN,Desa,NDEZNET_DESAQ4
MAGELANG_MANGUNSOKO,Desa,NDEZNET_DESAQ4
MAGELANG_JERUKAGUNG,Desa,NDEZNET_DESAQ4
TEMANGGUNG_GEMAWANG,Desa,NDEZNET_DESAQ4
TEMANGGUNG_PENDOWO,Desa,NDEZNET_DESAQ4
MAGELANG_TAMPINGAN,Desa,NDEZNET_DESAQ4
MAGELANG_TONOBOYO,Desa,NDEZNET_DESAQ4
MAGELANG_MADURETNO,Desa,NDEZNET_DESAQ4
MAGELANG_SUTOPATI,Desa,NDEZNET_DESAQ4
MAGELANG_GIYANTI,Desa,NDEZNET_DESAQ4
MAGELANG_BIGARAN,Desa,NDEZNET_DESAQ4
MAGELANG_JEBENGSARI,Desa,NDEZNET_DESAQ4
TEMANGGUNG_KEROKAN,Desa,NDEZNET_DESAQ4
MAGELANG_WINDUSARI,Desa,NDEZNET_DESAQ4
MAGELANG_SUROJOYO,Desa,NDEZNET_DESAQ4
TEMANGGUNG_BONJOR,Desa,NDEZNET_DESAQ4
TEMANGGUNG_NGABEYAN,Desa,NDEZNET_DESAQ4
TEMANGGUNG_KATEKAN,Desa,NDEZNET_DESAQ4
TEMANGGUNG_BOJONEGORO,Desa,NDEZNET_DESAQ4
TEMANGGUNG_SAMIRANAN,Desa,NDEZNET_DESAQ4
TEMANGGUNG_KALIMANGGIS,Desa,NDEZNET_DESAQ4
TEMANGGUNG_SANGGRAHAN,Desa,NDEZNET_DESAQ4
TEMANGGUNG_WATUKUMPUL,Desa,NDEZNET_DESAQ4
MAGELANG_KETAWANG,Desa,NDEZNET_DESAQ4
MAGELANG_KETUNDAN,Desa,NDEZNET_DESAQ4
MAGELANG_SEMEN,Desa,NDEZNET_DESAQ4
MAGELANG_BALEKERTO,Desa,NDEZNET_DESAQ4
MAGELANG_TEMANGGUNG,Desa,NDEZNET_DESAQ4
MAGELANG_SIDOWANGI,Desa,NDEZNET_DESAQ4
MAGELANG_TEMPAK,Desa,NDEZNET_DESAQ4
MAGELANG_BANYUROTO,Desa,NDEZNET_DESAQ4
MAGELANG_PAKUNDEN,Desa,NDEZNET_DESAQ4
TEMANGGUNG_GREGES,Desa,NDEZNET_DESAQ4
MAGELANG_SOMOKATON,Desa,NDEZNET_DESAQ4
TEMANGGUNG_SEMEN,Desa,NDEZNET_DESAQ4
TEMANGGUNG_MERGOWATI,Desa,NDEZNET_DESAQ4
TEMANGGUNG_TEGALSARI,Desa,NDEZNET_DESAQ4
TEMANGGUNG_KEMBANGSARI,Desa,NDEZNET_DESAQ4
MAGELANG_KAPONAN,Desa,NDEZNET_DESAQ4
MAGELANG_PAKIS,Desa,NDEZNET_DESAQ4
MAGELANG_GIRIWARNO,Desa,NDEZNET_DESAQ4
MAGELANG_NGAWONGGO,Desa,NDEZNET_DESAQ4
MAGELANG_BANJARAGUNG,Desa,NDEZNET_DESAQ4
MAGELANG_TIRTO,Desa,NDEZNET_DESAQ4
MAGELANG_PRAJEKSARI,Desa,NDEZNET_DESAQ4
MAGELANG_WRINGINPUTIH,Desa,NDEZNET_DESAQ4
MAGELANG_BANJARHARJO,Desa,NDEZNET_DESAQ4
TEMANGGUNG_JAMBON,Desa,NDEZNET_DESAQ4
TEMANGGUNG_GEDONGSARI,Desa,NDEZNET_DESAQ4
TEMANGGUNG_PURBOSARI,Desa,NDEZNET_DESAQ4
TEMANGGUNG_DLIMOYO,Desa,NDEZNET_DESAQ4
TEMANGGUNG_NGADIMULYO,Desa,NDEZNET_DESAQ4
TEMANGGUNG_NGEMPLAK,Desa,NDEZNET_DESAQ4
TEMANGGUNG_NGIPIK,Desa,NDEZNET_DESAQ4
TEMANGGUNG_PURWODADI,Desa,NDEZNET_DESAQ4
TEMANGGUNG_GENTINGSARI,Desa,NDEZNET_DESAQ4
TEMANGGUNG_NGLONDONG,Desa,NDEZNET_DESAQ4
MAGELANG_PETUNG,Desa,NDEZNET_DESAQ4
MAGELANG_KEBONAGUNG,Desa,NDEZNET_DESAQ4
MAGELANG_SUMBERARUM,Desa,NDEZNET_DESAQ4
MAGELANG_MEJING,Desa,NDEZNET_DESAQ4
MAGELANG_MAJAKSINGI,Desa,NDEZNET_DESAQ4
MAGELANG_KALISALAK,Desa,NDEZNET_DESAQ4
TEMANGGUNG_PINGIT,Desa,NDEZNET_DESAQ4
TEMANGGUNG_SOROPADAN,Desa,NDEZNET_DESAQ4
MAGELANG_DLIMAS,Desa,NDEZNET_DESAQ4
MAGELANG_KALEGEN,Desa,NDEZNET_DESAQ4
MAGELANG_KEL. SAWITAN,Desa,NDEZNET_DESAQ4
MAGELANG_GONDOSULI,Desa,NDEZNET_DESAQ4
MAGELANG_KAMONGAN,Desa,NDEZNET_DESAQ4
TEMANGGUNG_WONOBOYO,Desa,NDEZNET_DESAQ4
TEMANGGUNG_KEBONSARI,Desa,NDEZNET_DESAQ4
TEMANGGUNG_TEGOWANUH,Desa,NDEZNET_DESAQ4
TEMANGGUNG_KARANGWUNI,Desa,NDEZNET_DESAQ4
TEMANGGUNG_BOTOPUTIH,Desa,NDEZNET_DESAQ4
TEMANGGUNG_TEGALURUNG,Desa,NDEZNET_DESAQ4
TEMANGGUNG_KALIREJO,Desa,NDEZNET_DESAQ4
TEMANGGUNG_KWADUNGAN JURANG,Desa,NDEZNET_DESAQ4
MAGELANG_NGASEM,Desa,NDEZNET_DESAQ4
MAGELANG_GIRIKULON,Desa,NDEZNET_DESAQ4
MAGELANG_SUKOSARI,Desa,NDEZNET_DESAQ4
MAGELANG_SUKOMAKMUR,Desa,NDEZNET_DESAQ4
MAGELANG_SONOREJO,Desa,NDEZNET_DESAQ4
MAGELANG_KAPUHAN,Desa,NDEZNET_DESAQ4
MAGELANG_KROGOWANAN,Desa,NDEZNET_DESAQ4
MAGELANG_BUTUH,Desa,NDEZNET_DESAQ4
MAGELANG_PROGOWATI,Desa,NDEZNET_DESAQ4
MAGELANG_KEMBANGLIMUS,Desa,NDEZNET_DESAQ4
MAGELANG_KEBONSARI,Desa,NDEZNET_DESAQ4
MAGELANG_KARANGREJO,Desa,NDEZNET_DESAQ4
MAGELANG_NGAMPELDENTO,Desa,NDEZNET_DESAQ4
TEMANGGUNG_GEBLOG,Desa,NDEZNET_DESAQ4
TEMANGGUNG_NGUWET,Desa,NDEZNET_DESAQ4
TEMANGGUNG_PARE,Desa,NDEZNET_DESAQ4
MAGELANG_GLAGAHOMBO,Desa,NDEZNET_DESAQ4
MAGELANG_BANDONGAN,Desa,NDEZNET_DESAQ4
MAGELANG_PAGERSARI,Desa,NDEZNET_DESAQ4
MAGELANG_MANTINGAN,Desa,NDEZNET_DESAQ4
TEMANGGUNG_PRINGSURAT,Desa,NDEZNET_DESAQ4
TEMANGGUNG_KUPEN,Desa,NDEZNET_DESAQ4
TEMANGGUNG_NGADITIRTO,Desa,NDEZNET_DESAQ4
TEMANGGUNG_GONDOSULI,Desa,NDEZNET_DESAQ4
TEMANGGUNG_CATURANOM,Desa,NDEZNET_DESAQ4
MAGELANG_PANDEAN,Desa,NDEZNET_DESAQ4
MAGELANG_KALIPUCANG,Desa,NDEZNET_DESAQ4
MAGELANG_BANARAN,Desa,NDEZNET_DESAQ4
MAGELANG_PURWODADI,Desa,NDEZNET_DESAQ4
MAGELANG_SOROYUDAN,Desa,NDEZNET_DESAQ4
MAGELANG_GONDANGREJO,Desa,NDEZNET_DESAQ4
MAGELANG_TANJUNGSARI,Desa,NDEZNET_DESAQ4
MAGELANG_BALEREJO,Desa,NDEZNET_DESAQ4
MAGELANG_KAJORAN,Desa,NDEZNET_DESAQ4
MAGELANG_KWADERAN,Desa,NDEZNET_DESAQ4
MAGELANG_ADIKARTO,Desa,NDEZNET_DESAQ4
MAGELANG_SOKORINI,Desa,NDEZNET_DESAQ4
MAGELANG_KRADENAN,Desa,NDEZNET_DESAQ4
MAGELANG_GIRITENGAH,Desa,NDEZNET_DESAQ4
MAGELANG_KALIREJO,Desa,NDEZNET_DESAQ4
TEMANGGUNG_JAMUSAN,Desa,NDEZNET_DESAQ4
TEMANGGUNG_GEJAGAN,Desa,NDEZNET_DESAQ4
TEMANGGUNG_GIRIPURNO,Desa,NDEZNET_DESAQ4
TEMANGGUNG_MEDARI,Desa,NDEZNET_DESAQ4
TEMANGGUNG_KEMIRI,Desa,NDEZNET_DESAQ4
TEMANGGUNG_TEPUSEN,Desa,NDEZNET_DESAQ4
TEMANGGUNG_KRAJAN,Desa,NDEZNET_DESAQ4
TEMANGGUNG_TLAHAB,Desa,NDEZNET_DESAQ4
MAGELANG_SUMURARUM,Desa,NDEZNET_DESAQ4
MAGELANG_GENITO,Desa,NDEZNET_DESAQ4
MAGELANG_SANGEN,Desa,NDEZNET_DESAQ4
MAGELANG_MADUKORO,Desa,NDEZNET_DESAQ4
MAGELANG_BONDOWOSO,Desa,NDEZNET_DESAQ4
MAGELANG_TEGALARUM,Desa,NDEZNET_DESAQ4
KOTA MAGELANG_KEL. REJOWINANGUN UTARA,Desa,NDEZNET_DESAQ4
TEMANGGUNG_JUMO,Desa,NDEZNET_DESAQ4
TEMANGGUNG_KANDANGAN,Desa,NDEZNET_DESAQ4
TEMANGGUNG_GANDULAN,Desa,NDEZNET_DESAQ4
TEMANGGUNG_KEL. KRANGGAN,Desa,NDEZNET_DESAQ4
TEMANGGUNG_KEL. MADURESO,Desa,NDEZNET_DESAQ4
MAGELANG_NGABEAN,Desa,NDEZNET_DESAQ4
MAGELANG_BANYUWANGI,Desa,NDEZNET_DESAQ4
MAGELANG_SIDOAGUNG,Desa,NDEZNET_DESAQ4
MAGELANG_DONOROJO,Desa,NDEZNET_DESAQ4
MAGELANG_DEYANGAN,Desa,NDEZNET_DESAQ4
MAGELANG_SAWANGAN,Desa,NDEZNET_DESAQ4
MAGELANG_TREKO,Desa,NDEZNET_DESAQ4
MAGELANG_SRUMBUNG,Desa,NDEZNET_DESAQ4
MAGELANG_SUCEN,Desa,NDEZNET_DESAQ4
MAGELANG_JAMUSKAUMAN,Desa,NDEZNET_DESAQ4
MAGELANG_TAMPIRKULON,Desa,NDEZNET_DESAQ4
MAGELANG_NGAWEN,Desa,NDEZNET_DESAQ4
MAGELANG_PLOSOGEDE,Desa,NDEZNET_DESAQ4
MAGELANG_NGADIHARJO,Desa,NDEZNET_DESAQ4
MAGELANG_CANDIREJO,Desa,NDEZNET_DESAQ4
MAGELANG_DAWUNG,Desa,NDEZNET_DESAQ4
MAGELANG_NGADIROJO,Desa,NDEZNET_DESAQ4
MAGELANG_MADUSARI,Desa,NDEZNET_DESAQ4
MAGELANG_BOJONG,Desa,NDEZNET_DESAQ4
MAGELANG_TANJUNG,Desa,NDEZNET_DESAQ4
MAGELANG_BANYUBIRU,Desa,NDEZNET_DESAQ4
MAGELANG_NGADIPURO,Desa,NDEZNET_DESAQ4
MAGELANG_KETUNGGENG,Desa,NDEZNET_DESAQ4
MAGELANG_SUDIMORO,Desa,NDEZNET_DESAQ4
MAGELANG_JUMOYO,Desa,NDEZNET_DESAQ4
MAGELANG_BLIGO,Desa,NDEZNET_DESAQ4
MAGELANG_BUMIHARJO,Desa,NDEZNET_DESAQ4
MAGELANG_BOROBUDUR,Desa,NDEZNET_DESAQ4
MAGELANG_KRAGILAN,Desa,NDEZNET_DESAQ4
MAGELANG_KALIANGKRIK,Desa,NDEZNET_DESAQ4
MAGELANG_SOMOKETRO,Desa,NDEZNET_DESAQ4
MAGELANG_KARANGANYAR,Desa,NDEZNET_DESAQ4
MAGELANG_NGARGOGONDO,Desa,NDEZNET_DESAQ4
MAGELANG_KLETERAN,Desa,NDEZNET_DESAQ4
MAGELANG_KEL. SECANG,Desa,NDEZNET_DESAQ4
MAGELANG_PANCURANMAS,Desa,NDEZNET_DESAQ4
MAGELANG_TRASAN,Desa,NDEZNET_DESAQ4
MAGELANG_GONDOWANGI,Desa,NDEZNET_DESAQ4
MAGELANG_AMBARTAWANG,Desa,NDEZNET_DESAQ4
MAGELANG_NGRAJEK,Desa,NDEZNET_DESAQ4
MAGELANG_KEL. MENDUT,Desa,NDEZNET_DESAQ4
MAGELANG_KADILUWIH,Desa,NDEZNET_DESAQ4
MAGELANG_NGLUWAR,Desa,NDEZNET_DESAQ4
MAGELANG_WANUREJO,Desa,NDEZNET_DESAQ4
MAGELANG_SIDOSARI,Desa,NDEZNET_DESAQ4
MAGELANG_SAWANGARGO,Desa,NDEZNET_DESAQ4
MAGELANG_NGLUMUT,Desa,NDEZNET_DESAQ4
MAGELANG_KALIURANG,Desa,NDEZNET_DESAQ4
MAGELANG_MRANGGEN,Desa,NDEZNET_DESAQ4
MAGELANG_NGARGOSOKO,Desa,NDEZNET_DESAQ4
MAGELANG_PUCANGANOM,Desa,NDEZNET_DESAQ4
MAGELANG_PANDANRETNO,Desa,NDEZNET_DESAQ4
MAGELANG_TEGALRANDU,Desa,NDEZNET_DESAQ4
MAGELANG_KALIBENING,Desa,NDEZNET_DESAQ4
MAGELANG_NGARGOMULYO,Desa,NDEZNET_DESAQ4
MAGELANG_KENINGAR,Desa,NDEZNET_DESAQ4
MAGELANG_SUMBER,Desa,NDEZNET_DESAQ4
MAGELANG_KRINJING,Desa,NDEZNET_DESAQ4
MAGELANG_PATEN,Desa,NDEZNET_DESAQ4
MAGELANG_SENGI,Desa,NDEZNET_DESAQ4
MAGELANG_GANTANG,Desa,NDEZNET_DESAQ4
MAGELANG_JATI,Desa,NDEZNET_DESAQ4
MAGELANG_SORONALAN,Desa,NDEZNET_DESAQ4
MAGELANG_WULUNGGUNUNG,Desa,NDEZNET_DESAQ4
MAGELANG_WONOLELO,Desa,NDEZNET_DESAQ4
MAGELANG_BATEH,Desa,NDEZNET_DESAQ4
MAGELANG_TEMBELANG,Desa,NDEZNET_DESAQ4
MAGELANG_TEMPURSARI,Desa,NDEZNET_DESAQ4
MAGELANG_PURWOREJO,Desa,NDEZNET_DESAQ4
MAGELANG_TUGUREJO,Desa,NDEZNET_DESAQ4
MAGELANG_PRINGOMBO,Desa,NDEZNET_DESAQ4
MAGELANG_KEMUTUK,Desa,NDEZNET_DESAQ4
MAGELANG_WUWUHARJO,Desa,NDEZNET_DESAQ4
MAGELANG_WONOGIRI,Desa,NDEZNET_DESAQ4
MAGELANG_BUMIAYU,Desa,NDEZNET_DESAQ4
MAGELANG_NGARGOSARI,Desa,NDEZNET_DESAQ4
MAGELANG_LESANPURO,Desa,NDEZNET_DESAQ4
MAGELANG_NGENDROSARI,Desa,NDEZNET_DESAQ4
MAGELANG_WADAS,Desa,NDEZNET_DESAQ4
MAGELANG_BANJARETNO,Desa,NDEZNET_DESAQ4
MAGELANG_BANGSRI,Desa,NDEZNET_DESAQ4
MAGELANG_PANDANSARI,Desa,NDEZNET_DESAQ4
MAGELANG_KRUMPAKAN,Desa,NDEZNET_DESAQ4
MAGELANG_PUCUNGROTO,Desa,NDEZNET_DESAQ4
MAGELANG_SELOMOYO,Desa,NDEZNET_DESAQ4
MAGELANG_NGENDROKILO,Desa,NDEZNET_DESAQ4
MAGELANG_MUNGGANGSARI,Desa,NDEZNET_DESAQ4
MAGELANG_PENGARENGAN,Desa,NDEZNET_DESAQ4
MAGELANG_ADIPURO,Desa,NDEZNET_DESAQ4
MAGELANG_DAMPIT,Desa,NDEZNET_DESAQ4
MAGELANG_BANDARSEDAYU,Desa,NDEZNET_DESAQ4
MAGELANG_GIRIMULYO,Desa,NDEZNET_DESAQ4
MAGELANG_NGEMPLAK,Desa,NDEZNET_DESAQ4
MAGELANG_GUNUNGSARI,Desa,NDEZNET_DESAQ4
MAGELANG_KENTENGSARI,Desa,NDEZNET_DESAQ4
MAGELANG_UMBULSARI,Desa,NDEZNET_DESAQ4
MAGELANG_DONOMULYO,Desa,NDEZNET_DESAQ4
MAGELANG_DALEMAN KIDUL,Desa,NDEZNET_DESAQ4
MAGELANG_GUMELEM,Desa,NDEZNET_DESAQ4
MAGELANG_MUNENGWARANGAN,Desa,NDEZNET_DESAQ4
MAGELANG_KAJANGKOSO,Desa,NDEZNET_DESAQ4
MAGELANG_GEJAGAN,Desa,NDEZNET_DESAQ4
MAGELANG_MUNENG,Desa,NDEZNET_DESAQ4
MAGELANG_GIRIWETAN,Desa,NDEZNET_DESAQ4
MAGELANG_COKRO,Desa,NDEZNET_DESAQ4
MAGELANG_BALEAGUNG,Desa,NDEZNET_DESAQ4
MAGELANG_KLEGEN,Desa,NDEZNET_DESAQ4
MAGELANG_SAMBUNGREJO,Desa,NDEZNET_DESAQ4
MAGELANG_CITROSONO,Desa,NDEZNET_DESAQ4
MAGELANG_SEWORAN,Desa,NDEZNET_DESAQ4
MAGELANG_NGRANCAH,Desa,NDEZNET_DESAQ4
MAGELANG_MAGERSARI,Desa,NDEZNET_DESAQ4
MAGELANG_BANDUNGREJO,Desa,NDEZNET_DESAQ4
MAGELANG_GENIKAN,Desa,NDEZNET_DESAQ4
MAGELANG_JOGONAYAN,Desa,NDEZNET_DESAQ4
MAGELANG_MADYOGONDO,Desa,NDEZNET_DESAQ4
MAGELANG_KANIGORO,Desa,NDEZNET_DESAQ4
MAGELANG_SELOMIRAH,Desa,NDEZNET_DESAQ4
MAGELANG_JOGOYASAN,Desa,NDEZNET_DESAQ4
MAGELANG_PAGERGUNUNG,Desa,NDEZNET_DESAQ4
MAGELANG_KEDITAN,Desa,NDEZNET_DESAQ4
MAGELANG_SELOPROJO,Desa,NDEZNET_DESAQ4
TEMANGGUNG_GLAPANSARI,Desa,NDEZNET_DESAQ4
TEMANGGUNG_JAMBU,Desa,NDEZNET_DESAQ4
TEMANGGUNG_CANGGAL,Desa,NDEZNET_DESAQ4
TEMANGGUNG_KRUWISAN,Desa,NDEZNET_DESAQ4
TEMANGGUNG_KWADUNGAN GUNUNG,Desa,NDEZNET_DESAQ4
TEMANGGUNG_TLOGOWERO,Desa,NDEZNET_DESAQ4
TEMANGGUNG_WONOTIRTO,Desa,NDEZNET_DESAQ4
TEMANGGUNG_PAGERGUNUNG,Desa,NDEZNET_DESAQ4
TEMANGGUNG_WONOSARI,Desa,NDEZNET_DESAQ4
TEMANGGUNG_PANDEMULYO,Desa,NDEZNET_DESAQ4
TEMANGGUNG_MALANGSARI,Desa,NDEZNET_DESAQ4
TEMANGGUNG_PAKUREJO,Desa,NDEZNET_DESAQ4
TEMANGGUNG_PASURUAN,Desa,NDEZNET_DESAQ4
TEMANGGUNG_LOSARI,Desa,NDEZNET_DESAQ4
TEMANGGUNG_LEGOKSARI,Desa,NDEZNET_DESAQ4
TEMANGGUNG_GEDEGAN,Desa,NDEZNET_DESAQ4
TEMANGGUNG_TAWANGSARI,Desa,NDEZNET_DESAQ4
TEMANGGUNG_GANDU,Desa,NDEZNET_DESAQ4
TEMANGGUNG_DRONO,Desa,NDEZNET_DESAQ4
TEMANGGUNG_TANGGULANOM,Desa,NDEZNET_DESAQ4
TEMANGGUNG_JETIS,Desa,NDEZNET_DESAQ4
TEMANGGUNG_BUMIAYU,Desa,NDEZNET_DESAQ4
TEMANGGUNG_NGROPOH,Desa,NDEZNET_DESAQ4
TEMANGGUNG_KRAMAT,Desa,NDEZNET_DESAQ4
TEMANGGUNG_GOWAK,Desa,NDEZNET_DESAQ4
TEMANGGUNG_SOBOREJO,Desa,NDEZNET_DESAQ4
TEMANGGUNG_TLETER,Desa,NDEZNET_DESAQ4
TEMANGGUNG_GETAS,Desa,NDEZNET_DESAQ4
TEMANGGUNG_TEMPURAN,Desa,NDEZNET_DESAQ4
TEMANGGUNG_BALEDU,Desa,NDEZNET_DESAQ4
TEMANGGUNG_KEDAWUNG,Desa,NDEZNET_DESAQ4
TEMANGGUNG_MARGOLELO,Desa,NDEZNET_DESAQ4
TEMANGGUNG_BLIMBING,Desa,NDEZNET_DESAQ4
TEMANGGUNG_SUKOMARTO,Desa,NDEZNET_DESAQ4
TEMANGGUNG_KETITANG,Desa,NDEZNET_DESAQ4
TEMANGGUNG_JOMBOR,Desa,NDEZNET_DESAQ4
TEMANGGUNG_KERTOSARI,Desa,NDEZNET_DESAQ4
TEMANGGUNG_NGADISEPI,Desa,NDEZNET_DESAQ4
TEMANGGUNG_KEMIRIOMBO,Desa,NDEZNET_DESAQ4
TEMANGGUNG_MUNCAR,Desa,NDEZNET_DESAQ4
TEMANGGUNG_KARANGSENENG,Desa,NDEZNET_DESAQ4
TEMANGGUNG_KENTENGSARI,Desa,NDEZNET_DESAQ4
TEMANGGUNG_GUNUNGPAYUNG,Desa,NDEZNET_DESAQ4
TEMANGGUNG_MUNENG,Desa,NDEZNET_DESAQ4
TEMANGGUNG_PLOSOGADEN,Desa,NDEZNET_DESAQ4
TEMANGGUNG_SIDOHARJO,Desa,NDEZNET_DESAQ4
TEMANGGUNG_LOWUNGU,Desa,NDEZNET_DESAQ4
TEMANGGUNG_LARANGAN LUWOK,Desa,NDEZNET_DESAQ4
TEMANGGUNG_PRANGKOKAN,Desa,NDEZNET_DESAQ4
TEMANGGUNG_JLEGONG,Desa,NDEZNET_DESAQ4
TEMANGGUNG_CONGKRANG,Desa,NDEZNET_DESAQ4
TEMANGGUNG_KEBONDALEM,Desa,NDEZNET_DESAQ4
TEMANGGUNG_KEMUNING,Desa,NDEZNET_DESAQ4
TEMANGGUNG_SELOSABRANG,Desa,NDEZNET_DESAQ4
TEMANGGUNG_PETUNG,Desa,NDEZNET_DESAQ4
TEMANGGUNG_DUREN,Desa,NDEZNET_DESAQ4
TEMANGGUNG_NGALIYAN,Desa,NDEZNET_DESAQ4
TEMANGGUNG_SIGEDONG,Desa,NDEZNET_DESAQ4
TEMANGGUNG_NGLARANGAN,Desa,NDEZNET_DESAQ4
TEMANGGUNG_DONOROJO,Desa,NDEZNET_DESAQ4
TEMANGGUNG_BENDUNGAN,Desa,NDEZNET_DESAQ4
TEMANGGUNG_SIMPAR,Desa,NDEZNET_DESAQ4
TEMANGGUNG_TLOGO,Desa,NDEZNET_DESAQ4
TEMANGGUNG_WATES,Desa,NDEZNET_DESAQ4
TEMANGGUNG_CEMORO,Desa,NDEZNET_DESAQ4
TEMANGGUNG_WONOCOYO,Desa,NDEZNET_DESAQ4
KOTA MAGELANG_KEL. KRAMAT SELATAN,Desa,NDEZNET_DESAQ4
KOTA MAGELANG_KEL. KRAMAT UTARA,Desa,NDEZNET_DESAQ4
KOTA MAGELANG_KEL. KEDUNGSARI,Desa,NDEZNET_DESAQ4
KOTA MAGELANG_KEL. POTROBANGSAN,Desa,NDEZNET_DESAQ4
KOTA MAGELANG_KEL. WATES,Desa,NDEZNET_DESAQ4
KOTA MAGELANG_KEL. GELANGAN,Desa,NDEZNET_DESAQ4
KOTA MAGELANG_KEL. PANJANG,Desa,NDEZNET_DESAQ4
KOTA MAGELANG_KEL. MAGELANG,Desa,NDEZNET_DESAQ4
KOTA MAGELANG_KEL. CACABAN,Desa,NDEZNET_DESAQ4
KOTA MAGELANG_KEL. KEMIRIREJO,Desa,NDEZNET_DESAQ4
KOTA MAGELANG_KEL. TIDAR SELATAN,Desa,NDEZNET_DESAQ4
KOTA MAGELANG_KEL. TIDAR UTARA,Desa,NDEZNET_DESAQ4
KOTA MAGELANG_KEL. JURANGOMBO SELATAN,Desa,NDEZNET_DESAQ4
KOTA MAGELANG_KEL. JURANGOMBO UTARA,Desa,NDEZNET_DESAQ4
KOTA MAGELANG_KEL. REJOWINANGUN SELATAN,Desa,NDEZNET_DESAQ4
KOTA MAGELANG_KEL. MAGERSARI,Desa,NDEZNET_DESAQ4
TEMANGGUNG_BEJEN,Desa,NDEZNET_DESAQ4
TEMANGGUNG_MUNTUNG,Desa,NDEZNET_DESAQ4
TEMANGGUNG_SUCEN,Desa,NDEZNET_DESAQ4
TEMANGGUNG_GIYONO,Desa,NDEZNET_DESAQ4
TEMANGGUNG_MOROBONGO,Desa,NDEZNET_DESAQ4
TEMANGGUNG_MANGUNSARI,Desa,NDEZNET_DESAQ4
TEMANGGUNG_GONDANGWINANGUN,Desa,NDEZNET_DESAQ4
TEMANGGUNG_NGADIREJO,Desa,NDEZNET_DESAQ4
TEMANGGUNG_NGAREN,Desa,NDEZNET_DESAQ4
TEMANGGUNG_GANDU WETAN,Desa,NDEZNET_DESAQ4
TEMANGGUNG_PETIREJO,Desa,NDEZNET_DESAQ4
TEMANGGUNG_KARANGGEDONG,Desa,NDEZNET_DESAQ4
TEMANGGUNG_GONDANGWAYANG,Desa,NDEZNET_DESAQ4
TEMANGGUNG_KUNDISARI,Desa,NDEZNET_DESAQ4
TEMANGGUNG_KUTOANYAR,Desa,NDEZNET_DESAQ4
TEMANGGUNG_MOJOTENGAH,Desa,NDEZNET_DESAQ4
TEMANGGUNG_KEDU,Desa,NDEZNET_DESAQ4
TEMANGGUNG_CANDIMULYO,Desa,NDEZNET_DESAQ4
TEMANGGUNG_SALAMSARI,Desa,NDEZNET_DESAQ4
TEMANGGUNG_DANUREJO,Desa,NDEZNET_DESAQ4
TEMANGGUNG_TLOGOPUCANG,Desa,NDEZNET_DESAQ4
TEMANGGUNG_MALEBO,Desa,NDEZNET_DESAQ4
TEMANGGUNG_ROWO,Desa,NDEZNET_DESAQ4
TEMANGGUNG_CARUBAN,Desa,NDEZNET_DESAQ4
TEMANGGUNG_WADAS,Desa,NDEZNET_DESAQ4
TEMANGGUNG_KEDUNGUMPUL,Desa,NDEZNET_DESAQ4
TEMANGGUNG_KALORAN,Desa,NDEZNET_DESAQ4
TEMANGGUNG_GANDON,Desa,NDEZNET_DESAQ4
TEMANGGUNG_KEBLUKAN,Desa,NDEZNET_DESAQ4
TEMANGGUNG_WONOKERSO,Desa,NDEZNET_DESAQ4
TEMANGGUNG_NGLOROG,Desa,NDEZNET_DESAQ4
TEMANGGUNG_KEBUMEN,Desa,NDEZNET_DESAQ4
TEMANGGUNG_BADRAN,Desa,NDEZNET_DESAQ4
TEMANGGUNG_BENGKAL,Desa,NDEZNET_DESAQ4
TEMANGGUNG_PLUMBON,Desa,NDEZNET_DESAQ4
TEMANGGUNG_KEBONAGUNG,Desa,NDEZNET_DESAQ4
TEMANGGUNG_GAMBASAN,Desa,NDEZNET_DESAQ4
TEMANGGUNG_SELOPAMPANG,Desa,NDEZNET_DESAQ4
TEMANGGUNG_SALAMREJO,Desa,NDEZNET_DESAQ4
TEMANGGUNG_JRAGAN,Desa,NDEZNET_DESAQ4
TEMANGGUNG_MENGGORO,Desa,NDEZNET_DESAQ4
TEMANGGUNG_TEMBARAK,Desa,NDEZNET_DESAQ4
TEMANGGUNG_SRIWUNGU,Desa,NDEZNET_DESAQ4
TEMANGGUNG_BALEREJO,Desa,NDEZNET_DESAQ4
TEMANGGUNG_TLOGOMULYO,Desa,NDEZNET_DESAQ4
TEMANGGUNG_PAGERSARI,Desa,NDEZNET_DESAQ4
TEMANGGUNG_KEL. WALITELON UTARA,Desa,NDEZNET_DESAQ4
TEMANGGUNG_KEL. WALITELON SELATAN,Desa,NDEZNET_DESAQ4
TEMANGGUNG_JOHO,Desa,NDEZNET_DESAQ4
TEMANGGUNG_KEL. TLOGOREJO,Desa,NDEZNET_DESAQ4
TEMANGGUNG_KEL. JURANG,Desa,NDEZNET_DESAQ4
TEMANGGUNG_KEL. SIDOREJO,Desa,NDEZNET_DESAQ4
TEMANGGUNG_KEL. BANYUURIP,Desa,NDEZNET_DESAQ4
TEMANGGUNG_KEL. KERTOSARI,Desa,NDEZNET_DESAQ4
TEMANGGUNG_KEL. JAMPIROSO,Desa,NDEZNET_DESAQ4
TEMANGGUNG_KEL. TEMANGGUNG I,Desa,NDEZNET_DESAQ4
TEMANGGUNG_KEL. TEMANGGUNG II,Desa,NDEZNET_DESAQ4
TEMANGGUNG_KEL. MANDING,Desa,NDEZNET_DESAQ4
TEMANGGUNG_KEL. KEBONSARI,Desa,NDEZNET_DESAQ4
TEMANGGUNG_KEL. MUNGSENG,Desa,NDEZNET_DESAQ4
TEMANGGUNG_KEL. GIYANTI,Desa,NDEZNET_DESAQ4
TEMANGGUNG_KEL. BUTUH,Desa,NDEZNET_DESAQ4
TEMANGGUNG_KEL. JAMPIREJO,Desa,NDEZNET_DESAQ4
TEMANGGUNG_KEL. KOWANGAN,Desa,NDEZNET_DESAQ4
TEMANGGUNG_GUNTUR,Desa,NDEZNET_DESAQ4
TEMANGGUNG_LUNGGE,Desa,NDEZNET_DESAQ4
TEMANGGUNG_MUDAL,Desa,NDEZNET_DESAQ4
TEMANGGUNG_KEL. PURWOREJO,Desa,NDEZNET_DESAQ4
TEMANGGUNG_DANUPAYAN,Desa,NDEZNET_DESAQ4
TEMANGGUNG_NGIMBRANG,Desa,NDEZNET_DESAQ4
TEMANGGUNG_BULU,Desa,NDEZNET_DESAQ4
TEMANGGUNG_TANUREJO,Desa,NDEZNET_DESAQ4
TEMANGGUNG_MRANGGEN TENGAH,Desa,NDEZNET_DESAQ4
TEMANGGUNG_MOJOSARI,Desa,NDEZNET_DESAQ4
TEMANGGUNG_BALESARI,Desa,NDEZNET_DESAQ4
TEMANGGUNG_PAPONAN,Desa,NDEZNET_DESAQ4
TEMANGGUNG_TUKSARI,Desa,NDEZNET_DESAQ4
TEMANGGUNG_JEKETRO,Desa,NDEZNET_DESAQ4
TEMANGGUNG_KLEDUNG,Desa,NDEZNET_DESAQ4
TEMANGGUNG_TRAJI,Desa,NDEZNET_DESAQ4
TEMANGGUNG_WANUTENGAH,Desa,NDEZNET_DESAQ4
TEMANGGUNG_TEGALROSO,Desa,NDEZNET_DESAQ4
TEMANGGUNG_DEPOKHARJO,Desa,NDEZNET_DESAQ4
TEMANGGUNG_RINGINANOM,Desa,NDEZNET_DESAQ4
TEMANGGUNG_DANGKEL,Desa,NDEZNET_DESAQ4
TEMANGGUNG_MANDISARI,Desa,NDEZNET_DESAQ4
TEMANGGUNG_CAMPURSALAM,Desa,NDEZNET_DESAQ4
TEMANGGUNG_KEL. PARAKAN WETAN,Desa,NDEZNET_DESAQ4
TEMANGGUNG_KEL. PARAKAN KAUMAN,Desa,NDEZNET_DESAQ4
MAGELANG_SIDOGEDE,Desa,NDEZNET_DESAQ4
MAGELANG_GRABAG,Desa,NDEZNET_DESAQ4
MAGELANG_KARTOHARJO,Desa,NDEZNET_DESAQ4
MAGELANG_KALIKUTO,Desa,NDEZNET_DESAQ4
MAGELANG_WONOKERTO,Desa,NDEZNET_DESAQ4
MAGELANG_TEGALREJO,Desa,NDEZNET_DESAQ4
MAGELANG_BANYUURIP,Desa,NDEZNET_DESAQ4
MAGELANG_KARANGKAJEN,Desa,NDEZNET_DESAQ4
MAGELANG_KRINCING,Desa,NDEZNET_DESAQ4
MAGELANG_MADYOCONDRO,Desa,NDEZNET_DESAQ4
MAGELANG_PAYAMAN,Desa,NDEZNET_DESAQ4
MAGELANG_PUCANG,Desa,NDEZNET_DESAQ4
MAGELANG_WONOROTO,Desa,NDEZNET_DESAQ4
MAGELANG_BALESARI,Desa,NDEZNET_DESAQ4
MAGELANG_KEMBANGKUNING,Desa,NDEZNET_DESAQ4
MAGELANG_SUKODADI,Desa,NDEZNET_DESAQ4
MAGELANG_SALAMKANCI,Desa,NDEZNET_DESAQ4
MAGELANG_KEBONLEGI,Desa,NDEZNET_DESAQ4
MAGELANG_MANGLI,Desa,NDEZNET_DESAQ4
MAGELANG_BESERAN,Desa,NDEZNET_DESAQ4
MAGELANG_BAMBUSARI,Desa,NDEZNET_DESAQ4
MAGELANG_JOGOMULYO,Desa,NDEZNET_DESAQ4
MAGELANG_TEMPUREJO,Desa,NDEZNET_DESAQ4
MAGELANG_TANGGULREJO,Desa,NDEZNET_DESAQ4
MAGELANG_RINGINANOM,Desa,NDEZNET_DESAQ4
MAGELANG_BULUREJO,Desa,NDEZNET_DESAQ4
MAGELANG_BANJARNEGORO,Desa,NDEZNET_DESAQ4
MAGELANG_BANYUROJO,Desa,NDEZNET_DESAQ4
MAGELANG_MERTOYUDAN,Desa,NDEZNET_DESAQ4
MAGELANG_KEL. SUMBERREJO,Desa,NDEZNET_DESAQ4
MAGELANG_DANUREJO,Desa,NDEZNET_DESAQ4
MAGELANG_JOGONEGORO,Desa,NDEZNET_DESAQ4
MAGELANG_KALINEGORO,Desa,NDEZNET_DESAQ4
MAGELANG_PASURUHAN,Desa,NDEZNET_DESAQ4
MAGELANG_CANDIMULYO,Desa,NDEZNET_DESAQ4
MAGELANG_TAMPIRWETAN,Desa,NDEZNET_DESAQ4
MAGELANG_TIRTOSARI,Desa,NDEZNET_DESAQ4
MAGELANG_GONDANG,Desa,NDEZNET_DESAQ4
MAGELANG_SENDEN,Desa,NDEZNET_DESAQ4
MAGELANG_MUNGKID,Desa,NDEZNET_DESAQ4
MAGELANG_BLONDO,Desa,NDEZNET_DESAQ4
MAGELANG_PAREMONO,Desa,NDEZNET_DESAQ4
MAGELANG_PABELAN,Desa,NDEZNET_DESAQ4
MAGELANG_RAMBEANAK,Desa,NDEZNET_DESAQ4
MAGELANG_KEL. MUNTILAN,Desa,NDEZNET_DESAQ4
MAGELANG_SEDAYU,Desa,NDEZNET_DESAQ4
MAGELANG_TAMANAGUNG,Desa,NDEZNET_DESAQ4
MAGELANG_PUCUNGREJO,Desa,NDEZNET_DESAQ4
MAGELANG_GUNUNGPRING,Desa,NDEZNET_DESAQ4
MAGELANG_KEJI,Desa,NDEZNET_DESAQ4
MAGELANG_MENAYU,Desa,NDEZNET_DESAQ4
MAGELANG_CONGKRANG,Desa,NDEZNET_DESAQ4
MAGELANG_SEWUKAN,Desa,NDEZNET_DESAQ4
MAGELANG_BANYUDONO,Desa,NDEZNET_DESAQ4
MAGELANG_DUKUN,Desa,NDEZNET_DESAQ4
MAGELANG_WATES,Desa,NDEZNET_DESAQ4
MAGELANG_BRINGIN,Desa,NDEZNET_DESAQ4
MAGELANG_BANYUADEM,Desa,NDEZNET_DESAQ4
MAGELANG_KEMIREN,Desa,NDEZNET_DESAQ4
MAGELANG_GULON,Desa,NDEZNET_DESAQ4
MAGELANG_SELOBORO,Desa,NDEZNET_DESAQ4
MAGELANG_BATURONO,Desa,NDEZNET_DESAQ4
MAGELANG_TERSANGEDE,Desa,NDEZNET_DESAQ4
MAGELANG_SIRAHAN,Desa,NDEZNET_DESAQ4
MAGELANG_BLONGKENG,Desa,NDEZNET_DESAQ4
MAGELANG_TUKSONGO,Desa,NDEZNET_DESAQ4
MAGELANG_KALIABU,Desa,NDEZNET_DESAQ4
MAGELANG_MARGOYOSO,Desa,NDEZNET_DESAQ4
MAGELANG_KRASAK,Desa,NDEZNET_DESAQ4
MAGELANG_SALAMAN,Desa,NDEZNET_DESAQ4
MAGELANG_MENOREH,Desa,NDEZNET_DESAQ4
KOTA PADANG PANJANG_KEL. SILAING BAWAH,Desa,NDEZNET_DESAQ4
KOTA PADANG PANJANG_KEL. SILAING ATAS,Desa,NDEZNET_DESAQ4
KOTA PADANG PANJANG_KEL. PASAR USANG,Desa,NDEZNET_DESAQ4
KOTA PADANG PANJANG_KEL. KAMPUNG MANGGIS,Desa,NDEZNET_DESAQ4
KOTA PADANG PANJANG_KEL. TANAH HITAM,Desa,NDEZNET_DESAQ4
KOTA PADANG PANJANG_KEL. PASAR BARU,Desa,NDEZNET_DESAQ4
KOTA PADANG PANJANG_KEL. BUKIT SURUNGAN,Desa,NDEZNET_DESAQ4
KOTA PADANG PANJANG_KEL. BALAI-BALAI,Desa,NDEZNET_DESAQ4
KOTA PADANG PANJANG_KEL. KOTO PANJANG,Desa,NDEZNET_DESAQ4
KOTA PADANG PANJANG_KEL. NGALAU,Desa,NDEZNET_DESAQ4
KOTA PADANG PANJANG_KEL. EKOR LUBUK,Desa,NDEZNET_DESAQ4
KOTA PADANG PANJANG_KEL. SIGANDO,Desa,NDEZNET_DESAQ4
KOTA PADANG PANJANG_KEL. GANTING,Desa,NDEZNET_DESAQ4
KOTA PADANG PANJANG_KEL. GUGUK MALINTANG,Desa,NDEZNET_DESAQ4
KOTA PADANG PANJANG_KEL. TANAH PAK LAMBIK,Desa,NDEZNET_DESAQ4
MAGELANG_BAWANG,Desa,NDEZNET_DESAQ4
MAGELANG_DONOREJO,Desa,NDEZNET_DESAQ4
MAGELANG_GIRIREJO,Desa,NDEZNET_DESAQ4
MAGELANG_MANGUNSARI,Desa,NDEZNET_DESAQ4
MAGELANG_NGADIREJO,Desa,NDEZNET_DESAQ4
TEMANGGUNG_BANARAN,Desa,NDEZNET_DESAQ4
TEMANGGUNG_BANJARSARI,Desa,NDEZNET_DESAQ4
TEMANGGUNG_CAMPURSARI,Desa,NDEZNET_DESAQ4
TEMANGGUNG_CANDISARI,Desa,NDEZNET_DESAQ4
TEMANGGUNG_TEGALREJO,Desa,NDEZNET_DESAQ4
MAGELANG_BANYUSARI,Desa,NDEZNET_DESAQ4
MAGELANG_JAMBEWANGI,Desa,NDEZNET_DESAQ4
MAGELANG_SUKOREJO,Desa,NDEZNET_DESAQ4
TEMANGGUNG_BATURSARI,Desa,NDEZNET_DESAQ4
TEMANGGUNG_KEMLOKO,Desa,NDEZNET_DESAQ4
TEMANGGUNG_PURWOSARI,Desa,NDEZNET_DESAQ4
TEMANGGUNG_TANJUNGSARI,Desa,NDEZNET_DESAQ4
MAGELANG_MANGUNREJO,Desa,NDEZNET_DESAQ4
MAGELANG_NGABLAK,Desa,NDEZNET_DESAQ4
MAGELANG_SIDOMULYO,Desa,NDEZNET_DESAQ4
TEMANGGUNG_BAGUSAN,Desa,NDEZNET_DESAQ4
TEMANGGUNG_BANSARI,Desa,NDEZNET_DESAQ4
MAGELANG_BANJARSARI,Desa,NDEZNET_DESAQ4
MAGELANG_KENALAN,Desa,NDEZNET_DESAQ4
MAGELANG_PODOSOKO,Desa,NDEZNET_DESAQ4
MAGELANG_PURWOSARI,Desa,NDEZNET_DESAQ4
MAGELANG_REJOSARI,Desa,NDEZNET_DESAQ4
MAGELANG_SALAM,Desa,NDEZNET_DESAQ4
MAGELANG_SRIWEDARI,Desa,NDEZNET_DESAQ4
TEMANGGUNG_KARANGTEJO,Desa,NDEZNET_DESAQ4
TEMANGGUNG_REJOSARI,Desa,NDEZNET_DESAQ4
