polygon,polygon_type,label
JEMBER_SUCI,DESA,NDEZNET_DESAQ2
BOYOLALI_BANYUSRI,DESA,NDEZNET_DESAQ2
KOTA SURAKARTA_KEL. TIPES,DESA,NDEZNET_DESAQ2
KOTA SURAKARTA_KEL. PANULARAN,DESA,NDEZNET_DESAQ2
PADANG PARIAMAN_KASANG,DESA,NDEZNET_DESAQ2
PADANG PARIAMAN_LUBUK PANDAN,DESA,NDEZNET_DESAQ2
PADANG PARIAMAN_SICINCIN,DESA,NDEZNET_DESAQ2
PADANG PARIAMAN_LIMAU PURUIK,DESA,NDEZNET_DESAQ2
KOTA PARIAMAN_BATANG KABUNG,DESA,NDEZNET_DESAQ2
KOTA PARIAMAN_KAJAI,DESA,NDEZNET_DESAQ2
KOTA PARIAMAN_KOTO MARAPAK,DESA,NDEZNET_DESAQ2
KARANGANYAR_SUMBEREJO,DESA,NDEZNET_DESAQ2
KARANGANYAR_KUTO,DESA,NDEZNET_DESAQ2
KARANGANYAR_SURUHKALANG,DESA,NDEZNET_DESAQ2
KARANGANYAR_DOPLANG,DESA,NDEZNET_DESAQ2
WONOGIRI_KEL. PURWANTORO,DESA,NDEZNET_DESAQ2
WONOGIRI_NGADIROJO LOR,DESA,NDEZNET_DESAQ2
WONOGIRI_PURWOSARI,DESA,NDEZNET_DESAQ2
WONOGIRI_TALUNOMBO,DESA,NDEZNET_DESAQ2
SUKOHARJO_PABELAN,DESA,NDEZNET_DESAQ2
SUKOHARJO_MAYANG,DESA,NDEZNET_DESAQ2
SUKOHARJO_BLIMBING,DESA,NDEZNET_DESAQ2
SUKOHARJO_SANGGUNG,DESA,NDEZNET_DESAQ2
SUKOHARJO_KEL. KRIWEN,DESA,NDEZNET_DESAQ2
KLATEN_KRECEK,DESA,NDEZNET_DESAQ2
KLATEN_GUNTING,DESA,NDEZNET_DESAQ2
KLATEN_WANGLU,DESA,NDEZNET_DESAQ2
KLATEN_KEBONDALEM KIDUL,DESA,NDEZNET_DESAQ2
BOYOLALI_SRANTEN,DESA,NDEZNET_DESAQ2
BOYOLALI_POTRONAYAN,DESA,NDEZNET_DESAQ2
BOYOLALI_DIBAL,DESA,NDEZNET_DESAQ2
BOYOLALI_BATAN,DESA,NDEZNET_DESAQ2
BOYOLALI_BUTUH,DESA,NDEZNET_DESAQ2
KOTA BANDAR LAMPUNG_KEL. BUMI KEDAMAIAN,DESA,NDEZNET_DESAQ2
KOTA BANDAR LAMPUNG_KEL. TANJUNGGADING,DESA,NDEZNET_DESAQ2
KOTA BANDAR LAMPUNG_KEL. SAWAH BREBES,DESA,NDEZNET_DESAQ2
LAMPUNG SELATAN_WAY HUI,DESA,NDEZNET_DESAQ2
LAMPUNG SELATAN_BANJAR NEGERI,DESA,NDEZNET_DESAQ2
NGAWI_SRIWEDARI,DESA,NDEZNET_DESAQ2
NGAWI_KARANGBANYU,DESA,NDEZNET_DESAQ2
NGAWI_TEGUHAN,DESA,NDEZNET_DESAQ2
NGAWI_KEDUNGPRAHU,DESA,NDEZNET_DESAQ2
NGAWI_SUKOWIYONO,DESA,NDEZNET_DESAQ2
NGAWI_GANDRI,DESA,NDEZNET_DESAQ2
NGAWI_SIMO,DESA,NDEZNET_DESAQ2
NGAWI_WIDODAREN,DESA,NDEZNET_DESAQ2
NGAWI_TEPAS,DESA,NDEZNET_DESAQ2
NGAWI_MAJASEM,DESA,NDEZNET_DESAQ2
NGAWI_SOCO,DESA,NDEZNET_DESAQ2
NGAWI_WAKAH,DESA,NDEZNET_DESAQ2
NGAWI_SINE,DESA,NDEZNET_DESAQ2
MAGETAN_KARANGMOJO,DESA,NDEZNET_DESAQ2
MAGETAN_JUNGKE,DESA,NDEZNET_DESAQ2
MAGETAN_KEL. LEMBEYAN KULON,DESA,NDEZNET_DESAQ2
MADIUN_DEMPELAN,DESA,NDEZNET_DESAQ2
MADIUN_KUWU,DESA,NDEZNET_DESAQ2
MADIUN_BUDURAN,DESA,NDEZNET_DESAQ2
MADIUN_SUMBERGANDU,DESA,NDEZNET_DESAQ2
MADIUN_KEDUNGREJO,DESA,NDEZNET_DESAQ2
MADIUN_BONGSOPOTRO,DESA,NDEZNET_DESAQ2
MADIUN_NGEPEH,DESA,NDEZNET_DESAQ2
MADIUN_TAMBAKMAS,DESA,NDEZNET_DESAQ2
PADANG PARIAMAN_SUNGAI BULUAH BARAT,DESA,NDEZNET_DESAQ2
PADANG PARIAMAN_SUNGAI BULUAH UTARA,DESA,NDEZNET_DESAQ2
PADANG PARIAMAN_KAMPUANG TANJUANG KOTO MAMBANG SUNGAI,DESA,NDEZNET_DESAQ2
PADANG PARIAMAN_BATU KALANG UTARA,DESA,NDEZNET_DESAQ2
PADANG PARIAMAN_III KOTO AUR MALINTANG SELATAN,DESA,NDEZNET_DESAQ2
PADANG PARIAMAN_BALAI BAIAK MALAI III KOTO,DESA,NDEZNET_DESAQ2
KOTA BANDAR LAMPUNG_KEL. CAMPANG JAYA,DESA,NDEZNET_DESAQ2
KOTA BANDAR LAMPUNG_KEL. NUSANTARA PERMAI,DESA,NDEZNET_DESAQ2
KOTA BANDAR LAMPUNG_KEL. KORPRI RAYA,DESA,NDEZNET_DESAQ2
KOTA BANDAR LAMPUNG_KEL. KORPRI JAYA,DESA,NDEZNET_DESAQ2
KOTA BANDAR LAMPUNG_KEL. GEDONG MENENG BARU,DESA,NDEZNET_DESAQ2
KOTA BANDAR LAMPUNG_KEL. PENENGAHAN RAYA,DESA,NDEZNET_DESAQ2
KOTA BANDAR LAMPUNG_KEL. SUKAMENANTI BARU,DESA,NDEZNET_DESAQ2
KOTA BANDAR LAMPUNG_KEL. GUNUNGAGUNG,DESA,NDEZNET_DESAQ2
KOTA BANDAR LAMPUNG_KEL. BILABONG JAYA,DESA,NDEZNET_DESAQ2
KOTA BANDAR LAMPUNG_KEL. KELAPA TIGA PERMAI,DESA,NDEZNET_DESAQ2
KOTA BANDAR LAMPUNG_KEL. SUKAJAWA BARU,DESA,NDEZNET_DESAQ2
KOTA BANDAR LAMPUNG_KEL. KALIAWI PERSADA,DESA,NDEZNET_DESAQ2
KOTA BANDAR LAMPUNG_KEL. TANJUNG AGUNG,DESA,NDEZNET_DESAQ2
KOTA BANDAR LAMPUNG_KEL. BUMI RAYA,DESA,NDEZNET_DESAQ2
KOTA BANDAR LAMPUNG_KEL. BATU PUTUK,DESA,NDEZNET_DESAQ2
NGAWI_SEKARJATI,DESA,NDEZNET_DESAQ2
NGAWI_BANJARBANGGI,DESA,NDEZNET_DESAQ2
NGAWI_JATIGEMBOL,DESA,NDEZNET_DESAQ2
NGAWI_KEBON,DESA,NDEZNET_DESAQ2
NGAWI_SEMEN,DESA,NDEZNET_DESAQ2
NGAWI_BINTOYO,DESA,NDEZNET_DESAQ2
NGAWI_BENDO,DESA,NDEZNET_DESAQ2
NGAWI_GANDONG,DESA,NDEZNET_DESAQ2
NGAWI_BRINGIN,DESA,NDEZNET_DESAQ2
NGAWI_REJUNO,DESA,NDEZNET_DESAQ2
NGAWI_REJOMULYO,DESA,NDEZNET_DESAQ2
NGAWI_PUHTI,DESA,NDEZNET_DESAQ2
NGAWI_SIDOREJO,DESA,NDEZNET_DESAQ2
NGAWI_PARAS,DESA,NDEZNET_DESAQ2
NGAWI_JENANGAN,DESA,NDEZNET_DESAQ2
NGAWI_TIRAK,DESA,NDEZNET_DESAQ2
NGAWI_SUMENGKO,DESA,NDEZNET_DESAQ2
NGAWI_MOJOMANIS,DESA,NDEZNET_DESAQ2
NGAWI_GAYAM,DESA,NDEZNET_DESAQ2
NGAWI_KARANGGUPITO,DESA,NDEZNET_DESAQ2
NGAWI_BRUBUH,DESA,NDEZNET_DESAQ2
NGAWI_KLETEKAN,DESA,NDEZNET_DESAQ2
NGAWI_MENDIRO,DESA,NDEZNET_DESAQ2
NGAWI_TAWANGREJO,DESA,NDEZNET_DESAQ2
NGAWI_SUMBEREJO,DESA,NDEZNET_DESAQ2
MAGETAN_PENCOL,DESA,NDEZNET_DESAQ2
MAGETAN_KLAGEN,DESA,NDEZNET_DESAQ2
MAGETAN_KUWON,DESA,NDEZNET_DESAQ2
MAGETAN_BALUK,DESA,NDEZNET_DESAQ2
MAGETAN_BULAK,DESA,NDEZNET_DESAQ2
MAGETAN_TAPAK,DESA,NDEZNET_DESAQ2
MAGETAN_SAMBIROBYONG,DESA,NDEZNET_DESAQ2
MAGETAN_DURENAN,DESA,NDEZNET_DESAQ2
MAGETAN_RANDUGEDE,DESA,NDEZNET_DESAQ2
MAGETAN_BOGOARUM,DESA,NDEZNET_DESAQ2
MAGETAN_PUNTUKDORO,DESA,NDEZNET_DESAQ2
MAGETAN_NGANCAR,DESA,NDEZNET_DESAQ2
MAGETAN_PENDEM,DESA,NDEZNET_DESAQ2
MAGETAN_SELOTINATAH,DESA,NDEZNET_DESAQ2
MAGETAN_BALEREJO,DESA,NDEZNET_DESAQ2
MAGETAN_TAPEN,DESA,NDEZNET_DESAQ2
MAGETAN_KEDUNGPANJI,DESA,NDEZNET_DESAQ2
MAGETAN_TUNGGUR,DESA,NDEZNET_DESAQ2
MAGETAN_KEDIREN,DESA,NDEZNET_DESAQ2
MAGETAN_JOKERTO,DESA,NDEZNET_DESAQ2
MAGETAN_SUNDUL,DESA,NDEZNET_DESAQ2
MAGETAN_MATEGAL,DESA,NDEZNET_DESAQ2
MAGETAN_JANGGAN,DESA,NDEZNET_DESAQ2
MAGETAN_CILENG,DESA,NDEZNET_DESAQ2
MADIUN_TULUNGREJO,DESA,NDEZNET_DESAQ2
MADIUN_SIMO,DESA,NDEZNET_DESAQ2
MADIUN_KUNCEN,DESA,NDEZNET_DESAQ2
MADIUN_BLABAKAN,DESA,NDEZNET_DESAQ2
MADIUN_KREBET,DESA,NDEZNET_DESAQ2
MADIUN_RANDUALAS,DESA,NDEZNET_DESAQ2
MADIUN_KUWIRAN,DESA,NDEZNET_DESAQ2
MADIUN_SOBRAH,DESA,NDEZNET_DESAQ2
MADIUN_KEPET,DESA,NDEZNET_DESAQ2
JEMBER_POCANGAN,DESA,NDEZNET_DESAQ2
JEMBER_SUKOSARI,DESA,NDEZNET_DESAQ2
JEMBER_PLEREAN,DESA,NDEZNET_DESAQ2
JEMBER_SUMBERPAKEM,DESA,NDEZNET_DESAQ2
JEMBER_SUMBERBULUS,DESA,NDEZNET_DESAQ2
JEMBER_SUBO,DESA,NDEZNET_DESAQ2
JEMBER_JATIAN,DESA,NDEZNET_DESAQ2
JEMBER_KLUNGKUNG,DESA,NDEZNET_DESAQ2
JEMBER_KARANGPRING,DESA,NDEZNET_DESAQ2
JEMBER_PAKIS,DESA,NDEZNET_DESAQ2
JEMBER_SELODAKON,DESA,NDEZNET_DESAQ2
JEMBER_KALIGLAGAH,DESA,NDEZNET_DESAQ2
JEMBER_JAMINTORO,DESA,NDEZNET_DESAQ2
JEMBER_GELANG,DESA,NDEZNET_DESAQ2
JEMBER_SRUNI,DESA,NDEZNET_DESAQ2
JEMBER_KARANG KEDAWUNG,DESA,NDEZNET_DESAQ2
JEMBER_KAWANGREJO,DESA,NDEZNET_DESAQ2
JEMBER_MRAWAN,DESA,NDEZNET_DESAQ2
JEMBER_SANENREJO,DESA,NDEZNET_DESAQ2
JEMBER_ANDONGREJO,DESA,NDEZNET_DESAQ2
JEMBER_MAYANGAN,DESA,NDEZNET_DESAQ2
TRENGGALEK_PUCANGANAK,DESA,NDEZNET_DESAQ2
TRENGGALEK_NGLINGGIS,DESA,NDEZNET_DESAQ2
TRENGGALEK_SUMBERDADI,DESA,NDEZNET_DESAQ2
TRENGGALEK_NGULANWETAN,DESA,NDEZNET_DESAQ2
TRENGGALEK_MLINJON,DESA,NDEZNET_DESAQ2
TRENGGALEK_PANDEAN,DESA,NDEZNET_DESAQ2
TRENGGALEK_NGULUNGKULON,DESA,NDEZNET_DESAQ2
TRENGGALEK_BARANG,DESA,NDEZNET_DESAQ2
TRENGGALEK_KERTOSONO,DESA,NDEZNET_DESAQ2
TRENGGALEK_KARANGTENGAH,DESA,NDEZNET_DESAQ2
PONOROGO_SEMPU,DESA,NDEZNET_DESAQ2
PONOROGO_WATES,DESA,NDEZNET_DESAQ2
PONOROGO_SRATEN,DESA,NDEZNET_DESAQ2
PONOROGO_MRICAN,DESA,NDEZNET_DESAQ2
PONOROGO_NAMPAN,DESA,NDEZNET_DESAQ2
PONOROGO_BITING,DESA,NDEZNET_DESAQ2
PONOROGO_POKO,DESA,NDEZNET_DESAQ2
PONOROGO_SUKOSARI,DESA,NDEZNET_DESAQ2
PONOROGO_NGAMPEL,DESA,NDEZNET_DESAQ2
PONOROGO_DADAPAN,DESA,NDEZNET_DESAQ2
PONOROGO_BULU KIDUL,DESA,NDEZNET_DESAQ2
PONOROGO_JARAK,DESA,NDEZNET_DESAQ2
PONOROGO_KAPONAN,DESA,NDEZNET_DESAQ2
PONOROGO_KRISIK,DESA,NDEZNET_DESAQ2
PONOROGO_BANJAREJO,DESA,NDEZNET_DESAQ2
PONOROGO_KETRO,DESA,NDEZNET_DESAQ2
PONOROGO_NGADISANAN,DESA,NDEZNET_DESAQ2
PONOROGO_SAMBILAWANG,DESA,NDEZNET_DESAQ2
PONOROGO_PADAS,DESA,NDEZNET_DESAQ2
PONOROGO_BEKARE,DESA,NDEZNET_DESAQ2
PONOROGO_TRUNENG,DESA,NDEZNET_DESAQ2
PONOROGO_SELUR,DESA,NDEZNET_DESAQ2
PACITAN_GUNUNGREJO,DESA,NDEZNET_DESAQ2
PACITAN_PAGERLOR,DESA,NDEZNET_DESAQ2
PACITAN_PAGERKIDUL,DESA,NDEZNET_DESAQ2
PACITAN_NOGOSARI,DESA,NDEZNET_DESAQ2
PACITAN_BOGOHARJO,DESA,NDEZNET_DESAQ2
PACITAN_SIDOMULYO,DESA,NDEZNET_DESAQ2
PACITAN_LOSARI,DESA,NDEZNET_DESAQ2
PACITAN_PADI,DESA,NDEZNET_DESAQ2
PACITAN_NGLARAN,DESA,NDEZNET_DESAQ2
PACITAN_KEMUNING,DESA,NDEZNET_DESAQ2
PACITAN_PUCANGOMBO,DESA,NDEZNET_DESAQ2
PACITAN_PETUNGSINARANG,DESA,NDEZNET_DESAQ2
PACITAN_SEMPU,DESA,NDEZNET_DESAQ2
PACITAN_TEMON,DESA,NDEZNET_DESAQ2
PACITAN_PAGUTAN,DESA,NDEZNET_DESAQ2
PACITAN_KETEPUNG,DESA,NDEZNET_DESAQ2
PACITAN_GAWANG,DESA,NDEZNET_DESAQ2
PACITAN_PONGGOK,DESA,NDEZNET_DESAQ2
PACITAN_BOLOSINGO,DESA,NDEZNET_DESAQ2
PACITAN_BANJARSARI,DESA,NDEZNET_DESAQ2
PACITAN_SEDENG,DESA,NDEZNET_DESAQ2
PACITAN_GLINGGANGAN,DESA,NDEZNET_DESAQ2
PACITAN_MENDOLO KIDUL,DESA,NDEZNET_DESAQ2
PACITAN_SENDANG,DESA,NDEZNET_DESAQ2
PADANG PARIAMAN_TOBOH GADANG SELATAN,DESA,NDEZNET_DESAQ2
PADANG PARIAMAN_MANGGOPOH PALAK GADANG ULAKAN,DESA,NDEZNET_DESAQ2
PADANG PARIAMAN_LAREH NAN PANJANG,DESA,NDEZNET_DESAQ2
PADANG PARIAMAN_BALAH AIE TIMUR,DESA,NDEZNET_DESAQ2
PADANG PARIAMAN_LIMPATO SUNGAI SARIAK,DESA,NDEZNET_DESAQ2
PADANG PARIAMAN_BATU KALANG,DESA,NDEZNET_DESAQ2
KOTA PARIAMAN_PADANG CAKUR,DESA,NDEZNET_DESAQ2
KOTA PARIAMAN_TUNGKAL UTARA,DESA,NDEZNET_DESAQ2
KOTA PARIAMAN_SINTUK,DESA,NDEZNET_DESAQ2
KARANGANYAR_TRENGGULI,DESA,NDEZNET_DESAQ2
KARANGANYAR_JENAWI,DESA,NDEZNET_DESAQ2
KARANGANYAR_WONOSARI,DESA,NDEZNET_DESAQ2
KARANGANYAR_KARANGTURI,DESA,NDEZNET_DESAQ2
KARANGANYAR_KEL. DELINGAN,DESA,NDEZNET_DESAQ2
KARANGANYAR_NGARGOYOSO,DESA,NDEZNET_DESAQ2
KARANGANYAR_NGLEGOK,DESA,NDEZNET_DESAQ2
KARANGANYAR_TUNGGULREJO,DESA,NDEZNET_DESAQ2
KARANGANYAR_GIRIWONDO,DESA,NDEZNET_DESAQ2
KARANGANYAR_PLOSO,DESA,NDEZNET_DESAQ2
KARANGANYAR_JATIHARJO,DESA,NDEZNET_DESAQ2
WONOGIRI_KEL. SIDOKARTO,DESA,NDEZNET_DESAQ2
WONOGIRI_SEMEN,DESA,NDEZNET_DESAQ2
WONOGIRI_SEDAYU,DESA,NDEZNET_DESAQ2
WONOGIRI_GUNAN,DESA,NDEZNET_DESAQ2
WONOGIRI_WARU,DESA,NDEZNET_DESAQ2
WONOGIRI_MIRICINDE,DESA,NDEZNET_DESAQ2
WONOGIRI_SUMBER,DESA,NDEZNET_DESAQ2
WONOGIRI_GAMBIRANOM,DESA,NDEZNET_DESAQ2
WONOGIRI_GEDAWUNG,DESA,NDEZNET_DESAQ2
WONOGIRI_KEL. SANGGRONG,DESA,NDEZNET_DESAQ2
WONOGIRI_NGABEYAN,DESA,NDEZNET_DESAQ2
WONOGIRI_KERJO KIDUL,DESA,NDEZNET_DESAQ2
WONOGIRI_KELORAN,DESA,NDEZNET_DESAQ2
WONOGIRI_GUMIWANG LOR,DESA,NDEZNET_DESAQ2
WONOGIRI_NGUNGGAHAN,DESA,NDEZNET_DESAQ2
WONOGIRI_MINGGARHARJO,DESA,NDEZNET_DESAQ2
WONOGIRI_KEDUNGOMBO,DESA,NDEZNET_DESAQ2
WONOGIRI_BALEPANJANG,DESA,NDEZNET_DESAQ2
WONOGIRI_KEL. BEJI,DESA,NDEZNET_DESAQ2
WONOGIRI_TANJUNGSARI,DESA,NDEZNET_DESAQ2
WONOGIRI_HARGANTORO,DESA,NDEZNET_DESAQ2
WONOGIRI_NGANCAR,DESA,NDEZNET_DESAQ2
WONOGIRI_JOHUNUT,DESA,NDEZNET_DESAQ2
WONOGIRI_KETOS,DESA,NDEZNET_DESAQ2
WONOGIRI_TRUKAN,DESA,NDEZNET_DESAQ2
WONOGIRI_WATANGREJO,DESA,NDEZNET_DESAQ2
SUKOHARJO_TEPISARI,DESA,NDEZNET_DESAQ2
SUKOHARJO_BENDOSARI,DESA,NDEZNET_DESAQ2
SUKOHARJO_PALUHOMBO,DESA,NDEZNET_DESAQ2
SUKOHARJO_PUHGOGOR,DESA,NDEZNET_DESAQ2
SUKOHARJO_CABEYAN,DESA,NDEZNET_DESAQ2
SUKOHARJO_JURON,DESA,NDEZNET_DESAQ2
SUKOHARJO_BARAN,DESA,NDEZNET_DESAQ2
SUKOHARJO_KARANGASEM,DESA,NDEZNET_DESAQ2
SUKOHARJO_PURON,DESA,NDEZNET_DESAQ2
SUKOHARJO_KEDUNGSONO,DESA,NDEZNET_DESAQ2
SUKOHARJO_KAMAL,DESA,NDEZNET_DESAQ2
KLATEN_TLOGOWATU,DESA,NDEZNET_DESAQ2
KLATEN_BENGKING,DESA,NDEZNET_DESAQ2
KLATEN_KEMIRI,DESA,NDEZNET_DESAQ2
KLATEN_GEDONGJETIS,DESA,NDEZNET_DESAQ2
KLATEN_LUMBUNGKEREP,DESA,NDEZNET_DESAQ2
KLATEN_KANOMAN,DESA,NDEZNET_DESAQ2
KLATEN_TLINGSING,DESA,NDEZNET_DESAQ2
KLATEN_BENDUNGAN,DESA,NDEZNET_DESAQ2
KLATEN_NENGAHAN,DESA,NDEZNET_DESAQ2
KLATEN_JIWOWETAN,DESA,NDEZNET_DESAQ2
KLATEN_JOGOPRAYAN,DESA,NDEZNET_DESAQ2
KLATEN_RANDUSARI,DESA,NDEZNET_DESAQ2
BOYOLALI_PILANGREJO,DESA,NDEZNET_DESAQ2
BOYOLALI_REPAKING,DESA,NDEZNET_DESAQ2
BOYOLALI_NGABLAK,DESA,NDEZNET_DESAQ2
BOYOLALI_KEMUSU,DESA,NDEZNET_DESAQ2
BOYOLALI_KUNTI,DESA,NDEZNET_DESAQ2
BOYOLALI_KEDUNGDOWO,DESA,NDEZNET_DESAQ2
BOYOLALI_KARANGKEPOH,DESA,NDEZNET_DESAQ2
BOYOLALI_TEMON,DESA,NDEZNET_DESAQ2
BOYOLALI_SANGUP,DESA,NDEZNET_DESAQ2
BOYOLALI_SUMUR,DESA,NDEZNET_DESAQ2
BOYOLALI_CABEANKUNTI,DESA,NDEZNET_DESAQ2
BOYOLALI_JELOK,DESA,NDEZNET_DESAQ2
BOYOLALI_SUMBUNG,DESA,NDEZNET_DESAQ2
BOYOLALI_SEBOTO,DESA,NDEZNET_DESAQ2
BOYOLALI_NGENDEN,DESA,NDEZNET_DESAQ2
BOYOLALI_SENDEN,DESA,NDEZNET_DESAQ2
BOYOLALI_SELO,DESA,NDEZNET_DESAQ2
BOYOLALI_LENCOH,DESA,NDEZNET_DESAQ2
LAMPUNG SELATAN_SIDOLUHUR,DESA,NDEZNET_DESAQ2
LAMPUNG SELATAN_SRIPENDOWO,DESA,NDEZNET_DESAQ2
LAMPUNG SELATAN_BELAMBANGAN,DESA,NDEZNET_DESAQ2
LAMPUNG SELATAN_KURIPAN,DESA,NDEZNET_DESAQ2
LAMPUNG SELATAN_TAMAN BARU,DESA,NDEZNET_DESAQ2
LAMPUNG SELATAN_RUANG TENGAH,DESA,NDEZNET_DESAQ2
LAMPUNG SELATAN_KAMPUNG BARU,DESA,NDEZNET_DESAQ2
LAMPUNG SELATAN_PENENGAHAN,DESA,NDEZNET_DESAQ2
LAMPUNG SELATAN_MANDALA SARI,DESA,NDEZNET_DESAQ2
LAMPUNG SELATAN_BAKTIRASA,DESA,NDEZNET_DESAQ2
LAMPUNG SELATAN_BANDAN HURIP,DESA,NDEZNET_DESAQ2
LAMPUNG SELATAN_PALAS JAYA,DESA,NDEZNET_DESAQ2
LAMPUNG SELATAN_KOTA GURING,DESA,NDEZNET_DESAQ2
LAMPUNG SELATAN_CANGGUNG,DESA,NDEZNET_DESAQ2
LAMPUNG SELATAN_TAMAN AGUNG,DESA,NDEZNET_DESAQ2
LAMPUNG SELATAN_MUNJUK SAMPURNA,DESA,NDEZNET_DESAQ2
LAMPUNG SELATAN_CANGGU,DESA,NDEZNET_DESAQ2
LAMPUNG SELATAN_TAJIMALELA,DESA,NDEZNET_DESAQ2
LAMPUNG SELATAN_MAJA,DESA,NDEZNET_DESAQ2
LAMPUNG SELATAN_TENGKUJUH,DESA,NDEZNET_DESAQ2
LAMPUNG SELATAN_JONDONG,DESA,NDEZNET_DESAQ2
LAMPUNG SELATAN_BALI NURAGA,DESA,NDEZNET_DESAQ2
LAMPUNG SELATAN_SIDORENO,DESA,NDEZNET_DESAQ2
LAMPUNG SELATAN_SIDOMAKMUR,DESA,NDEZNET_DESAQ2
LAMPUNG SELATAN_BANYUMAS,DESA,NDEZNET_DESAQ2
LAMPUNG SELATAN_BERINGIN KENCANA,DESA,NDEZNET_DESAQ2
LAMPUNG SELATAN_RAWA SELAPAN,DESA,NDEZNET_DESAQ2
LAMPUNG SELATAN_TRIMOMUKTI,DESA,NDEZNET_DESAQ2
LAMPUNG SELATAN_BANDAR DALAM,DESA,NDEZNET_DESAQ2
LAMPUNG SELATAN_SUAK,DESA,NDEZNET_DESAQ2
LAMPUNG SELATAN_TRIHARJO,DESA,NDEZNET_DESAQ2
LAMPUNG SELATAN_SUBAN,DESA,NDEZNET_DESAQ2
LAMPUNG SELATAN_SIDOMEKAR,DESA,NDEZNET_DESAQ2
LAMPUNG SELATAN_PURWODADI SIMPANG,DESA,NDEZNET_DESAQ2
MAGETAN_BANGUNASRI,DESA,NDEZNET_DESAQ2
MAGETAN_GEPLAK,DESA,NDEZNET_DESAQ2
MADIUN_MOJOREJO,DESA,NDEZNET_DESAQ2
PONOROGO_CEKOK,DESA,NDEZNET_DESAQ2
PONOROGO_MENANG,DESA,NDEZNET_DESAQ2
PADANG PARIAMAN_LUBUK ALUNG,DESA,NDEZNET_DESAQ2
PADANG PARIAMAN_AIE TAJUN LUBUK ALUNG,DESA,NDEZNET_DESAQ2
PADANG PARIAMAN_SIKABU LUBUK ALUNG,DESA,NDEZNET_DESAQ2
PADANG PARIAMAN_SALIBUTAN LUBUK ALUNG,DESA,NDEZNET_DESAQ2
PADANG PARIAMAN_KURAI TAJI TIMUR,DESA,NDEZNET_DESAQ2
PADANG PARIAMAN_BISATI SUNGAI SARIAK,DESA,NDEZNET_DESAQ2
KOTA PARIAMAN_PASIR SUNUR,DESA,NDEZNET_DESAQ2
KOTA PARIAMAN_KEL. UJUNG BATUNG,DESA,NDEZNET_DESAQ2
KOTA PARIAMAN_TALAGO SARIK,DESA,NDEZNET_DESAQ2
KOTA PARIAMAN_SUNGAI SIRAH,DESA,NDEZNET_DESAQ2
KOTA PARIAMAN_KALUAT,DESA,NDEZNET_DESAQ2
KARANGANYAR_POJOK,DESA,NDEZNET_DESAQ2
KARANGANYAR_KRENDOWAHONO,DESA,NDEZNET_DESAQ2
KARANGANYAR_REJOSARI,DESA,NDEZNET_DESAQ2
KARANGANYAR_JATISAWIT,DESA,NDEZNET_DESAQ2
WONOGIRI_JATIMARTO,DESA,NDEZNET_DESAQ2
SUKOHARJO_KLASEMAN,DESA,NDEZNET_DESAQ2
KLATEN_SAWAHAN,DESA,NDEZNET_DESAQ2
KLATEN_TIJAYAN,DESA,NDEZNET_DESAQ2
KLATEN_LESES,DESA,NDEZNET_DESAQ2
KLATEN_SOLODIRAN,DESA,NDEZNET_DESAQ2
KLATEN_SUMYANG,DESA,NDEZNET_DESAQ2
KLATEN_TROTOK,DESA,NDEZNET_DESAQ2
KLATEN_KADILANGGON,DESA,NDEZNET_DESAQ2
KLATEN_TOWANGSAN,DESA,NDEZNET_DESAQ2
KLATEN_GESIKAN,DESA,NDEZNET_DESAQ2
BOYOLALI_SAMBON,DESA,NDEZNET_DESAQ2
BOYOLALI_JIPANGAN,DESA,NDEZNET_DESAQ2
BOYOLALI_PARAS,DESA,NDEZNET_DESAQ2
NGAWI_BANYUBIRU,DESA,NDEZNET_DESAQ2
NGAWI_KEDUNGPUTRI,DESA,NDEZNET_DESAQ2
NGAWI_BANJARANSARI,DESA,NDEZNET_DESAQ2
NGAWI_BRANGOL,DESA,NDEZNET_DESAQ2
NGAWI_RANDUSONGO,DESA,NDEZNET_DESAQ2
NGAWI_KERSIKAN,DESA,NDEZNET_DESAQ2
NGAWI_PLOSO,DESA,NDEZNET_DESAQ2
NGAWI_SUMBERSARI,DESA,NDEZNET_DESAQ2
MAGETAN_NGILIRAN,DESA,NDEZNET_DESAQ2
MAGETAN_SIDOMULYO,DESA,NDEZNET_DESAQ2
MAGETAN_BANYUDONO,DESA,NDEZNET_DESAQ2
MAGETAN_NGURI,DESA,NDEZNET_DESAQ2
MAGETAN_PRAGAK,DESA,NDEZNET_DESAQ2
MADIUN_BOLO,DESA,NDEZNET_DESAQ2
MADIUN_KETANDAN,DESA,NDEZNET_DESAQ2
MADIUN_SUKOREJO,DESA,NDEZNET_DESAQ2
JEMBER_SUGERKIDUL,DESA,NDEZNET_DESAQ2
JEMBER_LEDOKOMBO,DESA,NDEZNET_DESAQ2
JEMBER_SUMBERSALAK,DESA,NDEZNET_DESAQ2
JEMBER_SUMBERKALONG,DESA,NDEZNET_DESAQ2
JEMBER_SUKORENO,DESA,NDEZNET_DESAQ2
JEMBER_SUMBERKETEMPA,DESA,NDEZNET_DESAQ2
JEMBER_SUMBERPINANG,DESA,NDEZNET_DESAQ2
JEMBER_KEMIRI,DESA,NDEZNET_DESAQ2
JEMBER_TUGUSARI,DESA,NDEZNET_DESAQ2
JEMBER_JATIROTO,DESA,NDEZNET_DESAQ2
JEMBER_KARANGBAYAT,DESA,NDEZNET_DESAQ2
JEMBER_NGAMPELREJO,DESA,NDEZNET_DESAQ2
JEMBER_ROWOINDAH,DESA,NDEZNET_DESAQ2
JEMBER_LAMPEJI,DESA,NDEZNET_DESAQ2
JEMBER_HARJOMULYO,DESA,NDEZNET_DESAQ2
TRENGGALEK_SURENLOR,DESA,NDEZNET_DESAQ2
TRENGGALEK_BANARAN,DESA,NDEZNET_DESAQ2
TRENGGALEK_BOGORAN,DESA,NDEZNET_DESAQ2
TRENGGALEK_KARANGGANDU,DESA,NDEZNET_DESAQ2
TRENGGALEK_BENDOROTO,DESA,NDEZNET_DESAQ2
PONOROGO_TULUNG,DESA,NDEZNET_DESAQ2
PONOROGO_JALEN,DESA,NDEZNET_DESAQ2
PONOROGO_BEDINGIN,DESA,NDEZNET_DESAQ2
PONOROGO_NAMBAK,DESA,NDEZNET_DESAQ2
PONOROGO_GOMBANG,DESA,NDEZNET_DESAQ2
PONOROGO_BROTO,DESA,NDEZNET_DESAQ2
PACITAN_NGROMO,DESA,NDEZNET_DESAQ2
PACITAN_KARANGGEDE,DESA,NDEZNET_DESAQ2
PACITAN_KARANGREJO,DESA,NDEZNET_DESAQ2
PACITAN_BORANG,DESA,NDEZNET_DESAQ2
PACITAN_GUNUNGSARI,DESA,NDEZNET_DESAQ2
PACITAN_CANDI,DESA,NDEZNET_DESAQ2
PADANG PARIAMAN_ULAKAN,DESA,NDEZNET_DESAQ2
KARANGANYAR_HARJOSARI,DESA,NDEZNET_DESAQ2
KARANGANYAR_BERJO,DESA,NDEZNET_DESAQ2
KARANGANYAR_TENGKLIK,DESA,NDEZNET_DESAQ2
WONOGIRI_GIRIWARNO,DESA,NDEZNET_DESAQ2
WONOGIRI_JEPORO,DESA,NDEZNET_DESAQ2
WONOGIRI_TEMON,DESA,NDEZNET_DESAQ2
WONOGIRI_PARANGGUPITO,DESA,NDEZNET_DESAQ2
WONOGIRI_SAMBIROTO,DESA,NDEZNET_DESAQ2
SUKOHARJO_NGASINAN,DESA,NDEZNET_DESAQ2
SUKOHARJO_TEGALSARI,DESA,NDEZNET_DESAQ2
KLATEN_GUNUNGGAJAH,DESA,NDEZNET_DESAQ2
BOYOLALI_SENTING,DESA,NDEZNET_DESAQ2
LAMPUNG SELATAN_SUKABAKTI,DESA,NDEZNET_DESAQ2
LAMPUNG SELATAN_REJOMULYO,DESA,NDEZNET_DESAQ2
LAMPUNG SELATAN_KALIASIN,DESA,NDEZNET_DESAQ2
LAMPUNG SELATAN_GEDUNG HARAPAN,DESA,NDEZNET_DESAQ2
LAMPUNG SELATAN_KRAWANG SARI,DESA,NDEZNET_DESAQ2
MAGETAN_PINGKUK,DESA,NDEZNET_DESAQ2
PONOROGO_SRANDIL,DESA,NDEZNET_DESAQ2
PACITAN_PURWOREJO,DESA,NDEZNET_DESAQ2
PADANG PARIAMAN_GUGUAK,DESA,NDEZNET_DESAQ2
PADANG PARIAMAN_KOTO TINGGI KURANJI HILIR,DESA,NDEZNET_DESAQ2
KARANGANYAR_SALAM,DESA,NDEZNET_DESAQ2
KARANGANYAR_PUNTUKREJO,DESA,NDEZNET_DESAQ2
WONOGIRI_GIRIMARTO,DESA,NDEZNET_DESAQ2
WONOGIRI_KEL. GIRIWONO,DESA,NDEZNET_DESAQ2
KLATEN_KAJEN,DESA,NDEZNET_DESAQ2
BOYOLALI_GIRIROTO,DESA,NDEZNET_DESAQ2
BOYOLALI_SOBOKERTO,DESA,NDEZNET_DESAQ2
NGAWI_BANGUNREJO,DESA,NDEZNET_DESAQ2
NGAWI_JENGGRIK,DESA,NDEZNET_DESAQ2
NGAWI_KARTOHARJO,DESA,NDEZNET_DESAQ2
NGAWI_MANGUNHARJO,DESA,NDEZNET_DESAQ2
NGAWI_DERO,DESA,NDEZNET_DESAQ2
NGAWI_SAWO,DESA,NDEZNET_DESAQ2
NGAWI_CAMPURASRI,DESA,NDEZNET_DESAQ2
NGAWI_SETONO,DESA,NDEZNET_DESAQ2
MAGETAN_TAJI,DESA,NDEZNET_DESAQ2
MAGETAN_TRUNENG,DESA,NDEZNET_DESAQ2
MAGETAN_SIDOWAYAH,DESA,NDEZNET_DESAQ2
MAGETAN_JABUNG,DESA,NDEZNET_DESAQ2
MAGETAN_BALEASRI,DESA,NDEZNET_DESAQ2
MADIUN_PULEREJO,DESA,NDEZNET_DESAQ2
MADIUN_BADER,DESA,NDEZNET_DESAQ2
MADIUN_LEMBAH,DESA,NDEZNET_DESAQ2
MADIUN_GEGER,DESA,NDEZNET_DESAQ2
MADIUN_KEBONSARI,DESA,NDEZNET_DESAQ2
MADIUN_PALUR,DESA,NDEZNET_DESAQ2
MADIUN_SINGGAHAN,DESA,NDEZNET_DESAQ2
JEMBER_KEL. BANJARSENGON,DESA,NDEZNET_DESAQ2
JEMBER_GUNUNGMALANG,DESA,NDEZNET_DESAQ2
JEMBER_LEMBENGAN,DESA,NDEZNET_DESAQ2
JEMBER_GUMUKSARI,DESA,NDEZNET_DESAQ2
JEMBER_BEDADUNG,DESA,NDEZNET_DESAQ2
JEMBER_KAMAL,DESA,NDEZNET_DESAQ2
JEMBER_DARSONO,DESA,NDEZNET_DESAQ2
JEMBER_KEMUNINGLOR,DESA,NDEZNET_DESAQ2
JEMBER_KEMUNING SARI LOR,DESA,NDEZNET_DESAQ2
JEMBER_BADEAN,DESA,NDEZNET_DESAQ2
JEMBER_PONDOKDALEM,DESA,NDEZNET_DESAQ2
JEMBER_WIROWONGSO,DESA,NDEZNET_DESAQ2
JEMBER_CANGKRING,DESA,NDEZNET_DESAQ2
JEMBER_KEMUNINGSARIKIDUL,DESA,NDEZNET_DESAQ2
JEMBER_TEGALWARU,DESA,NDEZNET_DESAQ2
JEMBER_WONOASRI,DESA,NDEZNET_DESAQ2
TRENGGALEK_SUMBEREJO,DESA,NDEZNET_DESAQ2
PONOROGO_NGLAYANG,DESA,NDEZNET_DESAQ2
PONOROGO_KEMIRI,DESA,NDEZNET_DESAQ2
PONOROGO_PINTU,DESA,NDEZNET_DESAQ2
PONOROGO_GELANGKULON,DESA,NDEZNET_DESAQ2
PONOROGO_SUMBEREJO,DESA,NDEZNET_DESAQ2
PONOROGO_SAWUH,DESA,NDEZNET_DESAQ2
PONOROGO_TUGU,DESA,NDEZNET_DESAQ2
PONOROGO_PUDAK WETAN,DESA,NDEZNET_DESAQ2
PONOROGO_BEDOHO,DESA,NDEZNET_DESAQ2
PONOROGO_JANTI,DESA,NDEZNET_DESAQ2
PONOROGO_MENGGARE,DESA,NDEZNET_DESAQ2
PONOROGO_CALUK,DESA,NDEZNET_DESAQ2
PACITAN_JATIGUNUNG,DESA,NDEZNET_DESAQ2
PACITAN_TAHUNAN BARU,DESA,NDEZNET_DESAQ2
PACITAN_BANDAR,DESA,NDEZNET_DESAQ2
PACITAN_PAKIS BARU,DESA,NDEZNET_DESAQ2
PACITAN_KLESEM,DESA,NDEZNET_DESAQ2
PACITAN_WARENG,DESA,NDEZNET_DESAQ2
PACITAN_BELAH,DESA,NDEZNET_DESAQ2
PADANG PARIAMAN_TOBOH GADANG TIMUR,DESA,NDEZNET_DESAQ2
PADANG PARIAMAN_TAPAKIH,DESA,NDEZNET_DESAQ2
PADANG PARIAMAN_III KOTO AUR MALINTANG,DESA,NDEZNET_DESAQ2
KARANGANYAR_MENJING,DESA,NDEZNET_DESAQ2
KARANGANYAR_GUMENG,DESA,NDEZNET_DESAQ2
KARANGANYAR_JERUKSAWIT,DESA,NDEZNET_DESAQ2
KARANGANYAR_GERDU,DESA,NDEZNET_DESAQ2
KARANGANYAR_NGEMPLAK,DESA,NDEZNET_DESAQ2
KARANGANYAR_GONDOSULI,DESA,NDEZNET_DESAQ2
KARANGANYAR_NGEPUNGSARI,DESA,NDEZNET_DESAQ2
WONOGIRI_TUNGGUR,DESA,NDEZNET_DESAQ2
WONOGIRI_DOMAS,DESA,NDEZNET_DESAQ2
WONOGIRI_KEL. KISMANTORO,DESA,NDEZNET_DESAQ2
WONOGIRI_TREMES,DESA,NDEZNET_DESAQ2
WONOGIRI_GEDONG,DESA,NDEZNET_DESAQ2
WONOGIRI_GUNUNGAN,DESA,NDEZNET_DESAQ2
WONOGIRI_TEGIRI,DESA,NDEZNET_DESAQ2
WONOGIRI_SENDANGAGUNG,DESA,NDEZNET_DESAQ2
WONOGIRI_SUCI,DESA,NDEZNET_DESAQ2
SUKOHARJO_PLESAN,DESA,NDEZNET_DESAQ2
BOYOLALI_NGLESES,DESA,NDEZNET_DESAQ2
BOYOLALI_SENDANGREJO,DESA,NDEZNET_DESAQ2
BOYOLALI_GENTING,DESA,NDEZNET_DESAQ2
BOYOLALI_SAMIRAN,DESA,NDEZNET_DESAQ2
KOTA BANDAR LAMPUNG_KEL. WAY GUBAK,DESA,NDEZNET_DESAQ2
KOTA BANDAR LAMPUNG_KEL. KEDAUNG,DESA,NDEZNET_DESAQ2
LAMPUNG SELATAN_REJO MULYO,DESA,NDEZNET_DESAQ2
LAMPUNG SELATAN_GUNUNG TERANG,DESA,NDEZNET_DESAQ2
LAMPUNG SELATAN_CAMPANG TIGA,DESA,NDEZNET_DESAQ2
LAMPUNG SELATAN_MEKAR JAYA,DESA,NDEZNET_DESAQ2
LAMPUNG SELATAN_TANJUNG BARU,DESA,NDEZNET_DESAQ2
LAMPUNG SELATAN_TRANS TANJUNGAN,DESA,NDEZNET_DESAQ2
LAMPUNG SELATAN_PURWODADI DALAM,DESA,NDEZNET_DESAQ2
LAMPUNG SELATAN_SINDANG SARI,DESA,NDEZNET_DESAQ2
LAMPUNG SELATAN_LEMATANG,DESA,NDEZNET_DESAQ2
LAMPUNG SELATAN_MARGOREJO,DESA,NDEZNET_DESAQ2
MAGETAN_PANGGUNG,DESA,NDEZNET_DESAQ2
MAGETAN_TAMBAKREJO,DESA,NDEZNET_DESAQ2
PONOROGO_KEL. RONOWIJAYAN,DESA,NDEZNET_DESAQ2
KOTA PARIAMAN_KAMPUNG APAR,DESA,NDEZNET_DESAQ2
KOTA PARIAMAN_TALUK,DESA,NDEZNET_DESAQ2
KOTA PARIAMAN_NARAS I,DESA,NDEZNET_DESAQ2
KARANGANYAR_KALIBOTO,DESA,NDEZNET_DESAQ2
KARANGANYAR_PULOSARI,DESA,NDEZNET_DESAQ2
KARANGANYAR_WONOLOPO,DESA,NDEZNET_DESAQ2
KARANGANYAR_GENENGAN,DESA,NDEZNET_DESAQ2
KLATEN_COKRO,DESA,NDEZNET_DESAQ2
KLATEN_TROKETON,DESA,NDEZNET_DESAQ2
KLATEN_KUJON,DESA,NDEZNET_DESAQ2
KLATEN_TALANG,DESA,NDEZNET_DESAQ2
NGAWI_SELOPURO,DESA,NDEZNET_DESAQ2
NGAWI_KANDANGAN,DESA,NDEZNET_DESAQ2
NGAWI_SUMBERBENING,DESA,NDEZNET_DESAQ2
NGAWI_SIDOKERTO,DESA,NDEZNET_DESAQ2
NGAWI_BANGET,DESA,NDEZNET_DESAQ2
NGAWI_KERSOHARJO,DESA,NDEZNET_DESAQ2
NGAWI_DAWUNG,DESA,NDEZNET_DESAQ2
NGAWI_TULAKAN,DESA,NDEZNET_DESAQ2
NGAWI_NGRENDENG,DESA,NDEZNET_DESAQ2
MAGETAN_KLECO,DESA,NDEZNET_DESAQ2
MAGETAN_REJOMULYO,DESA,NDEZNET_DESAQ2
MAGETAN_WATES,DESA,NDEZNET_DESAQ2
MAGETAN_TERUNG,DESA,NDEZNET_DESAQ2
MAGETAN_PACALAN,DESA,NDEZNET_DESAQ2
MAGETAN_DADI,DESA,NDEZNET_DESAQ2
MAGETAN_PUPUS,DESA,NDEZNET_DESAQ2
MAGETAN_PONCOL,DESA,NDEZNET_DESAQ2
MADIUN_DAWUHAN,DESA,NDEZNET_DESAQ2
MADIUN_BAJULAN,DESA,NDEZNET_DESAQ2
MADIUN_KARE,DESA,NDEZNET_DESAQ2
MADIUN_BRUMBUN,DESA,NDEZNET_DESAQ2
MADIUN_BACEM,DESA,NDEZNET_DESAQ2
JEMBER_SUKOJEMBER,DESA,NDEZNET_DESAQ2
JEMBER_SUKOKERTO,DESA,NDEZNET_DESAQ2
JEMBER_BALETBARU,DESA,NDEZNET_DESAQ2
JEMBER_SUMBERWARU,DESA,NDEZNET_DESAQ2
JEMBER_ROWOSARI,DESA,NDEZNET_DESAQ2
JEMBER_CUMEDAK,DESA,NDEZNET_DESAQ2
JEMBER_PATEMPURAN,DESA,NDEZNET_DESAQ2
JEMBER_PLALANGAN,DESA,NDEZNET_DESAQ2
JEMBER_KRAMAT SUKOHARJO,DESA,NDEZNET_DESAQ2
JEMBER_SIDOMULYO,DESA,NDEZNET_DESAQ2
JEMBER_TEGALWANGI,DESA,NDEZNET_DESAQ2
JEMBER_PALERAN,DESA,NDEZNET_DESAQ2
JEMBER_CURAHLELE,DESA,NDEZNET_DESAQ2
JEMBER_NOGOSARI,DESA,NDEZNET_DESAQ2
JEMBER_JATIMULYO,DESA,NDEZNET_DESAQ2
JEMBER_SUCO,DESA,NDEZNET_DESAQ2
JEMBER_SILO,DESA,NDEZNET_DESAQ2
JEMBER_PACE,DESA,NDEZNET_DESAQ2
JEMBER_CURAHTAKIR,DESA,NDEZNET_DESAQ2
JEMBER_PONDOKREJO,DESA,NDEZNET_DESAQ2
JEMBER_CURAHNONGKO,DESA,NDEZNET_DESAQ2
JEMBER_GLUNDENGAN,DESA,NDEZNET_DESAQ2
JEMBER_BAGON,DESA,NDEZNET_DESAQ2
JEMBER_KASIYAN,DESA,NDEZNET_DESAQ2
JEMBER_PASEBAN,DESA,NDEZNET_DESAQ2
TRENGGALEK_JATIPRAHU,DESA,NDEZNET_DESAQ2
TRENGGALEK_SUKOKIDUL,DESA,NDEZNET_DESAQ2
PONOROGO_GONDOWIDO,DESA,NDEZNET_DESAQ2
PONOROGO_KEDUNGBANTENG,DESA,NDEZNET_DESAQ2
PONOROGO_SIDOREJO,DESA,NDEZNET_DESAQ2
PONOROGO_BANGUNREJO,DESA,NDEZNET_DESAQ2
PONOROGO_SRAGI,DESA,NDEZNET_DESAQ2
PONOROGO_WILANGAN,DESA,NDEZNET_DESAQ2
PONOROGO_BUNGU,DESA,NDEZNET_DESAQ2
PONOROGO_CRABAK,DESA,NDEZNET_DESAQ2
PACITAN_JETAK,DESA,NDEZNET_DESAQ2
PACITAN_TEGALOMBO,DESA,NDEZNET_DESAQ2
PACITAN_JERUK,DESA,NDEZNET_DESAQ2
PACITAN_JETIS LOR,DESA,NDEZNET_DESAQ2
PACITAN_GAYUHAN,DESA,NDEZNET_DESAQ2
PACITAN_SAMBONG,DESA,NDEZNET_DESAQ2
PACITAN_KEMBANG,DESA,NDEZNET_DESAQ2
PACITAN_BOMO,DESA,NDEZNET_DESAQ2
PADANG PARIAMAN_TOBOH GADANG,DESA,NDEZNET_DESAQ2
PADANG PARIAMAN_ANDURIANG,DESA,NDEZNET_DESAQ2
KARANGANYAR_KEMUNING,DESA,NDEZNET_DESAQ2
WONOGIRI_PLOSO,DESA,NDEZNET_DESAQ2
WONOGIRI_SARADAN,DESA,NDEZNET_DESAQ2
WONOGIRI_SEJATI,DESA,NDEZNET_DESAQ2
SUKOHARJO_DALANGAN,DESA,NDEZNET_DESAQ2
SUKOHARJO_KARAKAN,DESA,NDEZNET_DESAQ2
KLATEN_DOMPOL,DESA,NDEZNET_DESAQ2
BOYOLALI_BEJI,DESA,NDEZNET_DESAQ2
BOYOLALI_RINGINLARIK,DESA,NDEZNET_DESAQ2
BOYOLALI_SUKABUMI,DESA,NDEZNET_DESAQ2
LAMPUNG SELATAN_TAMAN SARI,DESA,NDEZNET_DESAQ2
LAMPUNG SELATAN_AGOM,DESA,NDEZNET_DESAQ2
LAMPUNG SELATAN_MERAK BELATUNG,DESA,NDEZNET_DESAQ2
LAMPUNG SELATAN_KESUGIHAN,DESA,NDEZNET_DESAQ2
LAMPUNG SELATAN_SIDOMULYO,DESA,NDEZNET_DESAQ2
LAMPUNG SELATAN_MERBAU MATARAM,DESA,NDEZNET_DESAQ2
LAMPUNG SELATAN_SABAH BALAU,DESA,NDEZNET_DESAQ2
LAMPUNG SELATAN_MARGO MULYO,DESA,NDEZNET_DESAQ2
LAMPUNG SELATAN_BANJAR AGUNG,DESA,NDEZNET_DESAQ2
LAMPUNG SELATAN_SUKA DAMAI,DESA,NDEZNET_DESAQ2
MADIUN_KENDONDONG,DESA,NDEZNET_DESAQ2
PONOROGO_SEDAH,DESA,NDEZNET_DESAQ2
PACITAN_SUMBEREJO,DESA,NDEZNET_DESAQ2
PADANG PARIAMAN_SINGGULIANG LUBUK ALUNG,DESA,NDEZNET_DESAQ2
PADANG PARIAMAN_SUNUA,DESA,NDEZNET_DESAQ2
PADANG PARIAMAN_PADANG KANDANG PULAU AIR PADANG,DESA,NDEZNET_DESAQ2
PADANG PARIAMAN_KOTO TINGGI,DESA,NDEZNET_DESAQ2
PADANG PARIAMAN_BALAH AIE UTARA,DESA,NDEZNET_DESAQ2
KARANGANYAR_MOJOGEDANG,DESA,NDEZNET_DESAQ2
WONOGIRI_MANJUNG,DESA,NDEZNET_DESAQ2
SUKOHARJO_KEMASAN,DESA,NDEZNET_DESAQ2
KLATEN_JEBLOG,DESA,NDEZNET_DESAQ2
KLATEN_BANARAN,DESA,NDEZNET_DESAQ2
BOYOLALI_SEMBUNGAN,DESA,NDEZNET_DESAQ2
BOYOLALI_DENGGUNGAN,DESA,NDEZNET_DESAQ2
NGAWI_SIDOMAKMUR,DESA,NDEZNET_DESAQ2
NGAWI_KATIKAN,DESA,NDEZNET_DESAQ2
NGAWI_JAMBANGAN,DESA,NDEZNET_DESAQ2
NGAWI_TAWUN,DESA,NDEZNET_DESAQ2
NGAWI_SAMBIROTO,DESA,NDEZNET_DESAQ2
NGAWI_MOJO,DESA,NDEZNET_DESAQ2
NGAWI_NGOMPRO,DESA,NDEZNET_DESAQ2
NGAWI_GUYUNG,DESA,NDEZNET_DESAQ2
NGAWI_KERASKULON,DESA,NDEZNET_DESAQ2
NGAWI_KLAMPISAN,DESA,NDEZNET_DESAQ2
NGAWI_KENDAL,DESA,NDEZNET_DESAQ2
NGAWI_PUCANGAN,DESA,NDEZNET_DESAQ2
NGAWI_KAUMAN,DESA,NDEZNET_DESAQ2
MAGETAN_SUMBERDODOL,DESA,NDEZNET_DESAQ2
MAGETAN_SIDOKERTO,DESA,NDEZNET_DESAQ2
MAGETAN_BULUGUNUNG,DESA,NDEZNET_DESAQ2
MAGETAN_PLUMPUNG,DESA,NDEZNET_DESAQ2
MAGETAN_LEMBEYAN WETAN,DESA,NDEZNET_DESAQ2
MAGETAN_TAMANARUM,DESA,NDEZNET_DESAQ2
MADIUN_GLONGGONG,DESA,NDEZNET_DESAQ2
MADIUN_JATIREJO,DESA,NDEZNET_DESAQ2
MADIUN_BENER,DESA,NDEZNET_DESAQ2
MADIUN_SUMBERSARI,DESA,NDEZNET_DESAQ2
MADIUN_KEL. WUNGU,DESA,NDEZNET_DESAQ2
MADIUN_BANJAREJO,DESA,NDEZNET_DESAQ2
MADIUN_SARENG,DESA,NDEZNET_DESAQ2
JEMBER_KEL. BINTORO,DESA,NDEZNET_DESAQ2
JEMBER_SUMBERDANTI,DESA,NDEZNET_DESAQ2
JEMBER_DAWUHANMANGLI,DESA,NDEZNET_DESAQ2
JEMBER_SUMBERJAMBE,DESA,NDEZNET_DESAQ2
JEMBER_SLATENG,DESA,NDEZNET_DESAQ2
JEMBER_SEBANEN,DESA,NDEZNET_DESAQ2
JEMBER_TISNOGAMBAR,DESA,NDEZNET_DESAQ2
JEMBER_KLATAKAN,DESA,NDEZNET_DESAQ2
JEMBER_PRINGGOWIRAWAN,DESA,NDEZNET_DESAQ2
JEMBER_SUMBERAGUNG,DESA,NDEZNET_DESAQ2
JEMBER_GUMELAR,DESA,NDEZNET_DESAQ2
JEMBER_WONOJATI,DESA,NDEZNET_DESAQ2
JEMBER_LENGKONG,DESA,NDEZNET_DESAQ2
JEMBER_MUMBULSARI,DESA,NDEZNET_DESAQ2
JEMBER_WRINGINTELU,DESA,NDEZNET_DESAQ2
JEMBER_TEMBOKREJO,DESA,NDEZNET_DESAQ2
JEMBER_PURWOASRI,DESA,NDEZNET_DESAQ2
JEMBER_CAKRU,DESA,NDEZNET_DESAQ2
TRENGGALEK_CAKUL,DESA,NDEZNET_DESAQ2
TRENGGALEK_PETUNG,DESA,NDEZNET_DESAQ2
TRENGGALEK_KARANGREJO,DESA,NDEZNET_DESAQ2
TRENGGALEK_NGADIMULYO,DESA,NDEZNET_DESAQ2
TRENGGALEK_BANJAR,DESA,NDEZNET_DESAQ2
PONOROGO_TEGALOMBO,DESA,NDEZNET_DESAQ2
PONOROGO_MLARAK,DESA,NDEZNET_DESAQ2
PONOROGO_NGLUMPANG,DESA,NDEZNET_DESAQ2
PONOROGO_PULUNG MERDIKO,DESA,NDEZNET_DESAQ2
PONOROGO_KEMUNING,DESA,NDEZNET_DESAQ2
PONOROGO_MAGUWAN,DESA,NDEZNET_DESAQ2
PONOROGO_KETONGGO,DESA,NDEZNET_DESAQ2
PONOROGO_GALAK,DESA,NDEZNET_DESAQ2
PONOROGO_KAMBENG,DESA,NDEZNET_DESAQ2
PONOROGO_BAOSAN LOR,DESA,NDEZNET_DESAQ2
PACITAN_KEDUNGBENDO,DESA,NDEZNET_DESAQ2
PACITAN_WONOGONDO,DESA,NDEZNET_DESAQ2
PACITAN_NGADIREJAN,DESA,NDEZNET_DESAQ2
PACITAN_DERSONO,DESA,NDEZNET_DESAQ2
PACITAN_SUKODONO,DESA,NDEZNET_DESAQ2
PADANG PARIAMAN_KATAPIANG,DESA,NDEZNET_DESAQ2
PADANG PARIAMAN_TANDIKEK SELATAN,DESA,NDEZNET_DESAQ2
PADANG PARIAMAN_GASAN GADANG,DESA,NDEZNET_DESAQ2
KARANGANYAR_KARANG,DESA,NDEZNET_DESAQ2
KARANGANYAR_KEL. BLUMBANG,DESA,NDEZNET_DESAQ2
KARANGANYAR_SAMBIREJO,DESA,NDEZNET_DESAQ2
WONOGIRI_WATANGSONO,DESA,NDEZNET_DESAQ2
WONOGIRI_NGROTO,DESA,NDEZNET_DESAQ2
WONOGIRI_DAWUNGAN,DESA,NDEZNET_DESAQ2
WONOGIRI_JATINOM,DESA,NDEZNET_DESAQ2
WONOGIRI_KEL. KASIHAN,DESA,NDEZNET_DESAQ2
WONOGIRI_PANEKAN,DESA,NDEZNET_DESAQ2
WONOGIRI_KULUREJO,DESA,NDEZNET_DESAQ2
WONOGIRI_TUBOKARTO,DESA,NDEZNET_DESAQ2
SUKOHARJO_GRAJEGAN,DESA,NDEZNET_DESAQ2
KLATEN_PULUHAN,DESA,NDEZNET_DESAQ2
KLATEN_TRASAN,DESA,NDEZNET_DESAQ2
BOYOLALI_JERUKAN,DESA,NDEZNET_DESAQ2
BOYOLALI_KLEWOR,DESA,NDEZNET_DESAQ2
BOYOLALI_NGARGOREJO,DESA,NDEZNET_DESAQ2
KOTA BANDAR LAMPUNG_KEL. SUKADANA HAM,DESA,NDEZNET_DESAQ2
KOTA BANDAR LAMPUNG_KEL. KETAPANG,DESA,NDEZNET_DESAQ2
KOTA BANDAR LAMPUNG_KEL. SUKARAME II,DESA,NDEZNET_DESAQ2
LAMPUNG SELATAN_KLATEN,DESA,NDEZNET_DESAQ2
LAMPUNG SELATAN_BANJAR MASIN,DESA,NDEZNET_DESAQ2
LAMPUNG SELATAN_GAYAM,DESA,NDEZNET_DESAQ2
LAMPUNG SELATAN_TETAAN,DESA,NDEZNET_DESAQ2
LAMPUNG SELATAN_PALEMBAPANG,DESA,NDEZNET_DESAQ2
LAMPUNG SELATAN_BUDIDAYA,DESA,NDEZNET_DESAQ2
LAMPUNG SELATAN_NEGLASARI,DESA,NDEZNET_DESAQ2
LAMPUNG SELATAN_TARAHAN,DESA,NDEZNET_DESAQ2
NGAWI_KARANGJATI,DESA,NDEZNET_DESAQ2
MAGETAN_TEMENGGUNGAN,DESA,NDEZNET_DESAQ2
MAGETAN_GEBYOG,DESA,NDEZNET_DESAQ2
MAGETAN_KEMBANGAN,DESA,NDEZNET_DESAQ2
MAGETAN_KEL. SARANGAN,DESA,NDEZNET_DESAQ2
MAGETAN_NGUNTORONADI,DESA,NDEZNET_DESAQ2
MADIUN_CABEAN,DESA,NDEZNET_DESAQ2
PONOROGO_GUPOLO,DESA,NDEZNET_DESAQ2
PONOROGO_PLOSOJENAR,DESA,NDEZNET_DESAQ2
PONOROGO_KARANGAN,DESA,NDEZNET_DESAQ2
PONOROGO_MADUSARI,DESA,NDEZNET_DESAQ2
PACITAN_KEBONAGUNG,DESA,NDEZNET_DESAQ2
PACITAN_SEMANTEN,DESA,NDEZNET_DESAQ2
KOTA SURAKARTA_KEL. SETABELAN,DESA,NDEZNET_DESAQ2
KOTA SURAKARTA_KEL. KEDUNGLUMBU,DESA,NDEZNET_DESAQ2
PADANG PARIAMAN_SINTUAK,DESA,NDEZNET_DESAQ2
PADANG PARIAMAN_PARIT MALINTANG,DESA,NDEZNET_DESAQ2
PADANG PARIAMAN_BALAH AIE,DESA,NDEZNET_DESAQ2
PADANG PARIAMAN_PILUBANG,DESA,NDEZNET_DESAQ2
KOTA PARIAMAN_KAMPUNG KANDANG,DESA,NDEZNET_DESAQ2
KOTA PARIAMAN_SIKAPAK TIMUR,DESA,NDEZNET_DESAQ2
KOTA PARIAMAN_CUBADAK AIR UTARA,DESA,NDEZNET_DESAQ2
KARANGANYAR_ALASTUWO,DESA,NDEZNET_DESAQ2
KARANGANYAR_NGUNUT,DESA,NDEZNET_DESAQ2
WONOGIRI_KEL. BULUSARI,DESA,NDEZNET_DESAQ2
SUKOHARJO_JATI,DESA,NDEZNET_DESAQ2
SUKOHARJO_PANDEYAN,DESA,NDEZNET_DESAQ2
SUKOHARJO_TEGALMADE,DESA,NDEZNET_DESAQ2
SUKOHARJO_BUGEL,DESA,NDEZNET_DESAQ2
SUKOHARJO_KEL. SONOREJO,DESA,NDEZNET_DESAQ2
KLATEN_SOROGATEN,DESA,NDEZNET_DESAQ2
KLATEN_SOMOKATON,DESA,NDEZNET_DESAQ2
KLATEN_JOTON,DESA,NDEZNET_DESAQ2
BOYOLALI_TEMPURSARI,DESA,NDEZNET_DESAQ2
BOYOLALI_KEL. KEMIRI,DESA,NDEZNET_DESAQ2
BOYOLALI_KARANGNONGKO,DESA,NDEZNET_DESAQ2
LAMPUNG SELATAN_PASURUAN,DESA,NDEZNET_DESAQ2
LAMPUNG SELATAN_PALAS AJI,DESA,NDEZNET_DESAQ2
NGAWI_SEKARALAS,DESA,NDEZNET_DESAQ2
NGAWI_DUMPLENGAN,DESA,NDEZNET_DESAQ2
NGAWI_PITU,DESA,NDEZNET_DESAQ2
NGAWI_NGANCAR,DESA,NDEZNET_DESAQ2
NGAWI_CANGAKAN,DESA,NDEZNET_DESAQ2
NGAWI_LEGUNDI,DESA,NDEZNET_DESAQ2
NGAWI_SEMBUNG,DESA,NDEZNET_DESAQ2
NGAWI_POJOK,DESA,NDEZNET_DESAQ2
NGAWI_KENITEN,DESA,NDEZNET_DESAQ2
NGAWI_JOGOROGO,DESA,NDEZNET_DESAQ2
NGAWI_NGRAYUDAN,DESA,NDEZNET_DESAQ2
NGAWI_CEPOKO,DESA,NDEZNET_DESAQ2
NGAWI_SIDOMULYO,DESA,NDEZNET_DESAQ2
NGAWI_KUNIRAN,DESA,NDEZNET_DESAQ2
MAGETAN_LEMAHBANG,DESA,NDEZNET_DESAQ2
MAGETAN_BULUHARJO,DESA,NDEZNET_DESAQ2
MAGETAN_BANGSRI,DESA,NDEZNET_DESAQ2
MAGETAN_SUGIHREJO,DESA,NDEZNET_DESAQ2
MADIUN_LEBAKAYU,DESA,NDEZNET_DESAQ2
MADIUN_GARON,DESA,NDEZNET_DESAQ2
MADIUN_BULU,DESA,NDEZNET_DESAQ2
MADIUN_NGALE,DESA,NDEZNET_DESAQ2
MADIUN_DUREN,DESA,NDEZNET_DESAQ2
MADIUN_KEDUNGMARON,DESA,NDEZNET_DESAQ2
MADIUN_SEBAYI,DESA,NDEZNET_DESAQ2
MADIUN_KARANGREJO,DESA,NDEZNET_DESAQ2
JEMBER_SUMBERJERUK,DESA,NDEZNET_DESAQ2
JEMBER_CANDIJATI,DESA,NDEZNET_DESAQ2
JEMBER_SUKORAMBI,DESA,NDEZNET_DESAQ2
JEMBER_GAMBIRONO,DESA,NDEZNET_DESAQ2
JEMBER_DARUNGAN,DESA,NDEZNET_DESAQ2
JEMBER_WRINGINAGUNG,DESA,NDEZNET_DESAQ2
JEMBER_GUGUT,DESA,NDEZNET_DESAQ2
JEMBER_CURAHMALANG,DESA,NDEZNET_DESAQ2
JEMBER_KLOMPANGAN,DESA,NDEZNET_DESAQ2
JEMBER_MANGARAN,DESA,NDEZNET_DESAQ2
JEMBER_GARAHAN,DESA,NDEZNET_DESAQ2
JEMBER_SUMBERJATI,DESA,NDEZNET_DESAQ2
JEMBER_KESILIR,DESA,NDEZNET_DESAQ2
JEMBER_KARANGREJO,DESA,NDEZNET_DESAQ2
JEMBER_BAGOREJO,DESA,NDEZNET_DESAQ2
TRENGGALEK_SUMURUP,DESA,NDEZNET_DESAQ2
TRENGGALEK_MELIS,DESA,NDEZNET_DESAQ2
TRENGGALEK_WIDORO,DESA,NDEZNET_DESAQ2
TRENGGALEK_JAJAR,DESA,NDEZNET_DESAQ2
TRENGGALEK_TASIKMADU,DESA,NDEZNET_DESAQ2
TRENGGALEK_PRIGI,DESA,NDEZNET_DESAQ2
TRENGGALEK_TAWING,DESA,NDEZNET_DESAQ2
TRENGGALEK_NGLEBENG,DESA,NDEZNET_DESAQ2
PONOROGO_JIMBE,DESA,NDEZNET_DESAQ2
PONOROGO_PLALANGAN,DESA,NDEZNET_DESAQ2
PONOROGO_GELANG LOR,DESA,NDEZNET_DESAQ2
PONOROGO_SAMPUNG,DESA,NDEZNET_DESAQ2
PONOROGO_CARANGREJO,DESA,NDEZNET_DESAQ2
PONOROGO_BLEMBEM,DESA,NDEZNET_DESAQ2
PONOROGO_PIJERAN,DESA,NDEZNET_DESAQ2
PONOROGO_PLUNTURAN,DESA,NDEZNET_DESAQ2
PONOROGO_PATIK,DESA,NDEZNET_DESAQ2
PONOROGO_BEDIKULON,DESA,NDEZNET_DESAQ2
PONOROGO_PAGER,DESA,NDEZNET_DESAQ2
PONOROGO_PLANCUNGAN,DESA,NDEZNET_DESAQ2
PACITAN_TANJUNGLOR,DESA,NDEZNET_DESAQ2
PACITAN_BUNGUR,DESA,NDEZNET_DESAQ2
PACITAN_GEMAHARJO,DESA,NDEZNET_DESAQ2
PACITAN_KEBONDALEM,DESA,NDEZNET_DESAQ2
PACITAN_NAWANGAN,DESA,NDEZNET_DESAQ2
PACITAN_MUJING,DESA,NDEZNET_DESAQ2
PACITAN_KARANGANYAR,DESA,NDEZNET_DESAQ2
PACITAN_SOOKA,DESA,NDEZNET_DESAQ2
PACITAN_DONOROJO,DESA,NDEZNET_DESAQ2
PACITAN_KALAK,DESA,NDEZNET_DESAQ2
PADANG PARIAMAN_PADANG TOBOH ULAKAN,DESA,NDEZNET_DESAQ2
PADANG PARIAMAN_LURAH AMPALU,DESA,NDEZNET_DESAQ2
PADANG PARIAMAN_SUNGAI SARIAK,DESA,NDEZNET_DESAQ2
KOTA PARIAMAN_PALAK ANEH,DESA,NDEZNET_DESAQ2
KARANGANYAR_SELOROMO,DESA,NDEZNET_DESAQ2
KARANGANYAR_KORIPAN,DESA,NDEZNET_DESAQ2
KARANGANYAR_SEDAYU,DESA,NDEZNET_DESAQ2
KARANGANYAR_JATIYOSO,DESA,NDEZNET_DESAQ2
WONOGIRI_SANAN,DESA,NDEZNET_DESAQ2
WONOGIRI_BITING,DESA,NDEZNET_DESAQ2
WONOGIRI_SEMPUKEREP,DESA,NDEZNET_DESAQ2
WONOGIRI_PONDOK,DESA,NDEZNET_DESAQ2
WONOGIRI_KEL. NGADIREJO,DESA,NDEZNET_DESAQ2
WONOGIRI_BELIKURIP,DESA,NDEZNET_DESAQ2
WONOGIRI_WATUAGUNG,DESA,NDEZNET_DESAQ2
WONOGIRI_PONDOKSARI,DESA,NDEZNET_DESAQ2
WONOGIRI_GUWOTIRTO,DESA,NDEZNET_DESAQ2
WONOGIRI_PUCANGANOM,DESA,NDEZNET_DESAQ2
SUKOHARJO_POLOKARTO,DESA,NDEZNET_DESAQ2
SUKOHARJO_MOJOREJO,DESA,NDEZNET_DESAQ2
SUKOHARJO_SERUT,DESA,NDEZNET_DESAQ2
SUKOHARJO_PENGKOL,DESA,NDEZNET_DESAQ2
SUKOHARJO_KARANGANYAR,DESA,NDEZNET_DESAQ2
KLATEN_GADEN,DESA,NDEZNET_DESAQ2
KLATEN_KARANGPAKEL,DESA,NDEZNET_DESAQ2
BOYOLALI_KARANGJATI,DESA,NDEZNET_DESAQ2
BOYOLALI_SENGGRONG,DESA,NDEZNET_DESAQ2
BOYOLALI_SUMBERAGUNG,DESA,NDEZNET_DESAQ2
BOYOLALI_KLARI,DESA,NDEZNET_DESAQ2
BOYOLALI_GUNUNG,DESA,NDEZNET_DESAQ2
BOYOLALI_CERMO,DESA,NDEZNET_DESAQ2
BOYOLALI_DEMANGAN,DESA,NDEZNET_DESAQ2
BOYOLALI_KEPOSONG,DESA,NDEZNET_DESAQ2
BOYOLALI_SUKOREJO,DESA,NDEZNET_DESAQ2
KOTA BANDAR LAMPUNG_KEL. SUMBER AGUNG,DESA,NDEZNET_DESAQ2
KOTA BANDAR LAMPUNG_KEL. KETAPANG KUALA,DESA,NDEZNET_DESAQ2
KOTA BANDAR LAMPUNG_KEL. KETEGUHAN,DESA,NDEZNET_DESAQ2
LAMPUNG SELATAN_KEKILING,DESA,NDEZNET_DESAQ2
LAMPUNG SELATAN_SUKA BARU,DESA,NDEZNET_DESAQ2
LAMPUNG SELATAN_TITIWANGI,DESA,NDEZNET_DESAQ2
LAMPUNG SELATAN_SIRING JAHA,DESA,NDEZNET_DESAQ2
LAMPUNG SELATAN_WAY GALIH,DESA,NDEZNET_DESAQ2
LAMPUNG SELATAN_JATI INDAH,DESA,NDEZNET_DESAQ2
LAMPUNG SELATAN_JATI BARU,DESA,NDEZNET_DESAQ2
LAMPUNG SELATAN_SUKANEGARA,DESA,NDEZNET_DESAQ2
LAMPUNG SELATAN_FAJAR BARU,DESA,NDEZNET_DESAQ2
LAMPUNG SELATAN_KARANG ANYAR,DESA,NDEZNET_DESAQ2
LAMPUNG SELATAN_MARGA AGUNG,DESA,NDEZNET_DESAQ2
LAMPUNG SELATAN_JATI MULYO,DESA,NDEZNET_DESAQ2
LAMPUNG SELATAN_MUARA PUTIH,DESA,NDEZNET_DESAQ2
NGAWI_KEDUNGGUDEL,DESA,NDEZNET_DESAQ2
NGAWI_KARANGTENGAH PRANDON,DESA,NDEZNET_DESAQ2
MAGETAN_BANDAR,DESA,NDEZNET_DESAQ2
MAGETAN_PURWOSARI,DESA,NDEZNET_DESAQ2
MADIUN_BALEREJO,DESA,NDEZNET_DESAQ2
MADIUN_KLECOREJO,DESA,NDEZNET_DESAQ2
MADIUN_KALIGUNTING,DESA,NDEZNET_DESAQ2
MADIUN_PRAMBON,DESA,NDEZNET_DESAQ2
MADIUN_UTERAN,DESA,NDEZNET_DESAQ2
JEMBER_JUBUNG,DESA,NDEZNET_DESAQ2
TRENGGALEK_KEL. NGANTRU,DESA,NDEZNET_DESAQ2
TRENGGALEK_GEMAHARJO,DESA,NDEZNET_DESAQ2
TRENGGALEK_SLAWE,DESA,NDEZNET_DESAQ2
PONOROGO_BABADAN,DESA,NDEZNET_DESAQ2
PONOROGO_KEL. KEPATIHAN,DESA,NDEZNET_DESAQ2
PONOROGO_KEL. PAJU,DESA,NDEZNET_DESAQ2
PONOROGO_PATIHAN KIDUL,DESA,NDEZNET_DESAQ2
PONOROGO_BRAHU,DESA,NDEZNET_DESAQ2
PACITAN_HADIWARNO,DESA,NDEZNET_DESAQ2
PACITAN_ARJOSARI,DESA,NDEZNET_DESAQ2
PADANG PARIAMAN_PAUH KAMBAR,DESA,NDEZNET_DESAQ2
PADANG PARIAMAN_KAPALO KOTO,DESA,NDEZNET_DESAQ2
PADANG PARIAMAN_KAPALO HILALANG,DESA,NDEZNET_DESAQ2
PADANG PARIAMAN_KURANJI HILIR,DESA,NDEZNET_DESAQ2
PADANG PARIAMAN_MALAI III KOTO,DESA,NDEZNET_DESAQ2
KOTA PARIAMAN_AIR SANTOK,DESA,NDEZNET_DESAQ2
KOTA PARIAMAN_PAKASAI,DESA,NDEZNET_DESAQ2
KOTA PARIAMAN_SIKAPAK BARAT,DESA,NDEZNET_DESAQ2
KARANGANYAR_MALANGGATEN,DESA,NDEZNET_DESAQ2
KARANGANYAR_PLESUNGAN,DESA,NDEZNET_DESAQ2
KARANGANYAR_KEL. GAYAMDOMPO,DESA,NDEZNET_DESAQ2
KARANGANYAR_GIRIMULYO,DESA,NDEZNET_DESAQ2
KARANGANYAR_KEL. KALISORO,DESA,NDEZNET_DESAQ2
KARANGANYAR_KEL. TAWANGMANGU,DESA,NDEZNET_DESAQ2
KARANGANYAR_JATIPURO,DESA,NDEZNET_DESAQ2
WONOGIRI_TAMBAKMERANG,DESA,NDEZNET_DESAQ2
SUKOHARJO_NGROMBO,DESA,NDEZNET_DESAQ2
SUKOHARJO_GENENGSARI,DESA,NDEZNET_DESAQ2
SUKOHARJO_MERTAN,DESA,NDEZNET_DESAQ2
SUKOHARJO_KEL. DUKUH,DESA,NDEZNET_DESAQ2
KLATEN_NGABEYAN,DESA,NDEZNET_DESAQ2
KLATEN_KUNDEN,DESA,NDEZNET_DESAQ2
KLATEN_TROSO,DESA,NDEZNET_DESAQ2
KLATEN_BENDAN,DESA,NDEZNET_DESAQ2
KLATEN_BAWAK,DESA,NDEZNET_DESAQ2
BOYOLALI_KEBONAN,DESA,NDEZNET_DESAQ2
BOYOLALI_KENTENG,DESA,NDEZNET_DESAQ2
BOYOLALI_SALAKAN,DESA,NDEZNET_DESAQ2
BOYOLALI_KOPEN,DESA,NDEZNET_DESAQ2
BOYOLALI_KEL. MOJOSONGO,DESA,NDEZNET_DESAQ2
BOYOLALI_CANDI,DESA,NDEZNET_DESAQ2
KOTA BANDAR LAMPUNG_KEL. LANGKAPURA,DESA,NDEZNET_DESAQ2
KOTA BANDAR LAMPUNG_KEL. SUMBERREJO SEJAHTERA,DESA,NDEZNET_DESAQ2
KOTA BANDAR LAMPUNG_KEL. TANJUNGKARANG,DESA,NDEZNET_DESAQ2
KOTA BANDAR LAMPUNG_KEL. GUNUNGSARI,DESA,NDEZNET_DESAQ2
LAMPUNG SELATAN_SELORETNO,DESA,NDEZNET_DESAQ2
NGAWI_MANTINGAN,DESA,NDEZNET_DESAQ2
NGAWI_KEDUNGHARJO,DESA,NDEZNET_DESAQ2
NGAWI_TAMBAKBOYO,DESA,NDEZNET_DESAQ2
NGAWI_PELANGLOR,DESA,NDEZNET_DESAQ2
NGAWI_KEDUNGGALAR,DESA,NDEZNET_DESAQ2
NGAWI_BEGAL,DESA,NDEZNET_DESAQ2
NGAWI_GELUNG,DESA,NDEZNET_DESAQ2
NGAWI_WARUTENGAH,DESA,NDEZNET_DESAQ2
NGAWI_PANGKUR,DESA,NDEZNET_DESAQ2
NGAWI_WARUKKALONG,DESA,NDEZNET_DESAQ2
NGAWI_BUDUG,DESA,NDEZNET_DESAQ2
NGAWI_GERIH,DESA,NDEZNET_DESAQ2
NGAWI_DEMPEL,DESA,NDEZNET_DESAQ2
NGAWI_JAGIR,DESA,NDEZNET_DESAQ2
MAGETAN_JERUK,DESA,NDEZNET_DESAQ2
MAGETAN_SAMBIREMBE,DESA,NDEZNET_DESAQ2
MAGETAN_TURI,DESA,NDEZNET_DESAQ2
MAGETAN_GORANGGARENG,DESA,NDEZNET_DESAQ2
MADIUN_BEDOHO,DESA,NDEZNET_DESAQ2
MADIUN_NGETREP,DESA,NDEZNET_DESAQ2
MADIUN_PULE,DESA,NDEZNET_DESAQ2
MADIUN_KENONGOREJO,DESA,NDEZNET_DESAQ2
MADIUN_TULUNG,DESA,NDEZNET_DESAQ2
MADIUN_KLUMUTAN,DESA,NDEZNET_DESAQ2
MADIUN_GEMARANG,DESA,NDEZNET_DESAQ2
MADIUN_BANTENGAN,DESA,NDEZNET_DESAQ2
MADIUN_KRADINAN,DESA,NDEZNET_DESAQ2
JEMBER_KEL. JUMERTO,DESA,NDEZNET_DESAQ2
JEMBER_KEL. SLAWU,DESA,NDEZNET_DESAQ2
JEMBER_KEL. WIROLEGI,DESA,NDEZNET_DESAQ2
JEMBER_SUREN,DESA,NDEZNET_DESAQ2
JEMBER_GAMBIRAN,DESA,NDEZNET_DESAQ2
JEMBER_PAKUSARI,DESA,NDEZNET_DESAQ2
JEMBER_KERTOSARI,DESA,NDEZNET_DESAQ2
JEMBER_SERUT,DESA,NDEZNET_DESAQ2
JEMBER_JOMBANG,DESA,NDEZNET_DESAQ2
JEMBER_PONDOKJOYO,DESA,NDEZNET_DESAQ2
JEMBER_GADINGREJO,DESA,NDEZNET_DESAQ2
JEMBER_JATISARI,DESA,NDEZNET_DESAQ2
JEMBER_TAMANSARI,DESA,NDEZNET_DESAQ2
JEMBER_SEPUTIH,DESA,NDEZNET_DESAQ2
JEMBER_TEMPUREJO,DESA,NDEZNET_DESAQ2
JEMBER_SIDODADI,DESA,NDEZNET_DESAQ2
JEMBER_AMPEL,DESA,NDEZNET_DESAQ2
JEMBER_WONOSARI,DESA,NDEZNET_DESAQ2
JEMBER_MLOKOREJO,DESA,NDEZNET_DESAQ2
JEMBER_PUGERWETAN,DESA,NDEZNET_DESAQ2
JEMBER_MOJOSARI,DESA,NDEZNET_DESAQ2
JEMBER_MOJOMULYO,DESA,NDEZNET_DESAQ2
JEMBER_GUMUKMAS,DESA,NDEZNET_DESAQ2
JEMBER_WONOREJO,DESA,NDEZNET_DESAQ2
TRENGGALEK_DOMPYONG,DESA,NDEZNET_DESAQ2
TRENGGALEK_NGULANKULON,DESA,NDEZNET_DESAQ2
TRENGGALEK_NGADIREJO,DESA,NDEZNET_DESAQ2
TRENGGALEK_WONOREJO,DESA,NDEZNET_DESAQ2
TRENGGALEK_SUKOWETAN,DESA,NDEZNET_DESAQ2
TRENGGALEK_SUGIHAN,DESA,NDEZNET_DESAQ2
PONOROGO_NGEBEL,DESA,NDEZNET_DESAQ2
PONOROGO_TANJUNGSARI,DESA,NDEZNET_DESAQ2
PONOROGO_PRAJEGAN,DESA,NDEZNET_DESAQ2
PONOROGO_BADEGAN,DESA,NDEZNET_DESAQ2
PONOROGO_NGRANDU,DESA,NDEZNET_DESAQ2
PONOROGO_NONGKODONO,DESA,NDEZNET_DESAQ2
PONOROGO_MANUK,DESA,NDEZNET_DESAQ2
PONOROGO_PUDAK KULON,DESA,NDEZNET_DESAQ2
PONOROGO_KALISAT,DESA,NDEZNET_DESAQ2
PACITAN_SUKOREJO,DESA,NDEZNET_DESAQ2
PACITAN_MANGUNHARJO,DESA,NDEZNET_DESAQ2
PACITAN_GEGERAN,DESA,NDEZNET_DESAQ2
PACITAN_TAMBAKREJO,DESA,NDEZNET_DESAQ2
PACITAN_SEKAR,DESA,NDEZNET_DESAQ2
PADANG PARIAMAN_LAREH NAN PANJANG SUNGAI SARIAK,DESA,NDEZNET_DESAQ2
PADANG PARIAMAN_TANDIKEK,DESA,NDEZNET_DESAQ2
KARANGANYAR_NGLEBAK,DESA,NDEZNET_DESAQ2
KARANGANYAR_KWANGSAN,DESA,NDEZNET_DESAQ2
WONOGIRI_KEL. BALEPANJANG,DESA,NDEZNET_DESAQ2
WONOGIRI_KEL. MLOKOMANIS KULON,DESA,NDEZNET_DESAQ2
WONOGIRI_KEPUHSARI,DESA,NDEZNET_DESAQ2
WONOGIRI_SETROREJO,DESA,NDEZNET_DESAQ2
WONOGIRI_SENDANGREJO,DESA,NDEZNET_DESAQ2
WONOGIRI_BANYAKPRODO,DESA,NDEZNET_DESAQ2
WONOGIRI_KEL. GIRITONTRO,DESA,NDEZNET_DESAQ2
SUKOHARJO_TANJUNG,DESA,NDEZNET_DESAQ2
SUKOHARJO_POJOK,DESA,NDEZNET_DESAQ2
SUKOHARJO_NGRECO,DESA,NDEZNET_DESAQ2
KLATEN_REJOSO,DESA,NDEZNET_DESAQ2
BOYOLALI_KARANGMOJO,DESA,NDEZNET_DESAQ2
BOYOLALI_SINGOSARI,DESA,NDEZNET_DESAQ2
BOYOLALI_KARANGKENDAL,DESA,NDEZNET_DESAQ2
BOYOLALI_NGADIROJO,DESA,NDEZNET_DESAQ2
KOTA BANDAR LAMPUNG_KEL. WAY LAGA,DESA,NDEZNET_DESAQ2
KOTA BANDAR LAMPUNG_KEL. SUKAMAJU,DESA,NDEZNET_DESAQ2
LAMPUNG SELATAN_PISANG,DESA,NDEZNET_DESAQ2
LAMPUNG SELATAN_SUKATANI,DESA,NDEZNET_DESAQ2
LAMPUNG SELATAN_SERDANG,DESA,NDEZNET_DESAQ2
NGAWI_WALIKUKUN,DESA,NDEZNET_DESAQ2
NGAWI_KARANGASRI,DESA,NDEZNET_DESAQ2
NGAWI_KEL. PELEM,DESA,NDEZNET_DESAQ2
NGAWI_GRUDO,DESA,NDEZNET_DESAQ2
NGAWI_KLITIK,DESA,NDEZNET_DESAQ2
MAGETAN_SEMPOL,DESA,NDEZNET_DESAQ2
MAGETAN_KEL. TINAP,DESA,NDEZNET_DESAQ2
MAGETAN_MILANGASRI,DESA,NDEZNET_DESAQ2
MAGETAN_MOJOPURNO,DESA,NDEZNET_DESAQ2
MAGETAN_CANDIREJO,DESA,NDEZNET_DESAQ2
MAGETAN_NGADIREJO,DESA,NDEZNET_DESAQ2
MAGETAN_MOJOREJO,DESA,NDEZNET_DESAQ2
MAGETAN_KENONGOMULYO,DESA,NDEZNET_DESAQ2
MAGETAN_KERIK,DESA,NDEZNET_DESAQ2
MADIUN_TIRON,DESA,NDEZNET_DESAQ2
MADIUN_SUMBEREJO,DESA,NDEZNET_DESAQ2
JEMBER_KEL. KARANGREJO,DESA,NDEZNET_DESAQ2
TRENGGALEK_KEL. SUMBERGEDONG,DESA,NDEZNET_DESAQ2
TRENGGALEK_NGADISUKO,DESA,NDEZNET_DESAQ2
PONOROGO_PANJENG,DESA,NDEZNET_DESAQ2
PONOROGO_KEL. SETONO,DESA,NDEZNET_DESAQ2
PONOROGO_KARANGLO LOR,DESA,NDEZNET_DESAQ2
PONOROGO_SOMOROTO,DESA,NDEZNET_DESAQ2
PONOROGO_JORESAN,DESA,NDEZNET_DESAQ2
PACITAN_HADILUWIH,DESA,NDEZNET_DESAQ2
PACITAN_KAYEN,DESA,NDEZNET_DESAQ2
PACITAN_SUKOHARJO,DESA,NDEZNET_DESAQ2
PACITAN_KEL. SIDOHARJO,DESA,NDEZNET_DESAQ2
JEMBER_SUMBERWRINGIN,DESA,NDEZNET_DESAQ2
JEMBER_CURAHKALONG,DESA,NDEZNET_DESAQ2
JEMBER_LANGKAP,DESA,NDEZNET_DESAQ2
JEMBER_YOSORATI,DESA,NDEZNET_DESAQ2
JEMBER_RAMBIGUNDAM,DESA,NDEZNET_DESAQ2
JEMBER_ROWOTAMTU,DESA,NDEZNET_DESAQ2
JEMBER_SUKAMAKMUR,DESA,NDEZNET_DESAQ2
JEMBER_JENGGAWAH,DESA,NDEZNET_DESAQ2
JEMBER_SEMPOLAN,DESA,NDEZNET_DESAQ2
JEMBER_SABRANG,DESA,NDEZNET_DESAQ2
JEMBER_ANDONGSARI,DESA,NDEZNET_DESAQ2
JEMBER_SUMBEREJO,DESA,NDEZNET_DESAQ2
JEMBER_TANJUNGREJO,DESA,NDEZNET_DESAQ2
TRENGGALEK_PRAMBON,DESA,NDEZNET_DESAQ2
TRENGGALEK_DAWUHAN,DESA,NDEZNET_DESAQ2
TRENGGALEK_GEMBLEB,DESA,NDEZNET_DESAQ2
TRENGGALEK_DONGKO,DESA,NDEZNET_DESAQ2
TRENGGALEK_GAYAM,DESA,NDEZNET_DESAQ2
PONOROGO_PARINGAN,DESA,NDEZNET_DESAQ2
PONOROGO_GANDUKEPUH,DESA,NDEZNET_DESAQ2
PONOROGO_GLINGGANG,DESA,NDEZNET_DESAQ2
PONOROGO_JAMBON,DESA,NDEZNET_DESAQ2
PONOROGO_KREBET,DESA,NDEZNET_DESAQ2
PONOROGO_MUNENG,DESA,NDEZNET_DESAQ2
PONOROGO_SINGKIL,DESA,NDEZNET_DESAQ2
PONOROGO_NGUMPUL,DESA,NDEZNET_DESAQ2
PONOROGO_SERAG,DESA,NDEZNET_DESAQ2
PONOROGO_PULUNG,DESA,NDEZNET_DESAQ2
PONOROGO_JURUG,DESA,NDEZNET_DESAQ2
PONOROGO_PRAYUNGAN,DESA,NDEZNET_DESAQ2
PONOROGO_BELANG,DESA,NDEZNET_DESAQ2
PACITAN_GEDANGAN,DESA,NDEZNET_DESAQ2
PACITAN_WATUKARUNG,DESA,NDEZNET_DESAQ2
KARANGANYAR_KEL. GEDONG,DESA,NDEZNET_DESAQ2
KARANGANYAR_PLUMBON,DESA,NDEZNET_DESAQ2
KARANGANYAR_BANDARDAWUNG,DESA,NDEZNET_DESAQ2
WONOGIRI_PUHPELEM,DESA,NDEZNET_DESAQ2
WONOGIRI_NGAGLIK,DESA,NDEZNET_DESAQ2
WONOGIRI_KEL. TEGALREJO,DESA,NDEZNET_DESAQ2
WONOGIRI_KEBONAGUNG,DESA,NDEZNET_DESAQ2
WONOGIRI_KEL. PUNDUHSARI,DESA,NDEZNET_DESAQ2
WONOGIRI_KEL. PAGUTAN,DESA,NDEZNET_DESAQ2
WONOGIRI_BERO,DESA,NDEZNET_DESAQ2
WONOGIRI_KEL. MOJOPURO,DESA,NDEZNET_DESAQ2
WONOGIRI_GENUKHARJO,DESA,NDEZNET_DESAQ2
SUKOHARJO_JANGGLENGAN,DESA,NDEZNET_DESAQ2
KLATEN_BARUKAN,DESA,NDEZNET_DESAQ2
KLATEN_PAKISAN,DESA,NDEZNET_DESAQ2
BOYOLALI_TAMBAK,DESA,NDEZNET_DESAQ2
BOYOLALI_KARANGANYAR,DESA,NDEZNET_DESAQ2
BOYOLALI_SELODOKO,DESA,NDEZNET_DESAQ2
BOYOLALI_BANYUANYAR,DESA,NDEZNET_DESAQ2
KOTA BANDAR LAMPUNG_KEL. WAY LUNIK,DESA,NDEZNET_DESAQ2
LAMPUNG SELATAN_KELAU,DESA,NDEZNET_DESAQ2
LAMPUNG SELATAN_GEDUNG HARTA,DESA,NDEZNET_DESAQ2
LAMPUNG SELATAN_SIDOWALUYO,DESA,NDEZNET_DESAQ2
LAMPUNG SELATAN_RANGAI TRI TUNGGAL,DESA,NDEZNET_DESAQ2
NGAWI_KEL. KETANGGI,DESA,NDEZNET_DESAQ2
MAGETAN_PATIHAN,DESA,NDEZNET_DESAQ2
MAGETAN_KINANDANG,DESA,NDEZNET_DESAQ2
MAGETAN_KEL. PANEKAN,DESA,NDEZNET_DESAQ2
MAGETAN_NITIKAN,DESA,NDEZNET_DESAQ2
MAGETAN_KEL. SUKOWINANGUN,DESA,NDEZNET_DESAQ2
MAGETAN_KARANGREJO,DESA,NDEZNET_DESAQ2
MAGETAN_GENENGAN,DESA,NDEZNET_DESAQ2
MAGETAN_PETUNGREJO,DESA,NDEZNET_DESAQ2
MADIUN_METESIH,DESA,NDEZNET_DESAQ2
MADIUN_SUMBERBENING,DESA,NDEZNET_DESAQ2
MADIUN_MOJOPURNO,DESA,NDEZNET_DESAQ2
MADIUN_NGLANDUNG,DESA,NDEZNET_DESAQ2
MADIUN_PURWOREJO,DESA,NDEZNET_DESAQ2
JEMBER_KEL. JEMBERKIDUL,DESA,NDEZNET_DESAQ2
JEMBER_UMBULREJO,DESA,NDEZNET_DESAQ2
TRENGGALEK_DURENAN,DESA,NDEZNET_DESAQ2
TRENGGALEK_BULUAGUNG,DESA,NDEZNET_DESAQ2
TRENGGALEK_BENDOAGUNG,DESA,NDEZNET_DESAQ2
PONOROGO_KEL. SINGOSAREN,DESA,NDEZNET_DESAQ2
PONOROGO_KEL. COKROMENGGALAN,DESA,NDEZNET_DESAQ2
PONOROGO_KEL. TAMBAKBAYAN,DESA,NDEZNET_DESAQ2
PONOROGO_WONOKETRO,DESA,NDEZNET_DESAQ2
PONOROGO_NAILAN,DESA,NDEZNET_DESAQ2
PONOROGO_GUNDIK,DESA,NDEZNET_DESAQ2
PONOROGO_SIMO,DESA,NDEZNET_DESAQ2
PACITAN_CANGKRING,DESA,NDEZNET_DESAQ2
PACITAN_SUMBERHARJO,DESA,NDEZNET_DESAQ2
PACITAN_KENDAL,DESA,NDEZNET_DESAQ2
PACITAN_PUNUNG,DESA,NDEZNET_DESAQ2
KOTA SURAKARTA_KEL. JOYOSURAN,DESA,NDEZNET_DESAQ2
KARANGANYAR_BULUREJO,DESA,NDEZNET_DESAQ2
KARANGANYAR_SROYO,DESA,NDEZNET_DESAQ2
KARANGANYAR_JETIS,DESA,NDEZNET_DESAQ2
KARANGANYAR_KARANGMOJO,DESA,NDEZNET_DESAQ2
KARANGANYAR_KEL. BOLONG,DESA,NDEZNET_DESAQ2
KARANGANYAR_BANGSRI,DESA,NDEZNET_DESAQ2
WONOGIRI_JATISRONO,DESA,NDEZNET_DESAQ2
WONOGIRI_JATISARI,DESA,NDEZNET_DESAQ2
WONOGIRI_KEL. SIDOHARJO,DESA,NDEZNET_DESAQ2
WONOGIRI_TEMPURSARI,DESA,NDEZNET_DESAQ2
WONOGIRI_NAMBANGAN,DESA,NDEZNET_DESAQ2
WONOGIRI_JATEN,DESA,NDEZNET_DESAQ2
WONOGIRI_KEL. KALIANCAR,DESA,NDEZNET_DESAQ2
SUKOHARJO_WIROGUNAN,DESA,NDEZNET_DESAQ2
SUKOHARJO_KAGOKAN,DESA,NDEZNET_DESAQ2
SUKOHARJO_WARU,DESA,NDEZNET_DESAQ2
SUKOHARJO_MENURAN,DESA,NDEZNET_DESAQ2
SUKOHARJO_BENTAKAN,DESA,NDEZNET_DESAQ2
SUKOHARJO_GEDONGAN,DESA,NDEZNET_DESAQ2
SUKOHARJO_BANARAN,DESA,NDEZNET_DESAQ2
SUKOHARJO_SANGGRAHAN,DESA,NDEZNET_DESAQ2
SUKOHARJO_PARANGJORO,DESA,NDEZNET_DESAQ2
SUKOHARJO_JOHO,DESA,NDEZNET_DESAQ2
SUKOHARJO_KEL. BULAKREJO,DESA,NDEZNET_DESAQ2
SUKOHARJO_KEL. BULAKAN,DESA,NDEZNET_DESAQ2
KLATEN_SEKARSULI,DESA,NDEZNET_DESAQ2
KLATEN_JOMBORAN,DESA,NDEZNET_DESAQ2
KLATEN_MRANGGEN,DESA,NDEZNET_DESAQ2
KLATEN_MENDAK,DESA,NDEZNET_DESAQ2
KLATEN_MRISEN,DESA,NDEZNET_DESAQ2
KLATEN_KARANGNONGKO,DESA,NDEZNET_DESAQ2
KLATEN_BAKUNG,DESA,NDEZNET_DESAQ2
KLATEN_KEMUDO,DESA,NDEZNET_DESAQ2
BOYOLALI_JUWANGI,DESA,NDEZNET_DESAQ2
BOYOLALI_KEBONBIMO,DESA,NDEZNET_DESAQ2
BOYOLALI_MUSUK,DESA,NDEZNET_DESAQ2
BOYOLALI_MLIWIS,DESA,NDEZNET_DESAQ2
KOTA BANDAR LAMPUNG_KEL. GEDONG AIR,DESA,NDEZNET_DESAQ2
KOTA BANDAR LAMPUNG_KEL. KEBON JERUK,DESA,NDEZNET_DESAQ2
KOTA BANDAR LAMPUNG_KEL. SUMUR PUTRI,DESA,NDEZNET_DESAQ2
LAMPUNG SELATAN_KEDATON,DESA,NDEZNET_DESAQ2
NGAWI_WONOKERTO,DESA,NDEZNET_DESAQ2
NGAWI_NGALE,DESA,NDEZNET_DESAQ2
NGAWI_BANYUURIP,DESA,NDEZNET_DESAQ2
NGAWI_WATUALANG,DESA,NDEZNET_DESAQ2
NGAWI_KROMPOL,DESA,NDEZNET_DESAQ2
NGAWI_KENDUNG,DESA,NDEZNET_DESAQ2
NGAWI_GENENG,DESA,NDEZNET_DESAQ2
NGAWI_TANJUNGSARI,DESA,NDEZNET_DESAQ2
MAGETAN_KARAS,DESA,NDEZNET_DESAQ2
MAGETAN_GINUK,DESA,NDEZNET_DESAQ2
MAGETAN_SETREN,DESA,NDEZNET_DESAQ2
MAGETAN_CARIKAN,DESA,NDEZNET_DESAQ2
MAGETAN_KALANG,DESA,NDEZNET_DESAQ2
MAGETAN_CAMPURSARI,DESA,NDEZNET_DESAQ2
MAGETAN_SELOPANGGUNG,DESA,NDEZNET_DESAQ2
MAGETAN_SELOREJO,DESA,NDEZNET_DESAQ2
MAGETAN_KRAJAN,DESA,NDEZNET_DESAQ2
MADIUN_NGADIREJO,DESA,NDEZNET_DESAQ2
MADIUN_KALIABU,DESA,NDEZNET_DESAQ2
MADIUN_GANDUL,DESA,NDEZNET_DESAQ2
MADIUN_SUGIHWARAS,DESA,NDEZNET_DESAQ2
MADIUN_PILANGREJO,DESA,NDEZNET_DESAQ2
MADIUN_SULUK,DESA,NDEZNET_DESAQ2
MADIUN_SLAMBUR,DESA,NDEZNET_DESAQ2
JEMBER_KEL. ANTIROGO,DESA,NDEZNET_DESAQ2
JEMBER_JELBUK,DESA,NDEZNET_DESAQ2
JEMBER_PANDUMAN,DESA,NDEZNET_DESAQ2
JEMBER_RANDUAGUNG,DESA,NDEZNET_DESAQ2
JEMBER_SUMBERLESUNG,DESA,NDEZNET_DESAQ2
JEMBER_DUKUHMENCEK,DESA,NDEZNET_DESAQ2
JEMBER_MANGGISAN,DESA,NDEZNET_DESAQ2
JEMBER_TANGGULWETAN,DESA,NDEZNET_DESAQ2
JEMBER_PADOMASAN,DESA,NDEZNET_DESAQ2
JEMBER_TANJUNGSARI,DESA,NDEZNET_DESAQ2
JEMBER_GUNUNGSARI,DESA,NDEZNET_DESAQ2
JEMBER_KARANG SEMANDING,DESA,NDEZNET_DESAQ2
JEMBER_KALIWINING,DESA,NDEZNET_DESAQ2
JEMBER_PONTANG,DESA,NDEZNET_DESAQ2
JEMBER_PUGERKULON,DESA,NDEZNET_DESAQ2
TRENGGALEK_WINONG,DESA,NDEZNET_DESAQ2
TRENGGALEK_GADOR,DESA,NDEZNET_DESAQ2
TRENGGALEK_BARUHARJO,DESA,NDEZNET_DESAQ2
TRENGGALEK_GANDUSARI,DESA,NDEZNET_DESAQ2
TRENGGALEK_NGRAYUNG,DESA,NDEZNET_DESAQ2
TRENGGALEK_SUMBER,DESA,NDEZNET_DESAQ2
TRENGGALEK_JATI,DESA,NDEZNET_DESAQ2
TRENGGALEK_KARANGTURI,DESA,NDEZNET_DESAQ2
TRENGGALEK_BODAG,DESA,NDEZNET_DESAQ2
PONOROGO_TRISONO,DESA,NDEZNET_DESAQ2
PONOROGO_KEL. BEDURI,DESA,NDEZNET_DESAQ2
PONOROGO_PULOSARI,DESA,NDEZNET_DESAQ2
PONOROGO_PENGKOL,DESA,NDEZNET_DESAQ2
PONOROGO_WINONG,DESA,NDEZNET_DESAQ2
PONOROGO_NGASINAN,DESA,NDEZNET_DESAQ2
PONOROGO_SOOKO,DESA,NDEZNET_DESAQ2
PONOROGO_GROGOL,DESA,NDEZNET_DESAQ2
PONOROGO_SAWOO,DESA,NDEZNET_DESAQ2
PONOROGO_BESUKI,DESA,NDEZNET_DESAQ2
PONOROGO_CAMPURSARI,DESA,NDEZNET_DESAQ2
PONOROGO_WRINGINANOM,DESA,NDEZNET_DESAQ2
PONOROGO_SLAHUNG,DESA,NDEZNET_DESAQ2
PACITAN_MLATI,DESA,NDEZNET_DESAQ2
PACITAN_GENDARAN,DESA,NDEZNET_DESAQ2
KARANGANYAR_KEDUNGJERUK,DESA,NDEZNET_DESAQ2
KARANGANYAR_PERENG,DESA,NDEZNET_DESAQ2
KLATEN_DALANGAN,DESA,NDEZNET_DESAQ2
KLATEN_TULAS,DESA,NDEZNET_DESAQ2
KLATEN_WONOBOYO,DESA,NDEZNET_DESAQ2
KLATEN_KRAKITAN,DESA,NDEZNET_DESAQ2
KLATEN_BANYURIPAN,DESA,NDEZNET_DESAQ2
KLATEN_JARUM,DESA,NDEZNET_DESAQ2
KLATEN_KARANGTURI,DESA,NDEZNET_DESAQ2
BOYOLALI_ANDONG,DESA,NDEZNET_DESAQ2
NGAWI_SAMBIREJO,DESA,NDEZNET_DESAQ2
NGAWI_JURUREJO,DESA,NDEZNET_DESAQ2
MAGETAN_KARANGSONO,DESA,NDEZNET_DESAQ2
MAGETAN_PURWODADI,DESA,NDEZNET_DESAQ2
MAGETAN_KEL. KARANGREJO,DESA,NDEZNET_DESAQ2
MAGETAN_PESU,DESA,NDEZNET_DESAQ2
MAGETAN_KEL. BENDO,DESA,NDEZNET_DESAQ2
MAGETAN_TANJUNG,DESA,NDEZNET_DESAQ2
MAGETAN_BIBIS,DESA,NDEZNET_DESAQ2
MAGETAN_TAMBAKMAS,DESA,NDEZNET_DESAQ2
MAGETAN_SIDOMUKTI,DESA,NDEZNET_DESAQ2
MAGETAN_SUMBERAGUNG,DESA,NDEZNET_DESAQ2
MAGETAN_NGARIBOYO,DESA,NDEZNET_DESAQ2
MAGETAN_KEL. REJOSARI,DESA,NDEZNET_DESAQ2
MAGETAN_MADIGONDO,DESA,NDEZNET_DESAQ2
MAGETAN_KIRINGAN,DESA,NDEZNET_DESAQ2
MAGETAN_KEL. PARANG,DESA,NDEZNET_DESAQ2
MADIUN_JIWAN,DESA,NDEZNET_DESAQ2
MADIUN_PUCANGREJO,DESA,NDEZNET_DESAQ2
MADIUN_GUNUNGSARI,DESA,NDEZNET_DESAQ2
MADIUN_MEJAYAN,DESA,NDEZNET_DESAQ2
JEMBER_KEL. PATRANG,DESA,NDEZNET_DESAQ2
JEMBER_KEL. TEGALGEDE,DESA,NDEZNET_DESAQ2
JEMBER_KEL. KEPATIHAN,DESA,NDEZNET_DESAQ2
JEMBER_KEL. TEGALBESAR,DESA,NDEZNET_DESAQ2
TRENGGALEK_MUNJUNGAN,DESA,NDEZNET_DESAQ2
PONOROGO_NGUNUT,DESA,NDEZNET_DESAQ2
PONOROGO_KEL. KAUMAN,DESA,NDEZNET_DESAQ2
PONOROGO_KEL. BROTONEGARAN,DESA,NDEZNET_DESAQ2
PONOROGO_TURI,DESA,NDEZNET_DESAQ2
PONOROGO_KUTU WETAN,DESA,NDEZNET_DESAQ2
PONOROGO_BETON,DESA,NDEZNET_DESAQ2
PACITAN_COKROKEMBANG,DESA,NDEZNET_DESAQ2
PACITAN_MENTORO,DESA,NDEZNET_DESAQ2
PACITAN_SIRNOBOYO,DESA,NDEZNET_DESAQ2
KARANGANYAR_BALONG,DESA,NDEZNET_DESAQ2
KARANGANYAR_KWADUNGAN,DESA,NDEZNET_DESAQ2
KARANGANYAR_PANDEYAN,DESA,NDEZNET_DESAQ2
KARANGANYAR_KEL. POPONGAN,DESA,NDEZNET_DESAQ2
KARANGANYAR_KEL. JANTIHARJO,DESA,NDEZNET_DESAQ2
KARANGANYAR_KARANGPANDAN,DESA,NDEZNET_DESAQ2
KARANGANYAR_NGADILUWIH,DESA,NDEZNET_DESAQ2
KLATEN_JEBUGAN,DESA,NDEZNET_DESAQ2
KLATEN_BEKU,DESA,NDEZNET_DESAQ2
KLATEN_JOMBOR,DESA,NDEZNET_DESAQ2
KLATEN_PRAWATAN,DESA,NDEZNET_DESAQ2
KLATEN_NGERING,DESA,NDEZNET_DESAQ2
KLATEN_KARANGDUREN,DESA,NDEZNET_DESAQ2
BOYOLALI_KETOYAN,DESA,NDEZNET_DESAQ2
BOYOLALI_SINDON,DESA,NDEZNET_DESAQ2
BOYOLALI_SAWAHAN,DESA,NDEZNET_DESAQ2
BOYOLALI_DUKUH,DESA,NDEZNET_DESAQ2
BOYOLALI_SUDIMORO,DESA,NDEZNET_DESAQ2
BOYOLALI_KADIRESO,DESA,NDEZNET_DESAQ2
BOYOLALI_DLINGO,DESA,NDEZNET_DESAQ2
BOYOLALI_PUSPORENGGO,DESA,NDEZNET_DESAQ2
BOYOLALI_KALIGENTONG,DESA,NDEZNET_DESAQ2
BOYOLALI_SIDOMULYO,DESA,NDEZNET_DESAQ2
NGAWI_BANGUNREJO KIDUL,DESA,NDEZNET_DESAQ2
NGAWI_GENTONG,DESA,NDEZNET_DESAQ2
NGAWI_LEGOWETAN,DESA,NDEZNET_DESAQ2
NGAWI_MACANAN,DESA,NDEZNET_DESAQ2
MADIUN_DIMONG,DESA,NDEZNET_DESAQ2
MADIUN_JERUKGULUNG,DESA,NDEZNET_DESAQ2
MADIUN_WONOASRI,DESA,NDEZNET_DESAQ2
JEMBER_KEL. BARATAN,DESA,NDEZNET_DESAQ2
JEMBER_ROWOTENGAH,DESA,NDEZNET_DESAQ2
JEMBER_SIDOMEKAR,DESA,NDEZNET_DESAQ2
JEMBER_MUNDUREJO,DESA,NDEZNET_DESAQ2
JEMBER_UMBULSARI,DESA,NDEZNET_DESAQ2
JEMBER_BALUNGLOR,DESA,NDEZNET_DESAQ2
JEMBER_BALUNGKULON,DESA,NDEZNET_DESAQ2
JEMBER_KARANGDUREN,DESA,NDEZNET_DESAQ2
JEMBER_KERTONEGORO,DESA,NDEZNET_DESAQ2
JEMBER_SUMBERKEJAYAN,DESA,NDEZNET_DESAQ2
JEMBER_KENCONG,DESA,NDEZNET_DESAQ2
TRENGGALEK_SEMARUM,DESA,NDEZNET_DESAQ2
TRENGGALEK_MARGOMULYO,DESA,NDEZNET_DESAQ2
PONOROGO_LEMBAH,DESA,NDEZNET_DESAQ2
PONOROGO_SUKOREJO,DESA,NDEZNET_DESAQ2
PONOROGO_KARANGWALUH,DESA,NDEZNET_DESAQ2
PONOROGO_RONOSENTANAN,DESA,NDEZNET_DESAQ2
PONOROGO_NGRAYUN,DESA,NDEZNET_DESAQ2
PACITAN_TULAKAN,DESA,NDEZNET_DESAQ2
KLATEN_SAJEN,DESA,NDEZNET_DESAQ2
KLATEN_NGERANGAN,DESA,NDEZNET_DESAQ2
BOYOLALI_MANGGUNG,DESA,NDEZNET_DESAQ2
BOYOLALI_KEMBANGKUNING,DESA,NDEZNET_DESAQ2
NGAWI_BERAN,DESA,NDEZNET_DESAQ2
MAGETAN_KLAGEN GAMBIRAN,DESA,NDEZNET_DESAQ2
MAGETAN_SUGIHWARAS,DESA,NDEZNET_DESAQ2
MAGETAN_BALEGONDO,DESA,NDEZNET_DESAQ2
MAGETAN_JOMBLANG,DESA,NDEZNET_DESAQ2
MADIUN_TEGUHAN,DESA,NDEZNET_DESAQ2
MADIUN_KLAGENSERUT,DESA,NDEZNET_DESAQ2
MADIUN_BUKUR,DESA,NDEZNET_DESAQ2
MADIUN_KAJANG,DESA,NDEZNET_DESAQ2
MADIUN_SAWAHAN,DESA,NDEZNET_DESAQ2
MADIUN_SENDANGREJO,DESA,NDEZNET_DESAQ2
MADIUN_NGAMPEL,DESA,NDEZNET_DESAQ2
MADIUN_KEL. PANDEAN,DESA,NDEZNET_DESAQ2
MADIUN_DAGANGAN,DESA,NDEZNET_DESAQ2
MADIUN_KETAWANG,DESA,NDEZNET_DESAQ2
MADIUN_DOHO,DESA,NDEZNET_DESAQ2
MADIUN_KERTOBANYON,DESA,NDEZNET_DESAQ2
MADIUN_JATISARI,DESA,NDEZNET_DESAQ2
JEMBER_KEL. KRANJINGAN,DESA,NDEZNET_DESAQ2
JEMBER_KEL. MANGLI,DESA,NDEZNET_DESAQ2
JEMBER_TANGGULKULON,DESA,NDEZNET_DESAQ2
TRENGGALEK_KAMULAN,DESA,NDEZNET_DESAQ2
TRENGGALEK_PANGGUL,DESA,NDEZNET_DESAQ2
PONOROGO_POLOREJO,DESA,NDEZNET_DESAQ2
PONOROGO_KEL. JINGGLONG,DESA,NDEZNET_DESAQ2
PONOROGO_CARAT,DESA,NDEZNET_DESAQ2
PONOROGO_NGRAKET,DESA,NDEZNET_DESAQ2
PONOROGO_NGABAR,DESA,NDEZNET_DESAQ2
PONOROGO_NGLONING,DESA,NDEZNET_DESAQ2
KARANGANYAR_WARU,DESA,NDEZNET_DESAQ2
KARANGANYAR_MACANAN,DESA,NDEZNET_DESAQ2
KARANGANYAR_NANGSRI,DESA,NDEZNET_DESAQ2
KARANGANYAR_NGASEM,DESA,NDEZNET_DESAQ2
KARANGANYAR_BRUJUL,DESA,NDEZNET_DESAQ2
KARANGANYAR_GAUM,DESA,NDEZNET_DESAQ2
KARANGANYAR_BURAN,DESA,NDEZNET_DESAQ2
KARANGANYAR_KEL. JUNGKE,DESA,NDEZNET_DESAQ2
KARANGANYAR_MATESIH,DESA,NDEZNET_DESAQ2
KARANGANYAR_SUKOSARI,DESA,NDEZNET_DESAQ2
KLATEN_KEL. BUNTALAN,DESA,NDEZNET_DESAQ2
KLATEN_KEPUTRAN,DESA,NDEZNET_DESAQ2
KLATEN_GEDAREN,DESA,NDEZNET_DESAQ2
KLATEN_PUCANGMILIRAN,DESA,NDEZNET_DESAQ2
KLATEN_JANTI,DESA,NDEZNET_DESAQ2
KLATEN_NGARAN,DESA,NDEZNET_DESAQ2
KLATEN_GLAGAHWANGI,DESA,NDEZNET_DESAQ2
KLATEN_PANDANAN,DESA,NDEZNET_DESAQ2
KLATEN_TANJUNG,DESA,NDEZNET_DESAQ2
KLATEN_TLOGORANDU,DESA,NDEZNET_DESAQ2
KLATEN_SOBAYAN,DESA,NDEZNET_DESAQ2
KLATEN_JATIMULYO,DESA,NDEZNET_DESAQ2
KLATEN_GONDANGAN,DESA,NDEZNET_DESAQ2
KLATEN_BAREPAN,DESA,NDEZNET_DESAQ2
BOYOLALI_MOJO,DESA,NDEZNET_DESAQ2
BOYOLALI_SUMBER,DESA,NDEZNET_DESAQ2
BOYOLALI_SIMO,DESA,NDEZNET_DESAQ2
BOYOLALI_PELEM,DESA,NDEZNET_DESAQ2
BOYOLALI_KETITANG,DESA,NDEZNET_DESAQ2
BOYOLALI_CATUR,DESA,NDEZNET_DESAQ2
BOYOLALI_TANJUNGSARI,DESA,NDEZNET_DESAQ2
BOYOLALI_CANGKRINGAN,DESA,NDEZNET_DESAQ2
BOYOLALI_KUWIRAN,DESA,NDEZNET_DESAQ2
BOYOLALI_JEMBUNGAN,DESA,NDEZNET_DESAQ2
BOYOLALI_JENENGAN,DESA,NDEZNET_DESAQ2
BOYOLALI_GOMBANG,DESA,NDEZNET_DESAQ2
BOYOLALI_TERAS,DESA,NDEZNET_DESAQ2
BOYOLALI_MANGGIS,DESA,NDEZNET_DESAQ2
BOYOLALI_PENGGUNG,DESA,NDEZNET_DESAQ2
BOYOLALI_URUTSEWU,DESA,NDEZNET_DESAQ2
BOYOLALI_TLOGOLELE,DESA,NDEZNET_DESAQ2
BOYOLALI_KLAKAH,DESA,NDEZNET_DESAQ2
BOYOLALI_JRAKAH,DESA,NDEZNET_DESAQ2
BOYOLALI_SUROTELENG,DESA,NDEZNET_DESAQ2
BOYOLALI_TARUBATANG,DESA,NDEZNET_DESAQ2
BOYOLALI_JERUK,DESA,NDEZNET_DESAQ2
BOYOLALI_NGAMPON,DESA,NDEZNET_DESAQ2
BOYOLALI_GONDANGSLAMET,DESA,NDEZNET_DESAQ2
BOYOLALI_NGAGRONG,DESA,NDEZNET_DESAQ2
BOYOLALI_CANDISARI,DESA,NDEZNET_DESAQ2
BOYOLALI_NGARGOLOKA,DESA,NDEZNET_DESAQ2
BOYOLALI_SAMPETAN,DESA,NDEZNET_DESAQ2
BOYOLALI_JLAREM,DESA,NDEZNET_DESAQ2
BOYOLALI_WONODOYO,DESA,NDEZNET_DESAQ2
BOYOLALI_JOMBONG,DESA,NDEZNET_DESAQ2
BOYOLALI_GEDANGAN,DESA,NDEZNET_DESAQ2
BOYOLALI_BAKULAN,DESA,NDEZNET_DESAQ2
BOYOLALI_CANDIGATAK,DESA,NDEZNET_DESAQ2
BOYOLALI_PAGERJURANG,DESA,NDEZNET_DESAQ2
BOYOLALI_CLUNTANG,DESA,NDEZNET_DESAQ2
BOYOLALI_KEMBANGSARI,DESA,NDEZNET_DESAQ2
BOYOLALI_LAMPAR,DESA,NDEZNET_DESAQ2
BOYOLALI_DRAGAN,DESA,NDEZNET_DESAQ2
BOYOLALI_JEMOWO,DESA,NDEZNET_DESAQ2
BOYOLALI_MRIYAN,DESA,NDEZNET_DESAQ2
BOYOLALI_KRASAK,DESA,NDEZNET_DESAQ2
BOYOLALI_TLAWONG,DESA,NDEZNET_DESAQ2
BOYOLALI_JATISARI,DESA,NDEZNET_DESAQ2
BOYOLALI_KEPOH,DESA,NDEZNET_DESAQ2
BOYOLALI_NGAGLIK,DESA,NDEZNET_DESAQ2
BOYOLALI_TROSOBO,DESA,NDEZNET_DESAQ2
BOYOLALI_POJOK,DESA,NDEZNET_DESAQ2
BOYOLALI_PULUTAN,DESA,NDEZNET_DESAQ2
BOYOLALI_WALEN,DESA,NDEZNET_DESAQ2
BOYOLALI_PENTUR,DESA,NDEZNET_DESAQ2
BOYOLALI_TALAKBROTO,DESA,NDEZNET_DESAQ2
BOYOLALI_WATES,DESA,NDEZNET_DESAQ2
BOYOLALI_MANYARAN,DESA,NDEZNET_DESAQ2
BOYOLALI_SEMPULUR,DESA,NDEZNET_DESAQ2
BOYOLALI_KLUMPIT,DESA,NDEZNET_DESAQ2
BOYOLALI_BANTENGAN,DESA,NDEZNET_DESAQ2
BOYOLALI_GROGOLAN,DESA,NDEZNET_DESAQ2
BOYOLALI_MOJOSARI,DESA,NDEZNET_DESAQ2
BOYOLALI_PENGKOL,DESA,NDEZNET_DESAQ2
BOYOLALI_BANGKOK,DESA,NDEZNET_DESAQ2
BOYOLALI_DOLOGAN,DESA,NDEZNET_DESAQ2
BOYOLALI_TANJUNG,DESA,NDEZNET_DESAQ2
BOYOLALI_KALANGAN,DESA,NDEZNET_DESAQ2
BOYOLALI_SANGGE,DESA,NDEZNET_DESAQ2
BOYOLALI_JATEN,DESA,NDEZNET_DESAQ2
BOYOLALI_GONDANGLEGI,DESA,NDEZNET_DESAQ2
BOYOLALI_KARANGGATAK,DESA,NDEZNET_DESAQ2
BOYOLALI_GONDANGRAWE,DESA,NDEZNET_DESAQ2
BOYOLALI_PRANGGONG,DESA,NDEZNET_DESAQ2
BOYOLALI_PAKANG,DESA,NDEZNET_DESAQ2
BOYOLALI_SEMAWUNG,DESA,NDEZNET_DESAQ2
BOYOLALI_KENDEL,DESA,NDEZNET_DESAQ2
BOYOLALI_BAWU,DESA,NDEZNET_DESAQ2
BOYOLALI_SARIMULYO,DESA,NDEZNET_DESAQ2
BOYOLALI_WATUGEDE,DESA,NDEZNET_DESAQ2
BOYOLALI_KEDUNGREJO,DESA,NDEZNET_DESAQ2
BOYOLALI_KEDUNGMULYO,DESA,NDEZNET_DESAQ2
BOYOLALI_WONOHARJO,DESA,NDEZNET_DESAQ2
BOYOLALI_BOLO,DESA,NDEZNET_DESAQ2
BOYOLALI_WONOSEGORO,DESA,NDEZNET_DESAQ2
BOYOLALI_BANDUNG,DESA,NDEZNET_DESAQ2
BOYOLALI_GOSONO,DESA,NDEZNET_DESAQ2
BOYOLALI_BOJONG,DESA,NDEZNET_DESAQ2
BOYOLALI_KAUMAN,DESA,NDEZNET_DESAQ2
BOYOLALI_LEMAHIRENG,DESA,NDEZNET_DESAQ2
BOYOLALI_GUWO,DESA,NDEZNET_DESAQ2
BOYOLALI_KEDUNGPILANG,DESA,NDEZNET_DESAQ2
BOYOLALI_KALINANAS,DESA,NDEZNET_DESAQ2
BOYOLALI_GILIREJO,DESA,NDEZNET_DESAQ2
BOYOLALI_JATILAWANG,DESA,NDEZNET_DESAQ2
BOYOLALI_GARANGAN,DESA,NDEZNET_DESAQ2
BOYOLALI_BERCAK,DESA,NDEZNET_DESAQ2
BOYOLALI_BENGLE,DESA,NDEZNET_DESAQ2
BOYOLALI_GUNUNGSARI,DESA,NDEZNET_DESAQ2
BOYOLALI_KROBOKAN,DESA,NDEZNET_DESAQ2
BOYOLALI_NGAREN,DESA,NDEZNET_DESAQ2
BOYOLALI_KALIMATI,DESA,NDEZNET_DESAQ2
BOYOLALI_KEL. SAMBENG,DESA,NDEZNET_DESAQ2
BOYOLALI_CERME,DESA,NDEZNET_DESAQ2
BOYOLALI_KAYEN,DESA,NDEZNET_DESAQ2
KLATEN_SENGON,DESA,NDEZNET_DESAQ2
KLATEN_KATEKAN,DESA,NDEZNET_DESAQ2
KLATEN_NGANDONG,DESA,NDEZNET_DESAQ2
KLATEN_KRAGILAN,DESA,NDEZNET_DESAQ2
KLATEN_SAWIT,DESA,NDEZNET_DESAQ2
KLATEN_BATURAN,DESA,NDEZNET_DESAQ2
KLATEN_PESU,DESA,NDEZNET_DESAQ2
KLATEN_DENGKENG,DESA,NDEZNET_DESAQ2
KLATEN_TANJUNGAN,DESA,NDEZNET_DESAQ2
KLATEN_PACING,DESA,NDEZNET_DESAQ2
KLATEN_KALIGAYAM,DESA,NDEZNET_DESAQ2
KLATEN_BOGEM,DESA,NDEZNET_DESAQ2
KLATEN_JAMBAKAN,DESA,NDEZNET_DESAQ2
KLATEN_KRIKILAN,DESA,NDEZNET_DESAQ2
KLATEN_KEBON,DESA,NDEZNET_DESAQ2
KLATEN_TAWANGREJO,DESA,NDEZNET_DESAQ2
KLATEN_JOTANGAN,DESA,NDEZNET_DESAQ2
KLATEN_KARANGASEM,DESA,NDEZNET_DESAQ2
KLATEN_BURIKAN,DESA,NDEZNET_DESAQ2
KLATEN_BALAK,DESA,NDEZNET_DESAQ2
KLATEN_BARAN,DESA,NDEZNET_DESAQ2
KLATEN_TIRTOMARTO,DESA,NDEZNET_DESAQ2
KLATEN_JAPANAN,DESA,NDEZNET_DESAQ2
KLATEN_POGUNG,DESA,NDEZNET_DESAQ2
KLATEN_BOGOR,DESA,NDEZNET_DESAQ2
KLATEN_PUNDUNGSARI,DESA,NDEZNET_DESAQ2
KLATEN_MALANGJIWAN,DESA,NDEZNET_DESAQ2
KLATEN_DOMPYONGAN,DESA,NDEZNET_DESAQ2
KLATEN_TASKOMBANG,DESA,NDEZNET_DESAQ2
KLATEN_SUKORINI,DESA,NDEZNET_DESAQ2
KLATEN_KECEMEN,DESA,NDEZNET_DESAQ2
KLATEN_NGEMPLAKSENENG,DESA,NDEZNET_DESAQ2
KLATEN_SAPEN,DESA,NDEZNET_DESAQ2
KLATEN_KEPURUN,DESA,NDEZNET_DESAQ2
KLATEN_BLIMBING,DESA,NDEZNET_DESAQ2
KLATEN_GEMAMPIR,DESA,NDEZNET_DESAQ2
KLATEN_LOGEDE,DESA,NDEZNET_DESAQ2
KLATEN_JIWAN,DESA,NDEZNET_DESAQ2
KLATEN_MANJUNGAN,DESA,NDEZNET_DESAQ2
KLATEN_JAMBUKIDUL,DESA,NDEZNET_DESAQ2
KLATEN_LEMAHIRENG,DESA,NDEZNET_DESAQ2
KLATEN_BULUSAN,DESA,NDEZNET_DESAQ2
KLATEN_TUMPUKAN,DESA,NDEZNET_DESAQ2
KLATEN_KARANGJOHO,DESA,NDEZNET_DESAQ2
KLATEN_RINGINPUTIH,DESA,NDEZNET_DESAQ2
KLATEN_DEMANGAN,DESA,NDEZNET_DESAQ2
KLATEN_TEGALAMPEL,DESA,NDEZNET_DESAQ2
KLATEN_KARANGWUNGU,DESA,NDEZNET_DESAQ2
KLATEN_NGREDEN,DESA,NDEZNET_DESAQ2
KLATEN_JELOBO,DESA,NDEZNET_DESAQ2
KLATEN_SIDOWARNO,DESA,NDEZNET_DESAQ2
KLATEN_BENER,DESA,NDEZNET_DESAQ2
KLATEN_SIDOMULYO,DESA,NDEZNET_DESAQ2
KLATEN_SOROPATEN,DESA,NDEZNET_DESAQ2
KLATEN_GEMPOL,DESA,NDEZNET_DESAQ2
KLATEN_MUNDU,DESA,NDEZNET_DESAQ2
KLATEN_SEDAYU,DESA,NDEZNET_DESAQ2
KLATEN_KIRINGAN,DESA,NDEZNET_DESAQ2
KLATEN_BETENG,DESA,NDEZNET_DESAQ2
KLATEN_CAWAN,DESA,NDEZNET_DESAQ2
KLATEN_TEMUIRENG,DESA,NDEZNET_DESAQ2
KLATEN_BANDUNGAN,DESA,NDEZNET_DESAQ2
KLATEN_BAWUKAN,DESA,NDEZNET_DESAQ2
KLATEN_PANGGANG,DESA,NDEZNET_DESAQ2
KLATEN_TALUN,DESA,NDEZNET_DESAQ2
KLATEN_KENDALSARI,DESA,NDEZNET_DESAQ2
KLATEN_TANGKIL,DESA,NDEZNET_DESAQ2
KLATEN_BUMIHARJO,DESA,NDEZNET_DESAQ2
KLATEN_SIDOREJO,DESA,NDEZNET_DESAQ2
KLATEN_BALERANTE,DESA,NDEZNET_DESAQ2
KLATEN_TEGALMULYO,DESA,NDEZNET_DESAQ2
SUKOHARJO_SANGGANG,DESA,NDEZNET_DESAQ2
SUKOHARJO_MANISHARJO,DESA,NDEZNET_DESAQ2
WONOGIRI_SUMBERAGUNG,DESA,NDEZNET_DESAQ2
WONOGIRI_PETIRSARI,DESA,NDEZNET_DESAQ2
WONOGIRI_GAMBIRMANIS,DESA,NDEZNET_DESAQ2
WONOGIRI_JIMBAR,DESA,NDEZNET_DESAQ2
WONOGIRI_KEL. GEDONG,DESA,NDEZNET_DESAQ2
WONOGIRI_GEBANGHARJO,DESA,NDEZNET_DESAQ2
WONOGIRI_BANARAN,DESA,NDEZNET_DESAQ2
WONOGIRI_LEBAK,DESA,NDEZNET_DESAQ2
WONOGIRI_GLINGGANG,DESA,NDEZNET_DESAQ2
WONOGIRI_WONODADI,DESA,NDEZNET_DESAQ2
WONOGIRI_GUDANGHARJO,DESA,NDEZNET_DESAQ2
WONOGIRI_GUNTURHARJO,DESA,NDEZNET_DESAQ2
WONOGIRI_GENDAYAKAN,DESA,NDEZNET_DESAQ2
WONOGIRI_SAMBIHARJO,DESA,NDEZNET_DESAQ2
WONOGIRI_SONGBLEDEG,DESA,NDEZNET_DESAQ2
WONOGIRI_NGARGOHARJO,DESA,NDEZNET_DESAQ2
WONOGIRI_TLOGOSARI,DESA,NDEZNET_DESAQ2
WONOGIRI_TLOGOHARJO,DESA,NDEZNET_DESAQ2
WONOGIRI_KEL. BAYEMHARJO,DESA,NDEZNET_DESAQ2
WONOGIRI_TIRTOSUWORO,DESA,NDEZNET_DESAQ2
WONOGIRI_KEL. GIRIKIKIS,DESA,NDEZNET_DESAQ2
WONOGIRI_GEDONGREJO,DESA,NDEZNET_DESAQ2
WONOGIRI_PIDEKSO,DESA,NDEZNET_DESAQ2
WONOGIRI_TUKULREJO,DESA,NDEZNET_DESAQ2
WONOGIRI_BUMIHARJO,DESA,NDEZNET_DESAQ2
WONOGIRI_SELOMARTO,DESA,NDEZNET_DESAQ2
WONOGIRI_PLATAREJO,DESA,NDEZNET_DESAQ2
WONOGIRI_TAWANGHARJO,DESA,NDEZNET_DESAQ2
WONOGIRI_KEL. SELOPURO,DESA,NDEZNET_DESAQ2
WONOGIRI_SENDANGSARI,DESA,NDEZNET_DESAQ2
WONOGIRI_RONGGOJATI,DESA,NDEZNET_DESAQ2
WONOGIRI_KUDI,DESA,NDEZNET_DESAQ2
WONOGIRI_JEBLOGAN,DESA,NDEZNET_DESAQ2
WONOGIRI_NGAMBARSARI,DESA,NDEZNET_DESAQ2
WONOGIRI_KARANGTENGAH,DESA,NDEZNET_DESAQ2
WONOGIRI_PURWOHARJO,DESA,NDEZNET_DESAQ2
WONOGIRI_TEMBORO,DESA,NDEZNET_DESAQ2
WONOGIRI_HARGOSARI,DESA,NDEZNET_DESAQ2
WONOGIRI_DLEPIH,DESA,NDEZNET_DESAQ2
WONOGIRI_WIROKO,DESA,NDEZNET_DESAQ2
WONOGIRI_SUKOHARJO,DESA,NDEZNET_DESAQ2
WONOGIRI_HARGOREJO,DESA,NDEZNET_DESAQ2
WONOGIRI_GENENGHARJO,DESA,NDEZNET_DESAQ2
WONOGIRI_GIRIREJO,DESA,NDEZNET_DESAQ2
WONOGIRI_SENDANGMULYO,DESA,NDEZNET_DESAQ2
WONOGIRI_SEMIN,DESA,NDEZNET_DESAQ2
WONOGIRI_GEBANG,DESA,NDEZNET_DESAQ2
WONOGIRI_NGADIPIRO,DESA,NDEZNET_DESAQ2
WONOGIRI_BASUHAN,DESA,NDEZNET_DESAQ2
WONOGIRI_PUCUNG,DESA,NDEZNET_DESAQ2
WONOGIRI_SINDUKARTO,DESA,NDEZNET_DESAQ2
WONOGIRI_BALEHARJO,DESA,NDEZNET_DESAQ2
WONOGIRI_TEGALHARJO,DESA,NDEZNET_DESAQ2
WONOGIRI_PASEKAN,DESA,NDEZNET_DESAQ2
WONOGIRI_NGANDONG,DESA,NDEZNET_DESAQ2
WONOGIRI_TEMPURHARJO,DESA,NDEZNET_DESAQ2
WONOGIRI_GEMAWANG,DESA,NDEZNET_DESAQ2
WONOGIRI_SEMBUKAN,DESA,NDEZNET_DESAQ2
WONOGIRI_WIDORO,DESA,NDEZNET_DESAQ2
WONOGIRI_PINGKUK,DESA,NDEZNET_DESAQ2
WONOGIRI_NGELO,DESA,NDEZNET_DESAQ2
WONOGIRI_BRENGGOLO,DESA,NDEZNET_DESAQ2
WONOGIRI_GUNO,DESA,NDEZNET_DESAQ2
WONOGIRI_PENGKOL,DESA,NDEZNET_DESAQ2
WONOGIRI_PESIDO,DESA,NDEZNET_DESAQ2
WONOGIRI_MOJOPURO,DESA,NDEZNET_DESAQ2
WONOGIRI_DUREN,DESA,NDEZNET_DESAQ2
WONOGIRI_BUGELAN,DESA,NDEZNET_DESAQ2
WONOGIRI_PLOSOREJO,DESA,NDEZNET_DESAQ2
WONOGIRI_LEMAHBANG,DESA,NDEZNET_DESAQ2
WONOGIRI_KEL. GESING,DESA,NDEZNET_DESAQ2
WONOGIRI_KEPYAR,DESA,NDEZNET_DESAQ2
WONOGIRI_SUKOMANGU,DESA,NDEZNET_DESAQ2
WONOGIRI_TALESAN,DESA,NDEZNET_DESAQ2
WONOGIRI_KENTENG,DESA,NDEZNET_DESAQ2
WONOGIRI_BAKALAN,DESA,NDEZNET_DESAQ2
WONOGIRI_NADI,DESA,NDEZNET_DESAQ2
WONOGIRI_KRANDEGAN,DESA,NDEZNET_DESAQ2
WONOGIRI_TANJUNG,DESA,NDEZNET_DESAQ2
WONOGIRI_CONTO,DESA,NDEZNET_DESAQ2
WONOGIRI_GENENG,DESA,NDEZNET_DESAQ2
WONOGIRI_NGUNENG,DESA,NDEZNET_DESAQ2
WONOGIRI_SUKOREJO,DESA,NDEZNET_DESAQ2
WONOGIRI_TENGGER,DESA,NDEZNET_DESAQ2
WONOGIRI_GOLO,DESA,NDEZNET_DESAQ2
WONOGIRI_PADARANGIN,DESA,NDEZNET_DESAQ2
WONOGIRI_WATUSOMO,DESA,NDEZNET_DESAQ2
WONOGIRI_MADE,DESA,NDEZNET_DESAQ2
WONOGIRI_RANDUSARI,DESA,NDEZNET_DESAQ2
WONOGIRI_KEL. KARANG,DESA,NDEZNET_DESAQ2
WONOGIRI_SOKOBOYO,DESA,NDEZNET_DESAQ2
WONOGIRI_SETREN,DESA,NDEZNET_DESAQ2
WONOGIRI_TASIKHARGO,DESA,NDEZNET_DESAQ2
WONOGIRI_REJOSARI,DESA,NDEZNET_DESAQ2
WONOGIRI_GONDANGSARI,DESA,NDEZNET_DESAQ2
WONOGIRI_GIRIYOSO,DESA,NDEZNET_DESAQ2
WONOGIRI_KOPEN,DESA,NDEZNET_DESAQ2
WONOGIRI_TAWANGREJO,DESA,NDEZNET_DESAQ2
WONOGIRI_SLOGORETNO,DESA,NDEZNET_DESAQ2
WONOGIRI_KEMBANG,DESA,NDEZNET_DESAQ2
WONOGIRI_GIRIMULYO,DESA,NDEZNET_DESAQ2
WONOGIRI_MANGUNHARJO,DESA,NDEZNET_DESAQ2
WONOGIRI_WALENG,DESA,NDEZNET_DESAQ2
WONOGIRI_DOHO,DESA,NDEZNET_DESAQ2
WONOGIRI_NUNGKULAN,DESA,NDEZNET_DESAQ2
WONOGIRI_KEL. GEMAWANG,DESA,NDEZNET_DESAQ2
WONOGIRI_SEMAGAR,DESA,NDEZNET_DESAQ2
WONOGIRI_BUBAKAN,DESA,NDEZNET_DESAQ2
KARANGANYAR_JATISOBO,DESA,NDEZNET_DESAQ2
KARANGANYAR_JATIWARNO,DESA,NDEZNET_DESAQ2
KARANGANYAR_JATIMULYO,DESA,NDEZNET_DESAQ2
KARANGANYAR_JATISUKO,DESA,NDEZNET_DESAQ2
KARANGANYAR_JATIROYO,DESA,NDEZNET_DESAQ2
KARANGANYAR_PETUNG,DESA,NDEZNET_DESAQ2
KARANGANYAR_WONOKELING,DESA,NDEZNET_DESAQ2
KARANGANYAR_BERUK,DESA,NDEZNET_DESAQ2
KARANGANYAR_KARANGSARI,DESA,NDEZNET_DESAQ2
KARANGANYAR_WUKIRSAWIT,DESA,NDEZNET_DESAQ2
KARANGANYAR_PASEBAN,DESA,NDEZNET_DESAQ2
KARANGANYAR_LEMAHBANG,DESA,NDEZNET_DESAQ2
KARANGANYAR_KADIPIRO,DESA,NDEZNET_DESAQ2
KARANGANYAR_JUMANTORO,DESA,NDEZNET_DESAQ2
KARANGANYAR_KEDAWUNG,DESA,NDEZNET_DESAQ2
KARANGANYAR_BAKALAN,DESA,NDEZNET_DESAQ2
KARANGANYAR_GEMANTAR,DESA,NDEZNET_DESAQ2
KARANGANYAR_TUGU,DESA,NDEZNET_DESAQ2
KARANGANYAR_BLORONG,DESA,NDEZNET_DESAQ2
KARANGANYAR_SRINGIN,DESA,NDEZNET_DESAQ2
KARANGANYAR_GIRILAYU,DESA,NDEZNET_DESAQ2
KARANGANYAR_GANTIWARNO,DESA,NDEZNET_DESAQ2
KARANGANYAR_DUKUH,DESA,NDEZNET_DESAQ2
KARANGANYAR_TOHKUNING,DESA,NDEZNET_DESAQ2
KARANGANYAR_GONDANGMANIS,DESA,NDEZNET_DESAQ2
KARANGANYAR_KALIJIRAK,DESA,NDEZNET_DESAQ2
KARANGANYAR_BANJARHARJO,DESA,NDEZNET_DESAQ2
KARANGANYAR_NGADIREJO,DESA,NDEZNET_DESAQ2
KARANGANYAR_MOJOROTO,DESA,NDEZNET_DESAQ2
KARANGANYAR_BUNTAR,DESA,NDEZNET_DESAQ2
KARANGANYAR_GEBYOG,DESA,NDEZNET_DESAQ2
KARANGANYAR_GENTUNGAN,DESA,NDEZNET_DESAQ2
KARANGANYAR_TAMANSARI,DESA,NDEZNET_DESAQ2
KARANGANYAR_GANTEN,DESA,NDEZNET_DESAQ2
KARANGANYAR_TAWANGSARI,DESA,NDEZNET_DESAQ2
KARANGANYAR_ANGGRASMANIS,DESA,NDEZNET_DESAQ2
KARANGANYAR_SIDOMUKTI,DESA,NDEZNET_DESAQ2
KARANGANYAR_LEMPONG,DESA,NDEZNET_DESAQ2
PACITAN_SAWAHAN,DESA,NDEZNET_DESAQ2
PACITAN_GEDOMPOL,DESA,NDEZNET_DESAQ2
PACITAN_CEMENG,DESA,NDEZNET_DESAQ2
PACITAN_MENDOLO LOR,DESA,NDEZNET_DESAQ2
PACITAN_GONDOSARI,DESA,NDEZNET_DESAQ2
PACITAN_TINATAR,DESA,NDEZNET_DESAQ2
PACITAN_KEBONSARI,DESA,NDEZNET_DESAQ2
PACITAN_SUGIHWARAS,DESA,NDEZNET_DESAQ2
PACITAN_JLUBANG,DESA,NDEZNET_DESAQ2
PACITAN_POKO,DESA,NDEZNET_DESAQ2
PACITAN_DADAPAN,DESA,NDEZNET_DESAQ2
PACITAN_SOBO,DESA,NDEZNET_DESAQ2
PACITAN_PELEM,DESA,NDEZNET_DESAQ2
PACITAN_TAMANASRI,DESA,NDEZNET_DESAQ2
PACITAN_PLUMBUNGAN,DESA,NDEZNET_DESAQ2
PACITAN_KARANGNONGKO,DESA,NDEZNET_DESAQ2
PACITAN_KALIPELUS,DESA,NDEZNET_DESAQ2
PACITAN_KATIPUGAL,DESA,NDEZNET_DESAQ2
PACITAN_WORAWARI,DESA,NDEZNET_DESAQ2
PACITAN_GEMBUK,DESA,NDEZNET_DESAQ2
PACITAN_SANGGRAHAN,DESA,NDEZNET_DESAQ2
PACITAN_PUNJUNG,DESA,NDEZNET_DESAQ2
PACITAN_JETISKIDUL,DESA,NDEZNET_DESAQ2
PACITAN_GONDANG,DESA,NDEZNET_DESAQ2
PACITAN_TOKAWI,DESA,NDEZNET_DESAQ2
PACITAN_NGUNUT,DESA,NDEZNET_DESAQ2
PACITAN_KLEDUNG,DESA,NDEZNET_DESAQ2
PACITAN_TUMPUK,DESA,NDEZNET_DESAQ2
PACITAN_WATUPATOK,DESA,NDEZNET_DESAQ2
PACITAN_NGRECO,DESA,NDEZNET_DESAQ2
PACITAN_KASIHAN,DESA,NDEZNET_DESAQ2
PACITAN_TAHUNAN,DESA,NDEZNET_DESAQ2
PACITAN_KLUWIH,DESA,NDEZNET_DESAQ2
PACITAN_KALIKUNING,DESA,NDEZNET_DESAQ2
PACITAN_GASANG,DESA,NDEZNET_DESAQ2
PACITAN_NGILE,DESA,NDEZNET_DESAQ2
PACITAN_BUBAKAN,DESA,NDEZNET_DESAQ2
PACITAN_NGUMBUL,DESA,NDEZNET_DESAQ2
PACITAN_WONOSIDI,DESA,NDEZNET_DESAQ2
PACITAN_WONODADI KULON,DESA,NDEZNET_DESAQ2
PACITAN_WONODADI WETAN,DESA,NDEZNET_DESAQ2
PACITAN_WONOKARTO,DESA,NDEZNET_DESAQ2
PACITAN_WONOSOBO,DESA,NDEZNET_DESAQ2
PACITAN_WONOASRI,DESA,NDEZNET_DESAQ2
PACITAN_SUDIMORO,DESA,NDEZNET_DESAQ2
PACITAN_KETANGGUNG,DESA,NDEZNET_DESAQ2
PACITAN_SEMBOWO,DESA,NDEZNET_DESAQ2
PACITAN_KARANGMULYO,DESA,NDEZNET_DESAQ2
PONOROGO_BAOSAN KIDUL,DESA,NDEZNET_DESAQ2
PONOROGO_WONODADI,DESA,NDEZNET_DESAQ2
PONOROGO_SENDANG,DESA,NDEZNET_DESAQ2
PONOROGO_MRAYAN,DESA,NDEZNET_DESAQ2
PONOROGO_BINADE,DESA,NDEZNET_DESAQ2
PONOROGO_CEPOKO,DESA,NDEZNET_DESAQ2
PONOROGO_GEDANGAN,DESA,NDEZNET_DESAQ2
PONOROGO_SENEPO,DESA,NDEZNET_DESAQ2
PONOROGO_NGILO-ILO,DESA,NDEZNET_DESAQ2
PONOROGO_KORIPAN,DESA,NDEZNET_DESAQ2
PONOROGO_MUNGGU,DESA,NDEZNET_DESAQ2
PONOROGO_KWAJON,DESA,NDEZNET_DESAQ2
PONOROGO_GAJAH,DESA,NDEZNET_DESAQ2
PONOROGO_NGLEWAN,DESA,NDEZNET_DESAQ2
PONOROGO_JRAKAH,DESA,NDEZNET_DESAQ2
PONOROGO_TUMPUK,DESA,NDEZNET_DESAQ2
PONOROGO_TUMPAK PELEM,DESA,NDEZNET_DESAQ2
PONOROGO_TEMPURAN,DESA,NDEZNET_DESAQ2
PONOROGO_SRITI,DESA,NDEZNET_DESAQ2
PONOROGO_KORI,DESA,NDEZNET_DESAQ2
PONOROGO_BONDRANG,DESA,NDEZNET_DESAQ2
PONOROGO_NGINDENG,DESA,NDEZNET_DESAQ2
PONOROGO_NGADIROJO,DESA,NDEZNET_DESAQ2
PONOROGO_KLEPU,DESA,NDEZNET_DESAQ2
PONOROGO_TAMBANG,DESA,NDEZNET_DESAQ2
PONOROGO_KARANGPATIHAN,DESA,NDEZNET_DESAQ2
PONOROGO_TEGALREJO,DESA,NDEZNET_DESAQ2
PONOROGO_BEDRUG,DESA,NDEZNET_DESAQ2
PONOROGO_WAGIR KIDUL,DESA,NDEZNET_DESAQ2
PONOROGO_WAYANG,DESA,NDEZNET_DESAQ2
PONOROGO_MUNGGUNG,DESA,NDEZNET_DESAQ2
PONOROGO_BEKIRING,DESA,NDEZNET_DESAQ2
PONOROGO_BANARAN,DESA,NDEZNET_DESAQ2
PONOROGO_CANDI,DESA,NDEZNET_DESAQ2
PONOROGO_TOTOKAN,DESA,NDEZNET_DESAQ2
PONOROGO_SUREN,DESA,NDEZNET_DESAQ2
PONOROGO_KRADENAN,DESA,NDEZNET_DESAQ2
PONOROGO_JETIS,DESA,NDEZNET_DESAQ2
PONOROGO_TEGALSARI,DESA,NDEZNET_DESAQ2
PONOROGO_JOSARI,DESA,NDEZNET_DESAQ2
PONOROGO_PANDAK,DESA,NDEZNET_DESAQ2
PONOROGO_BULAK,DESA,NDEZNET_DESAQ2
PONOROGO_NGENDUT,DESA,NDEZNET_DESAQ2
PONOROGO_KARANGMOJO,DESA,NDEZNET_DESAQ2
PONOROGO_SEDARAT,DESA,NDEZNET_DESAQ2
PONOROGO_PURWOREJO,DESA,NDEZNET_DESAQ2
PONOROGO_TATUNG,DESA,NDEZNET_DESAQ2
PONOROGO_NGLARANGAN,DESA,NDEZNET_DESAQ2
PONOROGO_CILUK,DESA,NDEZNET_DESAQ2
PONOROGO_TOSANAN,DESA,NDEZNET_DESAQ2
PONOROGO_JONGGOL,DESA,NDEZNET_DESAQ2
PONOROGO_KARANGLO KIDUL,DESA,NDEZNET_DESAQ2
PONOROGO_BULU LOR,DESA,NDEZNET_DESAQ2
PONOROGO_DAYAKAN,DESA,NDEZNET_DESAQ2
PONOROGO_TANJUNGGUNUNG,DESA,NDEZNET_DESAQ2
PONOROGO_KARANGJOHO,DESA,NDEZNET_DESAQ2
PONOROGO_TANJUNGREJO,DESA,NDEZNET_DESAQ2
PONOROGO_BANDARALIM,DESA,NDEZNET_DESAQ2
PONOROGO_KAPURAN,DESA,NDEZNET_DESAQ2
PONOROGO_WATUBONANG,DESA,NDEZNET_DESAQ2
PONOROGO_PAGERUKIR,DESA,NDEZNET_DESAQ2
PONOROGO_POHIJO,DESA,NDEZNET_DESAQ2
PONOROGO_NGLURUP,DESA,NDEZNET_DESAQ2
PONOROGO_RINGINPUTIH,DESA,NDEZNET_DESAQ2
PONOROGO_KALIMALANG,DESA,NDEZNET_DESAQ2
PONOROGO_GEGERAN,DESA,NDEZNET_DESAQ2
PONOROGO_SAHANG,DESA,NDEZNET_DESAQ2
PONOROGO_WAGIR LOR,DESA,NDEZNET_DESAQ2
PONOROGO_TALUN,DESA,NDEZNET_DESAQ2
PONOROGO_PUPUS,DESA,NDEZNET_DESAQ2
TRENGGALEK_NGRAMBINGAN,DESA,NDEZNET_DESAQ2
TRENGGALEK_TERBIS,DESA,NDEZNET_DESAQ2
TRENGGALEK_MANGGIS,DESA,NDEZNET_DESAQ2
TRENGGALEK_TANGKIL,DESA,NDEZNET_DESAQ2
TRENGGALEK_DEPOK,DESA,NDEZNET_DESAQ2
TRENGGALEK_NGULUNGWETAN,DESA,NDEZNET_DESAQ2
TRENGGALEK_SOBO,DESA,NDEZNET_DESAQ2
TRENGGALEK_CRAKEN,DESA,NDEZNET_DESAQ2
TRENGGALEK_BANGUN,DESA,NDEZNET_DESAQ2
TRENGGALEK_DUKUH,DESA,NDEZNET_DESAQ2
TRENGGALEK_PAKEL,DESA,NDEZNET_DESAQ2
TRENGGALEK_NGEMBEL,DESA,NDEZNET_DESAQ2
TRENGGALEK_TIMAHAN,DESA,NDEZNET_DESAQ2
TRENGGALEK_SALAMWATES,DESA,NDEZNET_DESAQ2
TRENGGALEK_NGERDANI,DESA,NDEZNET_DESAQ2
TRENGGALEK_SIKI,DESA,NDEZNET_DESAQ2
TRENGGALEK_PRINGAPUS,DESA,NDEZNET_DESAQ2
TRENGGALEK_SIDOMULYO,DESA,NDEZNET_DESAQ2
TRENGGALEK_PUYUNG,DESA,NDEZNET_DESAQ2
TRENGGALEK_JOHO,DESA,NDEZNET_DESAQ2
TRENGGALEK_KEMBANGAN,DESA,NDEZNET_DESAQ2
TRENGGALEK_TANGGARAN,DESA,NDEZNET_DESAQ2
TRENGGALEK_KAYEN,DESA,NDEZNET_DESAQ2
TRENGGALEK_NGENTRONG,DESA,NDEZNET_DESAQ2
TRENGGALEK_NGRANDU,DESA,NDEZNET_DESAQ2
TRENGGALEK_PURU,DESA,NDEZNET_DESAQ2
TRENGGALEK_WONOKERTO,DESA,NDEZNET_DESAQ2
TRENGGALEK_NGLEBO,DESA,NDEZNET_DESAQ2
TRENGGALEK_GAMPING,DESA,NDEZNET_DESAQ2
TRENGGALEK_DUREN,DESA,NDEZNET_DESAQ2
TRENGGALEK_GADING,DESA,NDEZNET_DESAQ2
TRENGGALEK_TEGAREN,DESA,NDEZNET_DESAQ2
TRENGGALEK_SENGON,DESA,NDEZNET_DESAQ2
TRENGGALEK_SRABAH,DESA,NDEZNET_DESAQ2
TRENGGALEK_BOTOPUTIH,DESA,NDEZNET_DESAQ2
JEMBER_KEPANJEN,DESA,NDEZNET_DESAQ2
JEMBER_MULYOREJO,DESA,NDEZNET_DESAQ2
JEMBER_SIDOMUKTI,DESA,NDEZNET_DESAQ2
JEMBER_SARIMULYO,DESA,NDEZNET_DESAQ2
JEMBER_JAMBESARI,DESA,NDEZNET_DESAQ2
JEMBER_BANJARSARI,DESA,NDEZNET_DESAQ2
JEMBER_SUMBERANGET,DESA,NDEZNET_DESAQ2
JEMBER_SUKOGIDRI,DESA,NDEZNET_DESAQ2
JEMBER_KARANGPAITON,DESA,NDEZNET_DESAQ2
JEMBER_PRINGGONDANI,DESA,NDEZNET_DESAQ2
JEMBER_MOJOGEMI,DESA,NDEZNET_DESAQ2
JEMBER_SUKOWIRYO,DESA,NDEZNET_DESAQ2
JEMBER_SUCOPANGEPOK,DESA,NDEZNET_DESAQ2
MADIUN_BLIMBING,DESA,NDEZNET_DESAQ2
MADIUN_TILENG,DESA,NDEZNET_DESAQ2
MADIUN_MENDAK,DESA,NDEZNET_DESAQ2
MADIUN_SEGULUNG,DESA,NDEZNET_DESAQ2
MADIUN_PADAS,DESA,NDEZNET_DESAQ2
MADIUN_NGRANGET,DESA,NDEZNET_DESAQ2
MADIUN_BANJARSARI WETAN,DESA,NDEZNET_DESAQ2
MADIUN_BODAG,DESA,NDEZNET_DESAQ2
MADIUN_KEPEL,DESA,NDEZNET_DESAQ2
MADIUN_CERMO,DESA,NDEZNET_DESAQ2
MADIUN_MORANG,DESA,NDEZNET_DESAQ2
MADIUN_BATOK,DESA,NDEZNET_DESAQ2
MADIUN_DURENAN,DESA,NDEZNET_DESAQ2
MADIUN_TAWANGREJO,DESA,NDEZNET_DESAQ2
MADIUN_PAJARAN,DESA,NDEZNET_DESAQ2
MADIUN_SUMBERBENDO,DESA,NDEZNET_DESAQ2
MADIUN_KLANGON,DESA,NDEZNET_DESAQ2
MADIUN_WONOAYU,DESA,NDEZNET_DESAQ2
MADIUN_LUWORO,DESA,NDEZNET_DESAQ2
MADIUN_SIDODADI,DESA,NDEZNET_DESAQ2
MADIUN_BULAKREJO,DESA,NDEZNET_DESAQ2
MADIUN_WARUREJO,DESA,NDEZNET_DESAQ2
MADIUN_SOGO,DESA,NDEZNET_DESAQ2
MADIUN_PACINAN,DESA,NDEZNET_DESAQ2
MADIUN_KLUMPIT,DESA,NDEZNET_DESAQ2
MAGETAN_GONGGANG,DESA,NDEZNET_DESAQ2
MAGETAN_SOMBO,DESA,NDEZNET_DESAQ2
MAGETAN_PLANGKRONGAN,DESA,NDEZNET_DESAQ2
MAGETAN_SAYUTAN,DESA,NDEZNET_DESAQ2
MAGETAN_NGLOPANG,DESA,NDEZNET_DESAQ2
MAGETAN_TROSONO,DESA,NDEZNET_DESAQ2
MAGETAN_DUYUNG,DESA,NDEZNET_DESAQ2
MAGETAN_SEMEN,DESA,NDEZNET_DESAQ2
MAGETAN_GIRIPURNO,DESA,NDEZNET_DESAQ2
MAGETAN_NGENTEP,DESA,NDEZNET_DESAQ2
MAGETAN_GARON,DESA,NDEZNET_DESAQ2
MAGETAN_POJOK,DESA,NDEZNET_DESAQ2
MAGETAN_MANGUNREJO,DESA,NDEZNET_DESAQ2
MAGETAN_JAMBANGAN,DESA,NDEZNET_DESAQ2
MAGETAN_BANJARPANJANG,DESA,NDEZNET_DESAQ2
MAGETAN_BEDAGUNG,DESA,NDEZNET_DESAQ2
MAGETAN_SOCO,DESA,NDEZNET_DESAQ2
MAGETAN_BULUGLEDEG,DESA,NDEZNET_DESAQ2
MAGETAN_DUWET,DESA,NDEZNET_DESAQ2
MAGETAN_KAUMAN,DESA,NDEZNET_DESAQ2
MAGETAN_SOBONTORO,DESA,NDEZNET_DESAQ2
MAGETAN_SUMURSONGO,DESA,NDEZNET_DESAQ2
MAGETAN_NGUMPUL,DESA,NDEZNET_DESAQ2
MAGETAN_KLURAHAN,DESA,NDEZNET_DESAQ2
MAGETAN_JAJAR,DESA,NDEZNET_DESAQ2
MAGETAN_BAYEMTAMAN,DESA,NDEZNET_DESAQ2
MAGETAN_BAYEMWETAN,DESA,NDEZNET_DESAQ2
NGAWI_WONOSARI,DESA,NDEZNET_DESAQ2
NGAWI_PANDANSARI,DESA,NDEZNET_DESAQ2
NGAWI_GIRIKERTO,DESA,NDEZNET_DESAQ2
NGAWI_HARGOSARI,DESA,NDEZNET_DESAQ2
NGAWI_POCOL,DESA,NDEZNET_DESAQ2
NGAWI_GENDOL,DESA,NDEZNET_DESAQ2
NGAWI_GIRIHARJO,DESA,NDEZNET_DESAQ2
NGAWI_UMBULREJO,DESA,NDEZNET_DESAQ2
NGAWI_JATEN,DESA,NDEZNET_DESAQ2
NGAWI_GIRIMULYO,DESA,NDEZNET_DESAQ2
NGAWI_PATALAN,DESA,NDEZNET_DESAQ2
NGAWI_PURWOSARI,DESA,NDEZNET_DESAQ2
NGAWI_DINDEN,DESA,NDEZNET_DESAQ2
NGAWI_SUMBER,DESA,NDEZNET_DESAQ2
NGAWI_POHKONYAL,DESA,NDEZNET_DESAQ2
NGAWI_PLESET,DESA,NDEZNET_DESAQ2
NGAWI_DANGUK,DESA,NDEZNET_DESAQ2
NGAWI_GEMPOL,DESA,NDEZNET_DESAQ2
NGAWI_RINGINANOM,DESA,NDEZNET_DESAQ2
NGAWI_PLOSOLOR,DESA,NDEZNET_DESAQ2
NGAWI_DAMPIT,DESA,NDEZNET_DESAQ2
NGAWI_SURUH,DESA,NDEZNET_DESAQ2
NGAWI_KENONGOREJO,DESA,NDEZNET_DESAQ2
NGAWI_TUNGKULREJO,DESA,NDEZNET_DESAQ2
NGAWI_KWADUNGAN LOR,DESA,NDEZNET_DESAQ2
NGAWI_JATIREJO,DESA,NDEZNET_DESAQ2
NGAWI_KYONTEN,DESA,NDEZNET_DESAQ2
NGAWI_GUNUNGSARI,DESA,NDEZNET_DESAQ2
NGAWI_KEREK,DESA,NDEZNET_DESAQ2
NGAWI_SIRIGAN,DESA,NDEZNET_DESAQ2
NGAWI_JEBLOGAN,DESA,NDEZNET_DESAQ2
NGAWI_BANGUNREJO LOR,DESA,NDEZNET_DESAQ2
NGAWI_KARANGGENENG,DESA,NDEZNET_DESAQ2
NGAWI_PAPUNGAN,DESA,NDEZNET_DESAQ2
NGAWI_CANTEL,DESA,NDEZNET_DESAQ2
NGAWI_KALANG,DESA,NDEZNET_DESAQ2
NGAWI_SEKARPUTIH,DESA,NDEZNET_DESAQ2
NGAWI_PAKAH,DESA,NDEZNET_DESAQ2
NGAWI_JATIMULYO,DESA,NDEZNET_DESAQ2
NGAWI_MENGGER,DESA,NDEZNET_DESAQ2
NGAWI_PANDEAN,DESA,NDEZNET_DESAQ2
NGAWI_KARANGANYAR,DESA,NDEZNET_DESAQ2
NGAWI_GEMBOL,DESA,NDEZNET_DESAQ2
PADANG PARIAMAN_SUNGAI BULUAH TIMUR,DESA,NDEZNET_DESAQ2
PADANG PARIAMAN_TOBOH GADANG BARAT,DESA,NDEZNET_DESAQ2
PADANG PARIAMAN_SEULAYAT ULAKAN,DESA,NDEZNET_DESAQ2
PADANG PARIAMAN_SANDI ULAKAN,DESA,NDEZNET_DESAQ2
PADANG PARIAMAN_TOBOH KETEK,DESA,NDEZNET_DESAQ2
PADANG PARIAMAN_LAREH NAN PANJANG SELATAN,DESA,NDEZNET_DESAQ2
PADANG PARIAMAN_LAREH NAN PANJANG BARAT,DESA,NDEZNET_DESAQ2
PADANG PARIAMAN_AMBUANG KAPUA SUNGAI SARIAK,DESA,NDEZNET_DESAQ2
PADANG PARIAMAN_TANDIKEK UTARA,DESA,NDEZNET_DESAQ2
PADANG PARIAMAN_TANDIKEK BARAT,DESA,NDEZNET_DESAQ2
PADANG PARIAMAN_KOTO DALAM,DESA,NDEZNET_DESAQ2
PADANG PARIAMAN_KOTO BARU,DESA,NDEZNET_DESAQ2
PADANG PARIAMAN_KOTO DALAM BARAT,DESA,NDEZNET_DESAQ2
PADANG PARIAMAN_KOTO DALAM SELATAN,DESA,NDEZNET_DESAQ2
PADANG PARIAMAN_SIKUCUA,DESA,NDEZNET_DESAQ2
PADANG PARIAMAN_CAMPAGO BARAT,DESA,NDEZNET_DESAQ2
PADANG PARIAMAN_SIKUCUA TENGAH,DESA,NDEZNET_DESAQ2
PADANG PARIAMAN_SIKUCUA BARAT,DESA,NDEZNET_DESAQ2
PADANG PARIAMAN_SIKUCUA UTARA,DESA,NDEZNET_DESAQ2
PADANG PARIAMAN_SIKUCUA TIMUR,DESA,NDEZNET_DESAQ2
PADANG PARIAMAN_GUNUNG PADANG ALAI,DESA,NDEZNET_DESAQ2
PADANG PARIAMAN_KUDU GANTIANG BARAT,DESA,NDEZNET_DESAQ2
PADANG PARIAMAN_GUGUAK KURANJI HILIR,DESA,NDEZNET_DESAQ2
PADANG PARIAMAN_MALAI V SUKU,DESA,NDEZNET_DESAQ2
PADANG PARIAMAN_MALAI V SUKU TIMUR,DESA,NDEZNET_DESAQ2
PADANG PARIAMAN_BATU GADANG KURANJI HULU,DESA,NDEZNET_DESAQ2
PADANG PARIAMAN_SUNGAI SIRAH KURANJI HULU,DESA,NDEZNET_DESAQ2
PADANG PARIAMAN_III KOTO AUR MALINTANG TIMUR,DESA,NDEZNET_DESAQ2
KOTA PARIAMAN_MARABAU,DESA,NDEZNET_DESAQ2
KOTA PARIAMAN_SUNGAI KASAI,DESA,NDEZNET_DESAQ2
KOTA PARIAMAN_TANJUNG SABAR,DESA,NDEZNET_DESAQ2
KOTA PARIAMAN_CUBADAK AIR,DESA,NDEZNET_DESAQ2
KOTA PARIAMAN_CUBADAK AIR SELATAN,DESA,NDEZNET_DESAQ2
KOTA PARIAMAN_TUNGKAL SELATAN,DESA,NDEZNET_DESAQ2
KOTA PARIAMAN_SUNGAI RAMBAI,DESA,NDEZNET_DESAQ2
LAMPUNG SELATAN_REJOSARI,DESA,NDEZNET_DESAQ2
LAMPUNG SELATAN_PANCASILA,DESA,NDEZNET_DESAQ2
LAMPUNG SELATAN_PURWOSARI,DESA,NDEZNET_DESAQ2
LAMPUNG SELATAN_RULUNG RAYA,DESA,NDEZNET_DESAQ2
LAMPUNG SELATAN_RULUNG HELOK,DESA,NDEZNET_DESAQ2
LAMPUNG SELATAN_RULUNG MULYA,DESA,NDEZNET_DESAQ2
LAMPUNG SELATAN_RULUNG SARI,DESA,NDEZNET_DESAQ2
LAMPUNG SELATAN_GEDUNG AGUNG,DESA,NDEZNET_DESAQ2
LAMPUNG SELATAN_SIDODADI ASRI,DESA,NDEZNET_DESAQ2
LAMPUNG SELATAN_PURWOTANI,DESA,NDEZNET_DESAQ2
LAMPUNG SELATAN_SUMBER JAYA,DESA,NDEZNET_DESAQ2
LAMPUNG SELATAN_MARGODADI,DESA,NDEZNET_DESAQ2
LAMPUNG SELATAN_MARGO LESTARI,DESA,NDEZNET_DESAQ2
LAMPUNG SELATAN_MARGA KAYA,DESA,NDEZNET_DESAQ2
LAMPUNG SELATAN_SINAR REJEKI,DESA,NDEZNET_DESAQ2
LAMPUNG SELATAN_KARANG REJO,DESA,NDEZNET_DESAQ2
LAMPUNG SELATAN_GALIH LUNIK,DESA,NDEZNET_DESAQ2
LAMPUNG SELATAN_SINAR OGAN,DESA,NDEZNET_DESAQ2
LAMPUNG SELATAN_BUDI LESTARI,DESA,NDEZNET_DESAQ2
LAMPUNG SELATAN_TRIMULYO,DESA,NDEZNET_DESAQ2
LAMPUNG SELATAN_SRI KATON,DESA,NDEZNET_DESAQ2
LAMPUNG SELATAN_SIDOMUKTI,DESA,NDEZNET_DESAQ2
LAMPUNG SELATAN_WAWASAN,DESA,NDEZNET_DESAQ2
LAMPUNG SELATAN_BANGUN SARI,DESA,NDEZNET_DESAQ2
LAMPUNG SELATAN_MULYOSARI,DESA,NDEZNET_DESAQ2
LAMPUNG SELATAN_KERTOSARI,DESA,NDEZNET_DESAQ2
LAMPUNG SELATAN_WONODADI,DESA,NDEZNET_DESAQ2
LAMPUNG SELATAN_MALANGSARI,DESA,NDEZNET_DESAQ2
LAMPUNG SELATAN_KARYA TUNGGAL,DESA,NDEZNET_DESAQ2
LAMPUNG SELATAN_TANJUNG RATU,DESA,NDEZNET_DESAQ2
LAMPUNG SELATAN_BARU RANJI,DESA,NDEZNET_DESAQ2
LAMPUNG SELATAN_PANCA TUNGGAL,DESA,NDEZNET_DESAQ2
LAMPUNG SELATAN_TALANG JAWA,DESA,NDEZNET_DESAQ2
LAMPUNG SELATAN_LEBUNG SARI,DESA,NDEZNET_DESAQ2
LAMPUNG SELATAN_PUJI RAHAYU,DESA,NDEZNET_DESAQ2
LAMPUNG SELATAN_BATU AGUNG,DESA,NDEZNET_DESAQ2
LAMPUNG SELATAN_SINAR KARYA,DESA,NDEZNET_DESAQ2
LAMPUNG SELATAN_TANJUNG HARAPAN,DESA,NDEZNET_DESAQ2
LAMPUNG SELATAN_KARANG JAYA,DESA,NDEZNET_DESAQ2
LAMPUNG SELATAN_PAMULIHAN,DESA,NDEZNET_DESAQ2
LAMPUNG SELATAN_PURWODADI,DESA,NDEZNET_DESAQ2
LAMPUNG SELATAN_BANJARSARI,DESA,NDEZNET_DESAQ2
LAMPUNG SELATAN_KARANG PUCUNG,DESA,NDEZNET_DESAQ2
LAMPUNG SELATAN_TALANG WAY SULAN,DESA,NDEZNET_DESAQ2
LAMPUNG SELATAN_SUMBER AGUNG,DESA,NDEZNET_DESAQ2
LAMPUNG SELATAN_MEKAR SARI,DESA,NDEZNET_DESAQ2
LAMPUNG SELATAN_SUKAMARGA,DESA,NDEZNET_DESAQ2
LAMPUNG SELATAN_SUKA BANJAR,DESA,NDEZNET_DESAQ2
LAMPUNG SELATAN_BANJAR SURI,DESA,NDEZNET_DESAQ2
LAMPUNG SELATAN_RANTAU MINYAK,DESA,NDEZNET_DESAQ2
LAMPUNG SELATAN_WAY GELAM,DESA,NDEZNET_DESAQ2
LAMPUNG SELATAN_BUMI JAYA,DESA,NDEZNET_DESAQ2
LAMPUNG SELATAN_SINAR PASEMAH,DESA,NDEZNET_DESAQ2
LAMPUNG SELATAN_CINTA MULYA,DESA,NDEZNET_DESAQ2
LAMPUNG SELATAN_SINAR PALEMBANG,DESA,NDEZNET_DESAQ2
LAMPUNG SELATAN_KARYA MULYA SARI,DESA,NDEZNET_DESAQ2
LAMPUNG SELATAN_BATULIMAN INDAH,DESA,NDEZNET_DESAQ2
LAMPUNG SELATAN_SUMUR KUMBANG,DESA,NDEZNET_DESAQ2
LAMPUNG SELATAN_MARGACATUR,DESA,NDEZNET_DESAQ2
LAMPUNG SELATAN_BULOK,DESA,NDEZNET_DESAQ2
LAMPUNG SELATAN_TEJANG PULAU SEBESI,DESA,NDEZNET_DESAQ2
LAMPUNG SELATAN_HARGO PANCURAN,DESA,NDEZNET_DESAQ2
LAMPUNG SELATAN_KERINJING,DESA,NDEZNET_DESAQ2
LAMPUNG SELATAN_CUGUNG,DESA,NDEZNET_DESAQ2
LAMPUNG SELATAN_BATU BALAK,DESA,NDEZNET_DESAQ2
LAMPUNG SELATAN_KUNJIR,DESA,NDEZNET_DESAQ2
LAMPUNG SELATAN_WAY MULI,DESA,NDEZNET_DESAQ2
LAMPUNG SELATAN_RAJABASA,DESA,NDEZNET_DESAQ2
LAMPUNG SELATAN_BANDING,DESA,NDEZNET_DESAQ2
LAMPUNG SELATAN_CANTI,DESA,NDEZNET_DESAQ2
LAMPUNG SELATAN_WAI MULI TIMUR,DESA,NDEZNET_DESAQ2
LAMPUNG SELATAN_PULAU TENGAH,DESA,NDEZNET_DESAQ2
LAMPUNG SELATAN_BALI AGUNG,DESA,NDEZNET_DESAQ2
LAMPUNG SELATAN_BUMI DAYA,DESA,NDEZNET_DESAQ2
LAMPUNG SELATAN_BUMI RESTU,DESA,NDEZNET_DESAQ2
LAMPUNG SELATAN_TANJUNG JAYA,DESA,NDEZNET_DESAQ2
LAMPUNG SELATAN_BUMI ASIH,DESA,NDEZNET_DESAQ2
LAMPUNG SELATAN_MEKAR MULYA,DESA,NDEZNET_DESAQ2
LAMPUNG SELATAN_PEMATANG BARU,DESA,NDEZNET_DESAQ2
LAMPUNG SELATAN_KALIREJO,DESA,NDEZNET_DESAQ2
LAMPUNG SELATAN_BUMI ASRI,DESA,NDEZNET_DESAQ2
LAMPUNG SELATAN_PULAU JAYA,DESA,NDEZNET_DESAQ2
LAMPUNG SELATAN_SUMBER SARI,DESA,NDEZNET_DESAQ2
LAMPUNG SELATAN_MARGA JASA,DESA,NDEZNET_DESAQ2
LAMPUNG SELATAN_KEDAUNG,DESA,NDEZNET_DESAQ2
LAMPUNG SELATAN_BANDAR AGUNG,DESA,NDEZNET_DESAQ2
LAMPUNG SELATAN_MARGASARI,DESA,NDEZNET_DESAQ2
LAMPUNG SELATAN_TANJUNG HERAN,DESA,NDEZNET_DESAQ2
LAMPUNG SELATAN_WAY KALAM,DESA,NDEZNET_DESAQ2
LAMPUNG SELATAN_PADAN,DESA,NDEZNET_DESAQ2
LAMPUNG SELATAN_RAWI,DESA,NDEZNET_DESAQ2
LAMPUNG SELATAN_GANDRI,DESA,NDEZNET_DESAQ2
LAMPUNG SELATAN_RUGUK,DESA,NDEZNET_DESAQ2
LAMPUNG SELATAN_TRI DHARMA YOGA,DESA,NDEZNET_DESAQ2
LAMPUNG SELATAN_LEGUNDI,DESA,NDEZNET_DESAQ2
LAMPUNG SELATAN_BANGUNREJO,DESA,NDEZNET_DESAQ2
LAMPUNG SELATAN_SUMBER NADI,DESA,NDEZNET_DESAQ2
LAMPUNG SELATAN_KEMUKUS,DESA,NDEZNET_DESAQ2
LAMPUNG SELATAN_LEBUNG NALA,DESA,NDEZNET_DESAQ2
LAMPUNG SELATAN_SIDOASIH,DESA,NDEZNET_DESAQ2
LAMPUNG SELATAN_PEMATANG PASIR,DESA,NDEZNET_DESAQ2
LAMPUNG SELATAN_BERUNDUNG,DESA,NDEZNET_DESAQ2
LAMPUNG SELATAN_WAI SIDOMUKTI,DESA,NDEZNET_DESAQ2
LAMPUNG SELATAN_TOTO HARJO,DESA,NDEZNET_DESAQ2
LAMPUNG SELATAN_HATTA,DESA,NDEZNET_DESAQ2
LAMPUNG SELATAN_SEMANAK,DESA,NDEZNET_DESAQ2
KOTA SURAKARTA_KEL. BANYUANYAR,DESA,NDEZNET_DESAQ2
KOTA SURAKARTA_KEL. KADIPIRO,DESA,NDEZNET_DESAQ2
KOTA SURAKARTA_KEL. NUSUKAN,DESA,NDEZNET_DESAQ2
KOTA SURAKARTA_KEL. SUMBER,DESA,NDEZNET_DESAQ2
KOTA SURAKARTA_KEL. MANAHAN,DESA,NDEZNET_DESAQ2
KOTA SURAKARTA_KEL. GILINGAN,DESA,NDEZNET_DESAQ2
KOTA SURAKARTA_KEL. KESTALAN,DESA,NDEZNET_DESAQ2
KOTA SURAKARTA_KEL. PUNGGAWAN,DESA,NDEZNET_DESAQ2
KOTA SURAKARTA_KEL. KETELAN,DESA,NDEZNET_DESAQ2
KOTA SURAKARTA_KEL. KEPRABON,DESA,NDEZNET_DESAQ2
KOTA SURAKARTA_KEL. TIMURAN,DESA,NDEZNET_DESAQ2
KOTA SURAKARTA_KEL. MANGKUBUMEN,DESA,NDEZNET_DESAQ2
KOTA SURAKARTA_KEL. MOJOSONGO,DESA,NDEZNET_DESAQ2
KOTA SURAKARTA_KEL. JEBRES,DESA,NDEZNET_DESAQ2
KOTA SURAKARTA_KEL. TEGALHARJO,DESA,NDEZNET_DESAQ2
KOTA SURAKARTA_KEL. PURWODININGRATAN,DESA,NDEZNET_DESAQ2
KOTA SURAKARTA_KEL. JAGALAN,DESA,NDEZNET_DESAQ2
KOTA SURAKARTA_KEL. PUCANGSAWIT,DESA,NDEZNET_DESAQ2
KOTA SURAKARTA_KEL. SEWU,DESA,NDEZNET_DESAQ2
KOTA SURAKARTA_KEL. GANDEKAN,DESA,NDEZNET_DESAQ2
KOTA SURAKARTA_KEL. SUDIROPRAJAN,DESA,NDEZNET_DESAQ2
KOTA SURAKARTA_KEL. KEPATIHAN WETAN,DESA,NDEZNET_DESAQ2
KOTA SURAKARTA_KEL. KEPATIHAN KULON,DESA,NDEZNET_DESAQ2
KOTA SURAKARTA_KEL. SANGKRAH,DESA,NDEZNET_DESAQ2
KOTA SURAKARTA_KEL. KAMPUNGBARU,DESA,NDEZNET_DESAQ2
KOTA SURAKARTA_KEL. KAUMAN,DESA,NDEZNET_DESAQ2
KOTA SURAKARTA_KEL. GAJAHAN,DESA,NDEZNET_DESAQ2
KOTA SURAKARTA_KEL. BALUWARTI,DESA,NDEZNET_DESAQ2
KOTA SURAKARTA_KEL. PASARKLIWON,DESA,NDEZNET_DESAQ2
KOTA SURAKARTA_KEL. SEMANGGI,DESA,NDEZNET_DESAQ2
KOTA SURAKARTA_KEL. KEMLAYAN,DESA,NDEZNET_DESAQ2
KOTA SURAKARTA_KEL. JAYENGAN,DESA,NDEZNET_DESAQ2
KOTA SURAKARTA_KEL. KRATONAN,DESA,NDEZNET_DESAQ2
KOTA SURAKARTA_KEL. SERENGAN,DESA,NDEZNET_DESAQ2
KOTA SURAKARTA_KEL. DANUKUSUMAN,DESA,NDEZNET_DESAQ2
KOTA SURAKARTA_KEL. JOYOTAKAN,DESA,NDEZNET_DESAQ2
KOTA SURAKARTA_KEL. KARANGASEM,DESA,NDEZNET_DESAQ2
KOTA SURAKARTA_KEL. JAJAR,DESA,NDEZNET_DESAQ2
KOTA SURAKARTA_KEL. KERTEN,DESA,NDEZNET_DESAQ2
KOTA SURAKARTA_KEL. SONDAKAN,DESA,NDEZNET_DESAQ2
KOTA SURAKARTA_KEL. PURWOSARI,DESA,NDEZNET_DESAQ2
KOTA SURAKARTA_KEL. PENUMPING,DESA,NDEZNET_DESAQ2
KOTA SURAKARTA_KEL. SRIWEDARI,DESA,NDEZNET_DESAQ2
KOTA SURAKARTA_KEL. BUMI,DESA,NDEZNET_DESAQ2
KOTA SURAKARTA_KEL. LAWEYAN,DESA,NDEZNET_DESAQ2
KOTA SURAKARTA_KEL. PAJANG,DESA,NDEZNET_DESAQ2
KARANGANYAR_BOTOK,DESA,NDEZNET_DESAQ2
KARANGANYAR_KARANGREJO,DESA,NDEZNET_DESAQ2
KARANGANYAR_GEMPOLAN,DESA,NDEZNET_DESAQ2
KARANGANYAR_MUNGGUR,DESA,NDEZNET_DESAQ2
KARANGANYAR_PENDEM,DESA,NDEZNET_DESAQ2
KARANGANYAR_SEWUREJO,DESA,NDEZNET_DESAQ2
KARANGANYAR_KALIWULUH,DESA,NDEZNET_DESAQ2
KARANGANYAR_KEMIRI,DESA,NDEZNET_DESAQ2
KARANGANYAR_TUBAN,DESA,NDEZNET_DESAQ2
KARANGANYAR_KRAGAN,DESA,NDEZNET_DESAQ2
KARANGANYAR_SELOKATON,DESA,NDEZNET_DESAQ2
KARANGANYAR_KLODRAN,DESA,NDEZNET_DESAQ2
KARANGANYAR_BATURAN,DESA,NDEZNET_DESAQ2
KARANGANYAR_TOHUDAN,DESA,NDEZNET_DESAQ2
KARANGANYAR_GEDONGAN,DESA,NDEZNET_DESAQ2
KARANGANYAR_GAWANAN,DESA,NDEZNET_DESAQ2
KARANGANYAR_BLULUKAN,DESA,NDEZNET_DESAQ2
KARANGANYAR_GAJAHAN,DESA,NDEZNET_DESAQ2
KARANGANYAR_PAULAN,DESA,NDEZNET_DESAQ2
KARANGANYAR_MALANGJIWAN,DESA,NDEZNET_DESAQ2
KARANGANYAR_BOLON,DESA,NDEZNET_DESAQ2
KARANGANYAR_NGRINGO,DESA,NDEZNET_DESAQ2
KARANGANYAR_DAGEN,DESA,NDEZNET_DESAQ2
KARANGANYAR_JATEN,DESA,NDEZNET_DESAQ2
KARANGANYAR_JATI,DESA,NDEZNET_DESAQ2
KARANGANYAR_KALING,DESA,NDEZNET_DESAQ2
KARANGANYAR_SURUH,DESA,NDEZNET_DESAQ2
KARANGANYAR_NGIJO,DESA,NDEZNET_DESAQ2
KARANGANYAR_PAPAHAN,DESA,NDEZNET_DESAQ2
KARANGANYAR_KEL. BEJEN,DESA,NDEZNET_DESAQ2
KARANGANYAR_KEL. KARANGANYAR,DESA,NDEZNET_DESAQ2
KARANGANYAR_KEL. CANGAKAN,DESA,NDEZNET_DESAQ2
KARANGANYAR_KEL. TEGALGEDE,DESA,NDEZNET_DESAQ2
KARANGANYAR_KEL. LALUNG,DESA,NDEZNET_DESAQ2
KARANGANYAR_SEGOROGUNUNG,DESA,NDEZNET_DESAQ2
KARANGANYAR_KARANGLO,DESA,NDEZNET_DESAQ2
KARANGANYAR_SEPANJANG,DESA,NDEZNET_DESAQ2
KARANGANYAR_PABLENGAN,DESA,NDEZNET_DESAQ2
KARANGANYAR_DAWUNG,DESA,NDEZNET_DESAQ2
KARANGANYAR_JUMAPOLO,DESA,NDEZNET_DESAQ2
KARANGANYAR_TLOBO,DESA,NDEZNET_DESAQ2
KARANGANYAR_JATIPURWO,DESA,NDEZNET_DESAQ2
WONOGIRI_SELOREJO,DESA,NDEZNET_DESAQ2
WONOGIRI_JENDI,DESA,NDEZNET_DESAQ2
WONOGIRI_JATIPURWO,DESA,NDEZNET_DESAQ2
WONOGIRI_KEL. JATIPURNO,DESA,NDEZNET_DESAQ2
WONOGIRI_TANGGULANGIN,DESA,NDEZNET_DESAQ2
WONOGIRI_KEL. TANJUNGSARI,DESA,NDEZNET_DESAQ2
WONOGIRI_PANDEYAN,DESA,NDEZNET_DESAQ2
WONOGIRI_GUNUNGSARI,DESA,NDEZNET_DESAQ2
WONOGIRI_KEL. PELEM,DESA,NDEZNET_DESAQ2
WONOGIRI_NGROMPAK,DESA,NDEZNET_DESAQ2
WONOGIRI_KLUNGGEN,DESA,NDEZNET_DESAQ2
WONOGIRI_SLOGOHIMO,DESA,NDEZNET_DESAQ2
WONOGIRI_PANDAN,DESA,NDEZNET_DESAQ2
WONOGIRI_KEL. GIRIHARJO,DESA,NDEZNET_DESAQ2
WONOGIRI_KEL. BULUKERTO,DESA,NDEZNET_DESAQ2
WONOGIRI_GONDANG,DESA,NDEZNET_DESAQ2
WONOGIRI_BANGSRI,DESA,NDEZNET_DESAQ2
WONOGIRI_MIRI,DESA,NDEZNET_DESAQ2
WONOGIRI_KEL. JATIROTO,DESA,NDEZNET_DESAQ2
WONOGIRI_CANGKRING,DESA,NDEZNET_DESAQ2
WONOGIRI_KEDUNGGUPIT,DESA,NDEZNET_DESAQ2
WONOGIRI_KEL. KAYULOKO,DESA,NDEZNET_DESAQ2
WONOGIRI_MOJORENO,DESA,NDEZNET_DESAQ2
WONOGIRI_NGADIROJO KIDUL,DESA,NDEZNET_DESAQ2
WONOGIRI_KERJO LOR,DESA,NDEZNET_DESAQ2
WONOGIRI_WONOKERTO,DESA,NDEZNET_DESAQ2
WONOGIRI_SONOHARJO,DESA,NDEZNET_DESAQ2
WONOGIRI_KEL. WONOKARTO,DESA,NDEZNET_DESAQ2
WONOGIRI_KEL. GIRITIRTO,DESA,NDEZNET_DESAQ2
WONOGIRI_KEL. GIRIPURWO,DESA,NDEZNET_DESAQ2
WONOGIRI_KEL. WONOBOYO,DESA,NDEZNET_DESAQ2
WONOGIRI_BULUSULUR,DESA,NDEZNET_DESAQ2
WONOGIRI_PURWOREJO,DESA,NDEZNET_DESAQ2
WONOGIRI_POKOHKIDUL,DESA,NDEZNET_DESAQ2
WONOGIRI_KEL. WURYOREJO,DESA,NDEZNET_DESAQ2
WONOGIRI_SENDANGIJO,DESA,NDEZNET_DESAQ2
WONOGIRI_GEMANTAR,DESA,NDEZNET_DESAQ2
WONOGIRI_SINGODUTAN,DESA,NDEZNET_DESAQ2
WONOGIRI_PARE,DESA,NDEZNET_DESAQ2
WONOGIRI_KARANGLOR,DESA,NDEZNET_DESAQ2
WONOGIRI_PIJIHARJO,DESA,NDEZNET_DESAQ2
WONOGIRI_PULUTAN WETAN,DESA,NDEZNET_DESAQ2
WONOGIRI_PULUTAN KULON,DESA,NDEZNET_DESAQ2
WONOGIRI_MLOPOHARJO,DESA,NDEZNET_DESAQ2
WONOGIRI_KEL. WURYANTORO,DESA,NDEZNET_DESAQ2
WONOGIRI_EROMOKO,DESA,NDEZNET_DESAQ2
WONOGIRI_KEL. PULOHARJO,DESA,NDEZNET_DESAQ2
WONOGIRI_SUMBERHARJO,DESA,NDEZNET_DESAQ2
WONOGIRI_BATURETNO,DESA,NDEZNET_DESAQ2
WONOGIRI_GLESUNGREJO,DESA,NDEZNET_DESAQ2
WONOGIRI_NGADIROYO,DESA,NDEZNET_DESAQ2
WONOGIRI_KEL. KEDUNGREJO,DESA,NDEZNET_DESAQ2
WONOGIRI_KEL. NGARJOSARI,DESA,NDEZNET_DESAQ2
WONOGIRI_KEL. TIRTOMOYO,DESA,NDEZNET_DESAQ2
WONOGIRI_BATUWARNO,DESA,NDEZNET_DESAQ2
WONOGIRI_KEL. GIRIWOYO,DESA,NDEZNET_DESAQ2
WONOGIRI_PRACIMANTORO,DESA,NDEZNET_DESAQ2
SUKOHARJO_GONILAN,DESA,NDEZNET_DESAQ2
SUKOHARJO_SINGOPURAN,DESA,NDEZNET_DESAQ2
SUKOHARJO_NGABEYAN,DESA,NDEZNET_DESAQ2
SUKOHARJO_KERTONATAN,DESA,NDEZNET_DESAQ2
SUKOHARJO_PUCANGAN,DESA,NDEZNET_DESAQ2
SUKOHARJO_KEL. KARTASURA,DESA,NDEZNET_DESAQ2
SUKOHARJO_KEL. NGADIREJO,DESA,NDEZNET_DESAQ2
SUKOHARJO_MAKAMHAJI,DESA,NDEZNET_DESAQ2
SUKOHARJO_GUMPANG,DESA,NDEZNET_DESAQ2
SUKOHARJO_NGEMPLAK,DESA,NDEZNET_DESAQ2
SUKOHARJO_TRANGSAN,DESA,NDEZNET_DESAQ2
SUKOHARJO_WIRONANGGAN,DESA,NDEZNET_DESAQ2
SUKOHARJO_SRATEN,DESA,NDEZNET_DESAQ2
SUKOHARJO_TEMPEL,DESA,NDEZNET_DESAQ2
SUKOHARJO_LUWANG,DESA,NDEZNET_DESAQ2
SUKOHARJO_TROSEMI,DESA,NDEZNET_DESAQ2
SUKOHARJO_GENENG,DESA,NDEZNET_DESAQ2
SUKOHARJO_KRAJAN,DESA,NDEZNET_DESAQ2
SUKOHARJO_PURBAYAN,DESA,NDEZNET_DESAQ2
SUKOHARJO_SIWAL,DESA,NDEZNET_DESAQ2
SUKOHARJO_DUWET,DESA,NDEZNET_DESAQ2
SUKOHARJO_BAKIPANDEYAN,DESA,NDEZNET_DESAQ2
SUKOHARJO_KADILANGU,DESA,NDEZNET_DESAQ2
SUKOHARJO_KUDU,DESA,NDEZNET_DESAQ2
SUKOHARJO_JETIS,DESA,NDEZNET_DESAQ2
SUKOHARJO_MANCASAN,DESA,NDEZNET_DESAQ2
SUKOHARJO_CEMANI,DESA,NDEZNET_DESAQ2
SUKOHARJO_MANANG,DESA,NDEZNET_DESAQ2
SUKOHARJO_KWARASAN,DESA,NDEZNET_DESAQ2
SUKOHARJO_GEDANGAN,DESA,NDEZNET_DESAQ2
SUKOHARJO_LANGENHARJO,DESA,NDEZNET_DESAQ2
SUKOHARJO_MADEGONDO,DESA,NDEZNET_DESAQ2
SUKOHARJO_KADOKAN,DESA,NDEZNET_DESAQ2
SUKOHARJO_TELUKAN,DESA,NDEZNET_DESAQ2
SUKOHARJO_PONDOK,DESA,NDEZNET_DESAQ2
SUKOHARJO_PALUR,DESA,NDEZNET_DESAQ2
SUKOHARJO_GADINGAN,DESA,NDEZNET_DESAQ2
SUKOHARJO_PLUMBON,DESA,NDEZNET_DESAQ2
SUKOHARJO_DUKUH,DESA,NDEZNET_DESAQ2
SUKOHARJO_DEMAKAN,DESA,NDEZNET_DESAQ2
SUKOHARJO_TRIYAGAN,DESA,NDEZNET_DESAQ2
SUKOHARJO_SAPEN,DESA,NDEZNET_DESAQ2
SUKOHARJO_KRAGILAN,DESA,NDEZNET_DESAQ2
SUKOHARJO_KLUMPRIT,DESA,NDEZNET_DESAQ2
SUKOHARJO_CANGKOL,DESA,NDEZNET_DESAQ2
SUKOHARJO_BEKONANG,DESA,NDEZNET_DESAQ2
SUKOHARJO_WIRUN,DESA,NDEZNET_DESAQ2
SUKOHARJO_LABAN,DESA,NDEZNET_DESAQ2
SUKOHARJO_KAYUAPAK,DESA,NDEZNET_DESAQ2
SUKOHARJO_JATISOBO,DESA,NDEZNET_DESAQ2
SUKOHARJO_WONOREJO,DESA,NDEZNET_DESAQ2
SUKOHARJO_MRANGGEN,DESA,NDEZNET_DESAQ2
SUKOHARJO_REJOSARI,DESA,NDEZNET_DESAQ2
SUKOHARJO_KENOKOREJO,DESA,NDEZNET_DESAQ2
SUKOHARJO_GODOG,DESA,NDEZNET_DESAQ2
SUKOHARJO_BAKALAN,DESA,NDEZNET_DESAQ2
SUKOHARJO_NGOMBAKAN,DESA,NDEZNET_DESAQ2
SUKOHARJO_KARANGWUNI,DESA,NDEZNET_DESAQ2
SUKOHARJO_PRANAN,DESA,NDEZNET_DESAQ2
SUKOHARJO_SUGIHAN,DESA,NDEZNET_DESAQ2
SUKOHARJO_SIDOREJO,DESA,NDEZNET_DESAQ2
SUKOHARJO_KEL. JOMBOR,DESA,NDEZNET_DESAQ2
SUKOHARJO_TORIYO,DESA,NDEZNET_DESAQ2
SUKOHARJO_MULUR,DESA,NDEZNET_DESAQ2
SUKOHARJO_KEPUH,DESA,NDEZNET_DESAQ2
SUKOHARJO_DALEMAN,DESA,NDEZNET_DESAQ2
SUKOHARJO_KEDUNGWINONG,DESA,NDEZNET_DESAQ2
SUKOHARJO_CELEP,DESA,NDEZNET_DESAQ2
SUKOHARJO_GUPIT,DESA,NDEZNET_DESAQ2
SUKOHARJO_NGUTER,DESA,NDEZNET_DESAQ2
SUKOHARJO_LAWU,DESA,NDEZNET_DESAQ2
SUKOHARJO_KEL. SUKOHARJO,DESA,NDEZNET_DESAQ2
SUKOHARJO_KEL. COMBONGAN,DESA,NDEZNET_DESAQ2
SUKOHARJO_KEL. JETIS,DESA,NDEZNET_DESAQ2
SUKOHARJO_KEL. JOHO,DESA,NDEZNET_DESAQ2
SUKOHARJO_KEL. GAYAM,DESA,NDEZNET_DESAQ2
SUKOHARJO_KEL. BEGAJAH,DESA,NDEZNET_DESAQ2
SUKOHARJO_KEL. MANDAN,DESA,NDEZNET_DESAQ2
SUKOHARJO_KEL. BANMATI,DESA,NDEZNET_DESAQ2
SUKOHARJO_KEL. KENEP,DESA,NDEZNET_DESAQ2
SUKOHARJO_TAMBAKBOYO,DESA,NDEZNET_DESAQ2
SUKOHARJO_MAJASTO,DESA,NDEZNET_DESAQ2
SUKOHARJO_TANGKISAN,DESA,NDEZNET_DESAQ2
SUKOHARJO_KATEGUHAN,DESA,NDEZNET_DESAQ2
SUKOHARJO_PONOWAREN,DESA,NDEZNET_DESAQ2
SUKOHARJO_KEDUNGJAMBAL,DESA,NDEZNET_DESAQ2
SUKOHARJO_LOROG,DESA,NDEZNET_DESAQ2
SUKOHARJO_PUNDUNGREJO,DESA,NDEZNET_DESAQ2
SUKOHARJO_WATUBONANG,DESA,NDEZNET_DESAQ2
SUKOHARJO_LENGKING,DESA,NDEZNET_DESAQ2
SUKOHARJO_MALANGAN,DESA,NDEZNET_DESAQ2
SUKOHARJO_KUNDEN,DESA,NDEZNET_DESAQ2
SUKOHARJO_TIYARAN,DESA,NDEZNET_DESAQ2
SUKOHARJO_TAWANG,DESA,NDEZNET_DESAQ2
SUKOHARJO_WERU,DESA,NDEZNET_DESAQ2
SUKOHARJO_KARANGMOJO,DESA,NDEZNET_DESAQ2
SUKOHARJO_ALASOMBO,DESA,NDEZNET_DESAQ2
SUKOHARJO_JATINGARANG,DESA,NDEZNET_DESAQ2
SUKOHARJO_KARANGTENGAH,DESA,NDEZNET_DESAQ2
KLATEN_KEL. GERGUNUNG,DESA,NDEZNET_DESAQ2
KLATEN_JONGGRANGAN,DESA,NDEZNET_DESAQ2
KLATEN_BELANGWETAN,DESA,NDEZNET_DESAQ2
KLATEN_KETANDAN,DESA,NDEZNET_DESAQ2
KLATEN_KEL. BARENGLOR,DESA,NDEZNET_DESAQ2
KLATEN_KEL. TONGGALAN,DESA,NDEZNET_DESAQ2
KLATEN_KEL. KLATEN,DESA,NDEZNET_DESAQ2
KLATEN_KEL. KABUPATEN,DESA,NDEZNET_DESAQ2
KLATEN_SEMANGKAK,DESA,NDEZNET_DESAQ2
KLATEN_KEL. BARENG,DESA,NDEZNET_DESAQ2
KLATEN_KEL. MOJAYAN,DESA,NDEZNET_DESAQ2
KLATEN_GUMULAN,DESA,NDEZNET_DESAQ2
KLATEN_NGLINGGI,DESA,NDEZNET_DESAQ2
KLATEN_KARANGLO,DESA,NDEZNET_DESAQ2
KLATEN_KEL. GAYAMPRIT,DESA,NDEZNET_DESAQ2
KLATEN_TEGALYOSO,DESA,NDEZNET_DESAQ2
KLATEN_MERBUNG,DESA,NDEZNET_DESAQ2
KLATEN_SUMBEREJO,DESA,NDEZNET_DESAQ2
KLATEN_TRUNUH,DESA,NDEZNET_DESAQ2
KLATEN_DANGURAN,DESA,NDEZNET_DESAQ2
KLATEN_NGALAS,DESA,NDEZNET_DESAQ2
KLATEN_GLODOGAN,DESA,NDEZNET_DESAQ2
KLATEN_KAJORAN,DESA,NDEZNET_DESAQ2
KLATEN_KEMALANG,DESA,NDEZNET_DESAQ2
KLATEN_PANDEYAN,DESA,NDEZNET_DESAQ2
KLATEN_BONYOKAN,DESA,NDEZNET_DESAQ2
KLATEN_KEL. JATINOM,DESA,NDEZNET_DESAQ2
KLATEN_GLAGAH,DESA,NDEZNET_DESAQ2
KLATEN_SOCOKANGSI,DESA,NDEZNET_DESAQ2
KLATEN_KAYUMAS,DESA,NDEZNET_DESAQ2
KLATEN_TIBAYAN,DESA,NDEZNET_DESAQ2
KLATEN_JEMAWAN,DESA,NDEZNET_DESAQ2
KLATEN_RANDULANANG,DESA,NDEZNET_DESAQ2
KLATEN_WUNUT,DESA,NDEZNET_DESAQ2
KLATEN_DALEMAN,DESA,NDEZNET_DESAQ2
KLATEN_MALANGAN,DESA,NDEZNET_DESAQ2
KLATEN_TULUNG,DESA,NDEZNET_DESAQ2
KLATEN_SUDIMORO,DESA,NDEZNET_DESAQ2
KLATEN_MAJEGAN,DESA,NDEZNET_DESAQ2
KLATEN_BONO,DESA,NDEZNET_DESAQ2
KLATEN_POMAH,DESA,NDEZNET_DESAQ2
KLATEN_PONDOK,DESA,NDEZNET_DESAQ2
KLATEN_GLEDEG,DESA,NDEZNET_DESAQ2
KLATEN_JURANGJERO,DESA,NDEZNET_DESAQ2
KLATEN_PADAS,DESA,NDEZNET_DESAQ2
KLATEN_KARANGAN,DESA,NDEZNET_DESAQ2
KLATEN_BLANCERAN,DESA,NDEZNET_DESAQ2
KLATEN_TARUBASAN,DESA,NDEZNET_DESAQ2
KLATEN_KADIREJO,DESA,NDEZNET_DESAQ2
KLATEN_JUNGKARE,DESA,NDEZNET_DESAQ2
KLATEN_JAMBEYAN,DESA,NDEZNET_DESAQ2
KLATEN_SIDOHARJO,DESA,NDEZNET_DESAQ2
KLATEN_SIDOWAYAH,DESA,NDEZNET_DESAQ2
KLATEN_KEBONHARJO,DESA,NDEZNET_DESAQ2
KLATEN_KEPRABON,DESA,NDEZNET_DESAQ2
KLATEN_WANGEN,DESA,NDEZNET_DESAQ2
KLATEN_PONGGOK,DESA,NDEZNET_DESAQ2
KLATEN_POLAN,DESA,NDEZNET_DESAQ2
KLATEN_TURUS,DESA,NDEZNET_DESAQ2
KLATEN_JIMUS,DESA,NDEZNET_DESAQ2
KLATEN_NGANJAT,DESA,NDEZNET_DESAQ2
KLATEN_BORONGAN,DESA,NDEZNET_DESAQ2
KLATEN_KAHUMAN,DESA,NDEZNET_DESAQ2
KLATEN_KAPUNGAN,DESA,NDEZNET_DESAQ2
KLATEN_SEGARAN,DESA,NDEZNET_DESAQ2
KLATEN_KEPANJEN,DESA,NDEZNET_DESAQ2
KLATEN_TLOBONG,DESA,NDEZNET_DESAQ2
KLATEN_SABRANG,DESA,NDEZNET_DESAQ2
KLATEN_DELANGGU,DESA,NDEZNET_DESAQ2
KLATEN_SRIBIT,DESA,NDEZNET_DESAQ2
KLATEN_KARANG,DESA,NDEZNET_DESAQ2
KLATEN_BOWAN,DESA,NDEZNET_DESAQ2
KLATEN_BOLALI,DESA,NDEZNET_DESAQ2
KLATEN_TEGALGONDO,DESA,NDEZNET_DESAQ2
KLATEN_SEKARAN,DESA,NDEZNET_DESAQ2
KLATEN_BENTANGAN,DESA,NDEZNET_DESAQ2
KLATEN_TELOYO,DESA,NDEZNET_DESAQ2
KLATEN_KINGKANG,DESA,NDEZNET_DESAQ2
KLATEN_BULAN,DESA,NDEZNET_DESAQ2
KLATEN_BOTO,DESA,NDEZNET_DESAQ2
KLATEN_WADUNGGETAS,DESA,NDEZNET_DESAQ2
KLATEN_CARIKAN,DESA,NDEZNET_DESAQ2
KLATEN_KWARASAN,DESA,NDEZNET_DESAQ2
KLATEN_JUWIRING,DESA,NDEZNET_DESAQ2
KLATEN_PUNDUNGAN,DESA,NDEZNET_DESAQ2
KLATEN_JATEN,DESA,NDEZNET_DESAQ2
KLATEN_BULUREJO,DESA,NDEZNET_DESAQ2
KLATEN_KENAIBAN,DESA,NDEZNET_DESAQ2
KLATEN_BOLOPLERET,DESA,NDEZNET_DESAQ2
KLATEN_SERENAN,DESA,NDEZNET_DESAQ2
KLATEN_GONDANGSARI,DESA,NDEZNET_DESAQ2
KLATEN_KETITANG,DESA,NDEZNET_DESAQ2
KLATEN_JUWIRAN,DESA,NDEZNET_DESAQ2
KLATEN_BAKUNGAN,DESA,NDEZNET_DESAQ2
KLATEN_KUPANG,DESA,NDEZNET_DESAQ2
KLATEN_KARANGTALUN,DESA,NDEZNET_DESAQ2
KLATEN_BABADAN,DESA,NDEZNET_DESAQ2
KLATEN_PUGERAN,DESA,NDEZNET_DESAQ2
KLATEN_NGOLODONO,DESA,NDEZNET_DESAQ2
KLATEN_SENTONO,DESA,NDEZNET_DESAQ2
KLATEN_MUNGGUNG,DESA,NDEZNET_DESAQ2
KLATEN_KARANGDOWO,DESA,NDEZNET_DESAQ2
KLATEN_TAMBAK,DESA,NDEZNET_DESAQ2
KLATEN_SOKA,DESA,NDEZNET_DESAQ2
KLATEN_KALIGAWE,DESA,NDEZNET_DESAQ2
KLATEN_KALANGAN,DESA,NDEZNET_DESAQ2
KLATEN_KEDUNGAN,DESA,NDEZNET_DESAQ2
KLATEN_TAMBAKBOYO,DESA,NDEZNET_DESAQ2
KLATEN_BENDO,DESA,NDEZNET_DESAQ2
KLATEN_KEDEN,DESA,NDEZNET_DESAQ2
KLATEN_JETISWETAN,DESA,NDEZNET_DESAQ2
KLATEN_NGAREN,DESA,NDEZNET_DESAQ2
KLATEN_BEJI,DESA,NDEZNET_DESAQ2
KLATEN_TEMUWANGI,DESA,NDEZNET_DESAQ2
KLATEN_KUNCEN,DESA,NDEZNET_DESAQ2
KLATEN_NGAWONGGO,DESA,NDEZNET_DESAQ2
KLATEN_KLEPU,DESA,NDEZNET_DESAQ2
KLATEN_MEGER,DESA,NDEZNET_DESAQ2
KLATEN_JAMBUKULON,DESA,NDEZNET_DESAQ2
KLATEN_CEPER,DESA,NDEZNET_DESAQ2
KLATEN_CETAN,DESA,NDEZNET_DESAQ2
KLATEN_KURUNG,DESA,NDEZNET_DESAQ2
KLATEN_DLIMAS,DESA,NDEZNET_DESAQ2
KLATEN_POKAK,DESA,NDEZNET_DESAQ2
KLATEN_PASUNGAN,DESA,NDEZNET_DESAQ2
KLATEN_SREBEGAN,DESA,NDEZNET_DESAQ2
KLATEN_DRONO,DESA,NDEZNET_DESAQ2
KLATEN_CANDIREJO,DESA,NDEZNET_DESAQ2
KLATEN_MAYUNGAN,DESA,NDEZNET_DESAQ2
KLATEN_TEMPURSARI,DESA,NDEZNET_DESAQ2
KLATEN_PEPE,DESA,NDEZNET_DESAQ2
KLATEN_KWAREN,DESA,NDEZNET_DESAQ2
KLATEN_NGAWEN,DESA,NDEZNET_DESAQ2
KLATEN_SENDEN,DESA,NDEZNET_DESAQ2
KLATEN_MANJUNG,DESA,NDEZNET_DESAQ2
KLATEN_DEMAKIJO,DESA,NDEZNET_DESAQ2
KLATEN_JAGALAN,DESA,NDEZNET_DESAQ2
KLATEN_KADILAJO,DESA,NDEZNET_DESAQ2
KLATEN_BANYUAENG,DESA,NDEZNET_DESAQ2
KLATEN_GUMUL,DESA,NDEZNET_DESAQ2
KLATEN_KEBONALAS,DESA,NDEZNET_DESAQ2
KLATEN_TANJUNGSARI,DESA,NDEZNET_DESAQ2
KLATEN_BORANGAN,DESA,NDEZNET_DESAQ2
KLATEN_NANGSRI,DESA,NDEZNET_DESAQ2
KLATEN_TAMBAKAN,DESA,NDEZNET_DESAQ2
KLATEN_GRANTING,DESA,NDEZNET_DESAQ2
KLATEN_KRAGUMAN,DESA,NDEZNET_DESAQ2
KLATEN_PLAWIKAN,DESA,NDEZNET_DESAQ2
KLATEN_KARANGDUKUH,DESA,NDEZNET_DESAQ2
KLATEN_PAKAHAN,DESA,NDEZNET_DESAQ2
KLATEN_TANGKISAN POS,DESA,NDEZNET_DESAQ2
KLATEN_TITANG,DESA,NDEZNET_DESAQ2
KLATEN_SOMOPURO,DESA,NDEZNET_DESAQ2
KLATEN_MENDEN,DESA,NDEZNET_DESAQ2
KLATEN_NGRUNDUL,DESA,NDEZNET_DESAQ2
KLATEN_PLUNENG,DESA,NDEZNET_DESAQ2
KLATEN_GONDANG,DESA,NDEZNET_DESAQ2
KLATEN_BASIN,DESA,NDEZNET_DESAQ2
KLATEN_JOGOSETRAN,DESA,NDEZNET_DESAQ2
KLATEN_GEMBLEGAN,DESA,NDEZNET_DESAQ2
KLATEN_TAMBONGWETAN,DESA,NDEZNET_DESAQ2
KLATEN_KALIKOTES,DESA,NDEZNET_DESAQ2
KLATEN_JIMBUNG,DESA,NDEZNET_DESAQ2
KLATEN_PALAR,DESA,NDEZNET_DESAQ2
KLATEN_SUMBER,DESA,NDEZNET_DESAQ2
KLATEN_MANDONG,DESA,NDEZNET_DESAQ2
KLATEN_BERO,DESA,NDEZNET_DESAQ2
KLATEN_MIRENG,DESA,NDEZNET_DESAQ2
KLATEN_WONOSARI,DESA,NDEZNET_DESAQ2
KLATEN_JATIPURO,DESA,NDEZNET_DESAQ2
KLATEN_SABRANGLOR,DESA,NDEZNET_DESAQ2
KLATEN_KRADENAN,DESA,NDEZNET_DESAQ2
KLATEN_KALIKEBO,DESA,NDEZNET_DESAQ2
KLATEN_TRUCUK,DESA,NDEZNET_DESAQ2
KLATEN_GOMBANG,DESA,NDEZNET_DESAQ2
KLATEN_PLOSOWANGI,DESA,NDEZNET_DESAQ2
KLATEN_CAWAS,DESA,NDEZNET_DESAQ2
KLATEN_KEDUNGAMPEL,DESA,NDEZNET_DESAQ2
KLATEN_TUGU,DESA,NDEZNET_DESAQ2
KLATEN_NANGGULAN,DESA,NDEZNET_DESAQ2
KLATEN_WIRO,DESA,NDEZNET_DESAQ2
KLATEN_PASEBAN,DESA,NDEZNET_DESAQ2
KLATEN_BELUK,DESA,NDEZNET_DESAQ2
KLATEN_KALITENGAH,DESA,NDEZNET_DESAQ2
KLATEN_CANAN,DESA,NDEZNET_DESAQ2
KLATEN_GADUNGAN,DESA,NDEZNET_DESAQ2
KLATEN_PANDES,DESA,NDEZNET_DESAQ2
KLATEN_BIRIT,DESA,NDEZNET_DESAQ2
KLATEN_SEMBUNG,DESA,NDEZNET_DESAQ2
KLATEN_KADIBOLO,DESA,NDEZNET_DESAQ2
KLATEN_MELIKAN,DESA,NDEZNET_DESAQ2
KLATEN_PASUNG,DESA,NDEZNET_DESAQ2
KLATEN_JABUNG,DESA,NDEZNET_DESAQ2
KLATEN_CEPORAN,DESA,NDEZNET_DESAQ2
KLATEN_MURUH,DESA,NDEZNET_DESAQ2
KLATEN_MUTIHAN,DESA,NDEZNET_DESAQ2
KLATEN_GENTAN,DESA,NDEZNET_DESAQ2
KLATEN_KERTEN,DESA,NDEZNET_DESAQ2
KLATEN_JOHO,DESA,NDEZNET_DESAQ2
KLATEN_KEBONDALEM LOR,DESA,NDEZNET_DESAQ2
KLATEN_KOKOSAN,DESA,NDEZNET_DESAQ2
KLATEN_BUGISAN,DESA,NDEZNET_DESAQ2
KLATEN_TLOGO,DESA,NDEZNET_DESAQ2
KLATEN_GENENG,DESA,NDEZNET_DESAQ2
KLATEN_SANGGRAHAN,DESA,NDEZNET_DESAQ2
KLATEN_CUCUKAN,DESA,NDEZNET_DESAQ2
KLATEN_KOTESAN,DESA,NDEZNET_DESAQ2
KLATEN_PERENG,DESA,NDEZNET_DESAQ2
BOYOLALI_GENENGSARI,DESA,NDEZNET_DESAQ2
BOYOLALI_PELEMREJO,DESA,NDEZNET_DESAQ2
BOYOLALI_KADIPATEN,DESA,NDEZNET_DESAQ2
BOYOLALI_MUNGGUR,DESA,NDEZNET_DESAQ2
BOYOLALI_KACANGAN,DESA,NDEZNET_DESAQ2
BOYOLALI_PAKEL,DESA,NDEZNET_DESAQ2
BOYOLALI_BANYUURIP,DESA,NDEZNET_DESAQ2
BOYOLALI_KLEGO,DESA,NDEZNET_DESAQ2
BOYOLALI_BADE,DESA,NDEZNET_DESAQ2
BOYOLALI_BLUMBANG,DESA,NDEZNET_DESAQ2
BOYOLALI_SENDANG,DESA,NDEZNET_DESAQ2
BOYOLALI_TEGALSARI,DESA,NDEZNET_DESAQ2
BOYOLALI_BLAGUNG,DESA,NDEZNET_DESAQ2
BOYOLALI_KEDUNGLENGKONG,DESA,NDEZNET_DESAQ2
BOYOLALI_TETER,DESA,NDEZNET_DESAQ2
BOYOLALI_BENDUNGAN,DESA,NDEZNET_DESAQ2
BOYOLALI_GLONGGONG,DESA,NDEZNET_DESAQ2
BOYOLALI_KEYONGAN,DESA,NDEZNET_DESAQ2
BOYOLALI_BENDO,DESA,NDEZNET_DESAQ2
BOYOLALI_TEGALGIRI,DESA,NDEZNET_DESAQ2
BOYOLALI_GULI,DESA,NDEZNET_DESAQ2
BOYOLALI_REMBUN,DESA,NDEZNET_DESAQ2
BOYOLALI_JERON,DESA,NDEZNET_DESAQ2
BOYOLALI_KISMOYOSO,DESA,NDEZNET_DESAQ2
BOYOLALI_PANDEYAN,DESA,NDEZNET_DESAQ2
BOYOLALI_DONOHUDAN,DESA,NDEZNET_DESAQ2
BOYOLALI_GAGAKSIPAT,DESA,NDEZNET_DESAQ2
BOYOLALI_NGESREP,DESA,NDEZNET_DESAQ2
BOYOLALI_TAWENGAN,DESA,NDEZNET_DESAQ2
BOYOLALI_BABADAN,DESA,NDEZNET_DESAQ2
BOYOLALI_JAGOAN,DESA,NDEZNET_DESAQ2
BOYOLALI_SAMBI,DESA,NDEZNET_DESAQ2
BOYOLALI_CANDEN,DESA,NDEZNET_DESAQ2
BOYOLALI_GLINTANG,DESA,NDEZNET_DESAQ2
BOYOLALI_TRAYU,DESA,NDEZNET_DESAQ2
BOYOLALI_BANGAK,DESA,NDEZNET_DESAQ2
BOYOLALI_BANYUDONO,DESA,NDEZNET_DESAQ2
BOYOLALI_KETAON,DESA,NDEZNET_DESAQ2
BOYOLALI_BENDAN,DESA,NDEZNET_DESAQ2
BOYOLALI_NGARU-ARU,DESA,NDEZNET_DESAQ2
BOYOLALI_KARANGDUREN,DESA,NDEZNET_DESAQ2
BOYOLALI_GUWOKAJEN,DESA,NDEZNET_DESAQ2
BOYOLALI_CEPOKOSAWIT,DESA,NDEZNET_DESAQ2
BOYOLALI_KEMASAN,DESA,NDEZNET_DESAQ2
BOYOLALI_BENDOSARI,DESA,NDEZNET_DESAQ2
BOYOLALI_KATEGUHAN,DESA,NDEZNET_DESAQ2
BOYOLALI_MANJUNG,DESA,NDEZNET_DESAQ2
BOYOLALI_TEGALREJO,DESA,NDEZNET_DESAQ2
BOYOLALI_TAWANGSARI,DESA,NDEZNET_DESAQ2
BOYOLALI_GUMUKREJO,DESA,NDEZNET_DESAQ2
BOYOLALI_MOJOLEGI,DESA,NDEZNET_DESAQ2
BOYOLALI_RANDUSARI,DESA,NDEZNET_DESAQ2
BOYOLALI_BANGSALAN,DESA,NDEZNET_DESAQ2
BOYOLALI_NEPEN,DESA,NDEZNET_DESAQ2
BOYOLALI_DOPLANG,DESA,NDEZNET_DESAQ2
BOYOLALI_METUK,DESA,NDEZNET_DESAQ2
BOYOLALI_BRAJAN,DESA,NDEZNET_DESAQ2
BOYOLALI_KRAGILAN,DESA,NDEZNET_DESAQ2
BOYOLALI_MADU,DESA,NDEZNET_DESAQ2
BOYOLALI_JURUG,DESA,NDEZNET_DESAQ2
BOYOLALI_MUDAL,DESA,NDEZNET_DESAQ2
BOYOLALI_KARANGGENENG,DESA,NDEZNET_DESAQ2
BOYOLALI_KIRINGAN,DESA,NDEZNET_DESAQ2
BOYOLALI_WINONG,DESA,NDEZNET_DESAQ2
BOYOLALI_KEL. BANARAN,DESA,NDEZNET_DESAQ2
BOYOLALI_KEL. SISWODIPURAN,DESA,NDEZNET_DESAQ2
BOYOLALI_KEL. PULISEN,DESA,NDEZNET_DESAQ2
BOYOLALI_LANJARAN,DESA,NDEZNET_DESAQ2
BOYOLALI_SUKORAME,DESA,NDEZNET_DESAQ2
BOYOLALI_KEBONGULO,DESA,NDEZNET_DESAQ2
BOYOLALI_SRUNI,DESA,NDEZNET_DESAQ2
BOYOLALI_GUBUG,DESA,NDEZNET_DESAQ2
BOYOLALI_CEPOGO,DESA,NDEZNET_DESAQ2
BOYOLALI_GLADAGSARI,DESA,NDEZNET_DESAQ2
BOYOLALI_NGARGOSARI,DESA,NDEZNET_DESAQ2
BOYOLALI_TANDUK,DESA,NDEZNET_DESAQ2
MAGETAN_MRAHU,DESA,NDEZNET_DESAQ2
MAGETAN_GUNUNGAN,DESA,NDEZNET_DESAQ2
MAGETAN_NGELANG,DESA,NDEZNET_DESAQ2
MAGETAN_KARTOHARJO,DESA,NDEZNET_DESAQ2
MAGETAN_JONGGRANG,DESA,NDEZNET_DESAQ2
MAGETAN_KEL. MANGGE,DESA,NDEZNET_DESAQ2
MAGETAN_BLARAN,DESA,NDEZNET_DESAQ2
MAGETAN_KEL. TEBON,DESA,NDEZNET_DESAQ2
MAGETAN_BOGOREJO,DESA,NDEZNET_DESAQ2
MAGETAN_TEMBORO,DESA,NDEZNET_DESAQ2
MAGETAN_BOTOK,DESA,NDEZNET_DESAQ2
MAGETAN_MARON,DESA,NDEZNET_DESAQ2
MAGETAN_GRABAHAN,DESA,NDEZNET_DESAQ2
MAGETAN_PRAMPELAN,DESA,NDEZNET_DESAQ2
MAGETAN_PELEM,DESA,NDEZNET_DESAQ2
MAGETAN_KEL. MANISREJO,DESA,NDEZNET_DESAQ2
MAGETAN_GONDANG,DESA,NDEZNET_DESAQ2
MAGETAN_MANTREN,DESA,NDEZNET_DESAQ2
MAGETAN_KEL. MRANGGEN,DESA,NDEZNET_DESAQ2
MAGETAN_KEL. KRATON,DESA,NDEZNET_DESAQ2
MAGETAN_SUMBEREJO,DESA,NDEZNET_DESAQ2
MAGETAN_NGUJUNG,DESA,NDEZNET_DESAQ2
MAGETAN_RONOWIJAYAN,DESA,NDEZNET_DESAQ2
MAGETAN_SURATMAJAN,DESA,NDEZNET_DESAQ2
MAGETAN_PANDEYAN,DESA,NDEZNET_DESAQ2
MAGETAN_KEL. MAOSPATI,DESA,NDEZNET_DESAQ2
MAGETAN_MALANG,DESA,NDEZNET_DESAQ2
MAGETAN_GULUN,DESA,NDEZNET_DESAQ2
MAGETAN_TANJUNGSEPREH,DESA,NDEZNET_DESAQ2
MAGETAN_TEGALARUM,DESA,NDEZNET_DESAQ2
MAGETAN_BELOTAN,DESA,NDEZNET_DESAQ2
MAGETAN_KENTANGAN,DESA,NDEZNET_DESAQ2
MAGETAN_KEDUNGGUWO,DESA,NDEZNET_DESAQ2
MAGETAN_POJOKSARI,DESA,NDEZNET_DESAQ2
MAGETAN_BULU,DESA,NDEZNET_DESAQ2
MAGETAN_SUKOMORO,DESA,NDEZNET_DESAQ2
MAGETAN_TAMANAN,DESA,NDEZNET_DESAQ2
MAGETAN_KALANGKETI,DESA,NDEZNET_DESAQ2
MAGETAN_TANJUNGSARI,DESA,NDEZNET_DESAQ2
MAGETAN_CEPOKO,DESA,NDEZNET_DESAQ2
MAGETAN_SUMBERSAWIT,DESA,NDEZNET_DESAQ2
MAGETAN_WIDOROKANDANG,DESA,NDEZNET_DESAQ2
MAGETAN_SIDOREJO,DESA,NDEZNET_DESAQ2
MAGETAN_GETASANYAR,DESA,NDEZNET_DESAQ2
MAGETAN_SENDANGAGUNG,DESA,NDEZNET_DESAQ2
MAGETAN_KEL. PLAOSAN,DESA,NDEZNET_DESAQ2
MAGETAN_SUMBERDUKUN,DESA,NDEZNET_DESAQ2
MAGETAN_BARON,DESA,NDEZNET_DESAQ2
MAGETAN_KEL. TAWANGANOM,DESA,NDEZNET_DESAQ2
MAGETAN_KEL. KEPOLOREJO,DESA,NDEZNET_DESAQ2
MAGETAN_KEL. KEBONAGUNG,DESA,NDEZNET_DESAQ2
MAGETAN_KEL. TAMBRAN,DESA,NDEZNET_DESAQ2
MAGETAN_KEL. MANGKUJAYAN,DESA,NDEZNET_DESAQ2
MAGETAN_KEL. BULUKERTO,DESA,NDEZNET_DESAQ2
MAGETAN_KEL. MAGETAN,DESA,NDEZNET_DESAQ2
MAGETAN_KEL. SELOSARI,DESA,NDEZNET_DESAQ2
MAGETAN_RINGINAGUNG,DESA,NDEZNET_DESAQ2
MAGETAN_KEL. SAMPUNG,DESA,NDEZNET_DESAQ2
MAGETAN_KEL. KAWEDANAN,DESA,NDEZNET_DESAQ2
MAGETAN_TULUNG,DESA,NDEZNET_DESAQ2
MAGETAN_TLADAN,DESA,NDEZNET_DESAQ2
MAGETAN_PURWOREJO,DESA,NDEZNET_DESAQ2
MAGETAN_SIMBATAN,DESA,NDEZNET_DESAQ2
MAGETAN_DRIYOREJO,DESA,NDEZNET_DESAQ2
MAGETAN_KERANG,DESA,NDEZNET_DESAQ2
MAGETAN_WADUK,DESA,NDEZNET_DESAQ2
MAGETAN_KEPUHREJO,DESA,NDEZNET_DESAQ2
MAGETAN_KUWONHARJO,DESA,NDEZNET_DESAQ2
MAGETAN_KEL. TAKERAN,DESA,NDEZNET_DESAQ2
MAGETAN_SAWOJAJAR,DESA,NDEZNET_DESAQ2
MAGETAN_TAWANGREJO,DESA,NDEZNET_DESAQ2
MAGETAN_KROWE,DESA,NDEZNET_DESAQ2
MAGETAN_NGAGLIK,DESA,NDEZNET_DESAQ2
MAGETAN_BUNGKUK,DESA,NDEZNET_DESAQ2
MAGETAN_GENILANGIT,DESA,NDEZNET_DESAQ2
MAGETAN_KEL. ALASTUWO,DESA,NDEZNET_DESAQ2
MADIUN_BIBRIK,DESA,NDEZNET_DESAQ2
MADIUN_WAYUT,DESA,NDEZNET_DESAQ2
MADIUN_GROBOGAN,DESA,NDEZNET_DESAQ2
MADIUN_KWANGSEN,DESA,NDEZNET_DESAQ2
MADIUN_KINCANG WETAN,DESA,NDEZNET_DESAQ2
MADIUN_SUKOLILO,DESA,NDEZNET_DESAQ2
MADIUN_SAMBIREJO,DESA,NDEZNET_DESAQ2
MADIUN_GOLAN,DESA,NDEZNET_DESAQ2
MADIUN_KROKEH,DESA,NDEZNET_DESAQ2
MADIUN_BAKUR,DESA,NDEZNET_DESAQ2
MADIUN_KANUNG,DESA,NDEZNET_DESAQ2
MADIUN_BAGI,DESA,NDEZNET_DESAQ2
MADIUN_KEL. NGLAMES,DESA,NDEZNET_DESAQ2
MADIUN_BANJARSARI,DESA,NDEZNET_DESAQ2
MADIUN_SIRAPAN,DESA,NDEZNET_DESAQ2
MADIUN_BETEK,DESA,NDEZNET_DESAQ2
MADIUN_KEDUNGJATI,DESA,NDEZNET_DESAQ2
MADIUN_BABADAN LOR,DESA,NDEZNET_DESAQ2
MADIUN_TAPELAN,DESA,NDEZNET_DESAQ2
MADIUN_GADING,DESA,NDEZNET_DESAQ2
MADIUN_PURWOSARI,DESA,NDEZNET_DESAQ2
MADIUN_KLITIK,DESA,NDEZNET_DESAQ2
MADIUN_BANCONG,DESA,NDEZNET_DESAQ2
MADIUN_PLUMPUNGREJO,DESA,NDEZNET_DESAQ2
MADIUN_BANYUKAMBANG,DESA,NDEZNET_DESAQ2
MADIUN_KEL. BANGUNSARI,DESA,NDEZNET_DESAQ2
MADIUN_KEL. KRAJAN,DESA,NDEZNET_DESAQ2
MADIUN_DARMOREJO,DESA,NDEZNET_DESAQ2
MADIUN_WONOREJO,DESA,NDEZNET_DESAQ2
MADIUN_NGENGOR,DESA,NDEZNET_DESAQ2
MADIUN_KEDUNGBANTENG,DESA,NDEZNET_DESAQ2
MADIUN_MUNENG,DESA,NDEZNET_DESAQ2
MADIUN_PILANGKENCENG,DESA,NDEZNET_DESAQ2
MADIUN_BANDUNGAN,DESA,NDEZNET_DESAQ2
MADIUN_NAMPU,DESA,NDEZNET_DESAQ2
MADIUN_NGLAMBANGAN,DESA,NDEZNET_DESAQ2
MADIUN_NGLANDUK,DESA,NDEZNET_DESAQ2
MADIUN_TEMPURSARI,DESA,NDEZNET_DESAQ2
MADIUN_MOJORAYUNG,DESA,NDEZNET_DESAQ2
MADIUN_KRESEK,DESA,NDEZNET_DESAQ2
MADIUN_KEL. MUNGGUT,DESA,NDEZNET_DESAQ2
MADIUN_SUKOSARI,DESA,NDEZNET_DESAQ2
MADIUN_SEWULAN,DESA,NDEZNET_DESAQ2
MADIUN_BANJARSARI KULON,DESA,NDEZNET_DESAQ2
MADIUN_MRUWAK,DESA,NDEZNET_DESAQ2
MADIUN_JETIS,DESA,NDEZNET_DESAQ2
MADIUN_JOHO,DESA,NDEZNET_DESAQ2
MADIUN_DOLOPO,DESA,NDEZNET_DESAQ2
MADIUN_CANDIMULYO,DESA,NDEZNET_DESAQ2
MADIUN_KEL. MLILIR,DESA,NDEZNET_DESAQ2
MADIUN_KRANGGAN,DESA,NDEZNET_DESAQ2
MADIUN_KAIBON,DESA,NDEZNET_DESAQ2
MADIUN_KERTOSARI,DESA,NDEZNET_DESAQ2
MADIUN_SANGEN,DESA,NDEZNET_DESAQ2
MADIUN_PUTAT,DESA,NDEZNET_DESAQ2
MADIUN_JOGODAYUH,DESA,NDEZNET_DESAQ2
MADIUN_PAGOTAN,DESA,NDEZNET_DESAQ2
MADIUN_KLOROGAN,DESA,NDEZNET_DESAQ2
MADIUN_KRANDEGAN,DESA,NDEZNET_DESAQ2
MADIUN_PUCANGANOM,DESA,NDEZNET_DESAQ2
JEMBER_KEL. JEMBERLOR,DESA,NDEZNET_DESAQ2
JEMBER_KEL. GEBANG,DESA,NDEZNET_DESAQ2
JEMBER_KEL. SUMBERSARI,DESA,NDEZNET_DESAQ2
JEMBER_KEL. KEBONSARI,DESA,NDEZNET_DESAQ2
JEMBER_KEL. KEBONAGUNG,DESA,NDEZNET_DESAQ2
JEMBER_KEL. KALIWATES,DESA,NDEZNET_DESAQ2
JEMBER_KEL. SEMPUSARI,DESA,NDEZNET_DESAQ2
JEMBER_SUKOWONO,DESA,NDEZNET_DESAQ2
JEMBER_KALISAT,DESA,NDEZNET_DESAQ2
JEMBER_BITING,DESA,NDEZNET_DESAQ2
JEMBER_PANTI,DESA,NDEZNET_DESAQ2
JEMBER_BANGSALSARI,DESA,NDEZNET_DESAQ2
JEMBER_PETUNG,DESA,NDEZNET_DESAQ2
JEMBER_KARANGSONO,DESA,NDEZNET_DESAQ2
JEMBER_KETING,DESA,NDEZNET_DESAQ2
JEMBER_SEMBORO,DESA,NDEZNET_DESAQ2
JEMBER_REJOAGUNG,DESA,NDEZNET_DESAQ2
JEMBER_SIDOREJO,DESA,NDEZNET_DESAQ2
JEMBER_BALUNGKIDUL,DESA,NDEZNET_DESAQ2
JEMBER_TUTUL,DESA,NDEZNET_DESAQ2
JEMBER_RAMBIPUJI,DESA,NDEZNET_DESAQ2
JEMBER_PECORO,DESA,NDEZNET_DESAQ2
JEMBER_PANCAKARYA,DESA,NDEZNET_DESAQ2
JEMBER_MAYANG,DESA,NDEZNET_DESAQ2
JEMBER_TEGALREJO,DESA,NDEZNET_DESAQ2
JEMBER_KARANGHARJO,DESA,NDEZNET_DESAQ2
JEMBER_TEGALSARI,DESA,NDEZNET_DESAQ2
JEMBER_KARANGANYAR,DESA,NDEZNET_DESAQ2
JEMBER_AMBULU,DESA,NDEZNET_DESAQ2
JEMBER_DUKUHDEMPOK,DESA,NDEZNET_DESAQ2
JEMBER_LOJEJER,DESA,NDEZNET_DESAQ2
JEMBER_KASIYAN TIMUR,DESA,NDEZNET_DESAQ2
JEMBER_GRENDEN,DESA,NDEZNET_DESAQ2
JEMBER_MENAMPU,DESA,NDEZNET_DESAQ2
JEMBER_KRATON,DESA,NDEZNET_DESAQ2
TRENGGALEK_DERMOSARI,DESA,NDEZNET_DESAQ2
TRENGGALEK_JAMBU,DESA,NDEZNET_DESAQ2
TRENGGALEK_NGLONGSOR,DESA,NDEZNET_DESAQ2
TRENGGALEK_GONDANG,DESA,NDEZNET_DESAQ2
TRENGGALEK_TUMPUK,DESA,NDEZNET_DESAQ2
TRENGGALEK_NGEPEH,DESA,NDEZNET_DESAQ2
TRENGGALEK_SUKOSARI,DESA,NDEZNET_DESAQ2
TRENGGALEK_NGARES,DESA,NDEZNET_DESAQ2
TRENGGALEK_PARAKAN,DESA,NDEZNET_DESAQ2
TRENGGALEK_REJOWINANGUN,DESA,NDEZNET_DESAQ2
TRENGGALEK_KEL. SURODAKAN,DESA,NDEZNET_DESAQ2
TRENGGALEK_KEL. TAMANAN,DESA,NDEZNET_DESAQ2
TRENGGALEK_KEL. KELUTAN,DESA,NDEZNET_DESAQ2
TRENGGALEK_SAMBIREJO,DESA,NDEZNET_DESAQ2
TRENGGALEK_KARANGSOKO,DESA,NDEZNET_DESAQ2
TRENGGALEK_POGALAN,DESA,NDEZNET_DESAQ2
TRENGGALEK_NGADIRENGGO,DESA,NDEZNET_DESAQ2
TRENGGALEK_NGETAL,DESA,NDEZNET_DESAQ2
TRENGGALEK_BENDOREJO,DESA,NDEZNET_DESAQ2
TRENGGALEK_KEDUNGLURAH,DESA,NDEZNET_DESAQ2
TRENGGALEK_KENDALREJO,DESA,NDEZNET_DESAQ2
TRENGGALEK_PAKIS,DESA,NDEZNET_DESAQ2
TRENGGALEK_SUMBERGAYAM,DESA,NDEZNET_DESAQ2
TRENGGALEK_KARANGANOM,DESA,NDEZNET_DESAQ2
TRENGGALEK_MALASAN,DESA,NDEZNET_DESAQ2
TRENGGALEK_PANGGUNGSARI,DESA,NDEZNET_DESAQ2
TRENGGALEK_SUKORAME,DESA,NDEZNET_DESAQ2
TRENGGALEK_KRANDEGAN,DESA,NDEZNET_DESAQ2
TRENGGALEK_WONOANTI,DESA,NDEZNET_DESAQ2
TRENGGALEK_SURUH,DESA,NDEZNET_DESAQ2
TRENGGALEK_SALAMREJO,DESA,NDEZNET_DESAQ2
TRENGGALEK_KERJO,DESA,NDEZNET_DESAQ2
TRENGGALEK_KARANGAN,DESA,NDEZNET_DESAQ2
TRENGGALEK_KEDUNGSIGIT,DESA,NDEZNET_DESAQ2
TRENGGALEK_SUMBERINGIN,DESA,NDEZNET_DESAQ2
TRENGGALEK_PULE,DESA,NDEZNET_DESAQ2
TRENGGALEK_SUMBERBENING,DESA,NDEZNET_DESAQ2
TRENGGALEK_SENDEN,DESA,NDEZNET_DESAQ2
TRENGGALEK_WATULIMO,DESA,NDEZNET_DESAQ2
TRENGGALEK_NGRENCAK,DESA,NDEZNET_DESAQ2
PONOROGO_NGROGUNG,DESA,NDEZNET_DESAQ2
PONOROGO_NGRUPIT,DESA,NDEZNET_DESAQ2
PONOROGO_PURWOSARI,DESA,NDEZNET_DESAQ2
PONOROGO_PONDOK,DESA,NDEZNET_DESAQ2
PONOROGO_JAPAN,DESA,NDEZNET_DESAQ2
PONOROGO_KEL. KADIPATEN,DESA,NDEZNET_DESAQ2
PONOROGO_KEL. PATIHAN WETAN,DESA,NDEZNET_DESAQ2
PONOROGO_KEL. KERTOSARI,DESA,NDEZNET_DESAQ2
PONOROGO_KEL. KENITEN,DESA,NDEZNET_DESAQ2
PONOROGO_KEL. NOLOGATEN,DESA,NDEZNET_DESAQ2
PONOROGO_KEL. BANYUDONO,DESA,NDEZNET_DESAQ2
PONOROGO_KEL. MANGKUJAYAN,DESA,NDEZNET_DESAQ2
PONOROGO_KEL. PINGGIRSARI,DESA,NDEZNET_DESAQ2
PONOROGO_KEL. TAMANARUM,DESA,NDEZNET_DESAQ2
PONOROGO_KEL. BANGUNSARI,DESA,NDEZNET_DESAQ2
PONOROGO_KEL. TONATAN,DESA,NDEZNET_DESAQ2
PONOROGO_KEL. PURBOSUMAN,DESA,NDEZNET_DESAQ2
PONOROGO_KEL. SURODIKRAMAN,DESA,NDEZNET_DESAQ2
PONOROGO_KEL. PAKUNDEN,DESA,NDEZNET_DESAQ2
PONOROGO_KRANGGAN,DESA,NDEZNET_DESAQ2
PONOROGO_GOLAN,DESA,NDEZNET_DESAQ2
PONOROGO_NAMBANGREJO,DESA,NDEZNET_DESAQ2
PONOROGO_MOROSARI,DESA,NDEZNET_DESAQ2
PONOROGO_BRINGINAN,DESA,NDEZNET_DESAQ2
PONOROGO_KAUMAN,DESA,NDEZNET_DESAQ2
PONOROGO_MARON,DESA,NDEZNET_DESAQ2
PONOROGO_BRINGIN,DESA,NDEZNET_DESAQ2
PONOROGO_BALONG,DESA,NDEZNET_DESAQ2
PONOROGO_BAJANG,DESA,NDEZNET_DESAQ2
PONOROGO_KARANGGEBANG,DESA,NDEZNET_DESAQ2
PONOROGO_MOJOREJO,DESA,NDEZNET_DESAQ2
PONOROGO_COPER,DESA,NDEZNET_DESAQ2
PONOROGO_MOJOMATI,DESA,NDEZNET_DESAQ2
PONOROGO_KUTU KULON,DESA,NDEZNET_DESAQ2
PONOROGO_KEL. MANGUNSUMAN,DESA,NDEZNET_DESAQ2
PONOROGO_TAJUG,DESA,NDEZNET_DESAQ2
PONOROGO_SIMAN,DESA,NDEZNET_DESAQ2
PONOROGO_TRANJANG,DESA,NDEZNET_DESAQ2
PONOROGO_KEPUHRUBUH,DESA,NDEZNET_DESAQ2
PONOROGO_SEKARAN,DESA,NDEZNET_DESAQ2
PONOROGO_DEMANGAN,DESA,NDEZNET_DESAQ2
PONOROGO_JABUNG,DESA,NDEZNET_DESAQ2
PONOROGO_GANDU,DESA,NDEZNET_DESAQ2
PONOROGO_GONTOR,DESA,NDEZNET_DESAQ2
PONOROGO_SIWALAN,DESA,NDEZNET_DESAQ2
PONOROGO_NGRUKEM,DESA,NDEZNET_DESAQ2
PONOROGO_KESUGIHAN,DESA,NDEZNET_DESAQ2
PONOROGO_POMAHAN,DESA,NDEZNET_DESAQ2
PONOROGO_WOTAN,DESA,NDEZNET_DESAQ2
PONOROGO_SINGGAHAN,DESA,NDEZNET_DESAQ2
PONOROGO_SURU,DESA,NDEZNET_DESAQ2
PONOROGO_BANGSALAN,DESA,NDEZNET_DESAQ2
PONOROGO_SAMBIT,DESA,NDEZNET_DESAQ2
PONOROGO_BULU,DESA,NDEZNET_DESAQ2
PONOROGO_CAMPUREJO,DESA,NDEZNET_DESAQ2
PONOROGO_BANCANGAN,DESA,NDEZNET_DESAQ2
PONOROGO_BEDIWETAN,DESA,NDEZNET_DESAQ2
PONOROGO_KUPUK,DESA,NDEZNET_DESAQ2
PONOROGO_BANCAR,DESA,NDEZNET_DESAQ2
PONOROGO_BUNGKAL,DESA,NDEZNET_DESAQ2
PONOROGO_PELEM,DESA,NDEZNET_DESAQ2
PONOROGO_MOJOPITU,DESA,NDEZNET_DESAQ2
PONOROGO_JEBENG,DESA,NDEZNET_DESAQ2
PACITAN_BODAG,DESA,NDEZNET_DESAQ2
PACITAN_NGADIROJO,DESA,NDEZNET_DESAQ2
PACITAN_WIYORO,DESA,NDEZNET_DESAQ2
PACITAN_PAGEREJO,DESA,NDEZNET_DESAQ2
PACITAN_TANJUNGPURO,DESA,NDEZNET_DESAQ2
PACITAN_WONOANTI,DESA,NDEZNET_DESAQ2
PACITAN_PENGGUNG,DESA,NDEZNET_DESAQ2
PACITAN_JATIMALANG,DESA,NDEZNET_DESAQ2
PACITAN_GEMBONG,DESA,NDEZNET_DESAQ2
PACITAN_TREMAS,DESA,NDEZNET_DESAQ2
PACITAN_SEDAYU,DESA,NDEZNET_DESAQ2
PACITAN_BANJARJO,DESA,NDEZNET_DESAQ2
PACITAN_PURWOASRI,DESA,NDEZNET_DESAQ2
PACITAN_NANGGUNGAN,DESA,NDEZNET_DESAQ2
PACITAN_MENADI,DESA,NDEZNET_DESAQ2
PACITAN_TANJUNGSARI,DESA,NDEZNET_DESAQ2
PACITAN_KEL. PACITAN,DESA,NDEZNET_DESAQ2
PACITAN_KEL. PUCANGSEWU,DESA,NDEZNET_DESAQ2
PACITAN_KEL. BALEHARJO,DESA,NDEZNET_DESAQ2
PACITAN_ARJOWINANGUN,DESA,NDEZNET_DESAQ2
PACITAN_KEL. PLOSO,DESA,NDEZNET_DESAQ2
PACITAN_PRINGKUKU,DESA,NDEZNET_DESAQ2
PACITAN_PITON,DESA,NDEZNET_DESAQ2
KOTA BANDAR LAMPUNG_KEL. PERUMNAS WAY HALIM,DESA,NDEZNET_DESAQ2
KOTA BANDAR LAMPUNG_KEL. WAY HALIM PERMAI,DESA,NDEZNET_DESAQ2
KOTA BANDAR LAMPUNG_KEL. GUNUNGSULAH,DESA,NDEZNET_DESAQ2
KOTA BANDAR LAMPUNG_KEL. JAGABAYA III,DESA,NDEZNET_DESAQ2
KOTA BANDAR LAMPUNG_KEL. JAGABAYA II,DESA,NDEZNET_DESAQ2
KOTA BANDAR LAMPUNG_KEL. JAGABAYA I,DESA,NDEZNET_DESAQ2
KOTA BANDAR LAMPUNG_KEL. CAMPANG RAYA,DESA,NDEZNET_DESAQ2
KOTA BANDAR LAMPUNG_KEL. SUKABUMI,DESA,NDEZNET_DESAQ2
KOTA BANDAR LAMPUNG_KEL. SUKABUMI INDAH,DESA,NDEZNET_DESAQ2
KOTA BANDAR LAMPUNG_KEL. SUKARAME BARU,DESA,NDEZNET_DESAQ2
KOTA BANDAR LAMPUNG_KEL. WAY DADI BARU,DESA,NDEZNET_DESAQ2
KOTA BANDAR LAMPUNG_KEL. WAY DADI,DESA,NDEZNET_DESAQ2
KOTA BANDAR LAMPUNG_KEL. SUKARAME,DESA,NDEZNET_DESAQ2
KOTA BANDAR LAMPUNG_KEL. KAMPUNG BARU RAYA,DESA,NDEZNET_DESAQ2
KOTA BANDAR LAMPUNG_KEL. KOTA SEPANG,DESA,NDEZNET_DESAQ2
KOTA BANDAR LAMPUNG_KEL. LABUHAN RATU RAYA,DESA,NDEZNET_DESAQ2
KOTA BANDAR LAMPUNG_KEL. SEPANG JAYA,DESA,NDEZNET_DESAQ2
KOTA BANDAR LAMPUNG_KEL. KAMPUNG BARU,DESA,NDEZNET_DESAQ2
KOTA BANDAR LAMPUNG_KEL. LABUHAN RATU,DESA,NDEZNET_DESAQ2
KOTA BANDAR LAMPUNG_KEL. PEMATANG WANGI,DESA,NDEZNET_DESAQ2
KOTA BANDAR LAMPUNG_KEL. PERUMNAS WAY KANDIS,DESA,NDEZNET_DESAQ2
KOTA BANDAR LAMPUNG_KEL. WAY KANDIS,DESA,NDEZNET_DESAQ2
KOTA BANDAR LAMPUNG_KEL. TANJUNG SENANG,DESA,NDEZNET_DESAQ2
KOTA BANDAR LAMPUNG_KEL. LABUHAN DALAM,DESA,NDEZNET_DESAQ2
KOTA BANDAR LAMPUNG_KEL. RAJABASA NUNYAI,DESA,NDEZNET_DESAQ2
KOTA BANDAR LAMPUNG_KEL. RAJABASA PEMUKA,DESA,NDEZNET_DESAQ2
KOTA BANDAR LAMPUNG_KEL. RAJABASA JAYA,DESA,NDEZNET_DESAQ2
KOTA BANDAR LAMPUNG_KEL. RAJABASA RAYA,DESA,NDEZNET_DESAQ2
KOTA BANDAR LAMPUNG_KEL. RAJABASA,DESA,NDEZNET_DESAQ2
KOTA BANDAR LAMPUNG_KEL. GEDONG MENENG,DESA,NDEZNET_DESAQ2
KOTA BANDAR LAMPUNG_KEL. PENENGAHAN,DESA,NDEZNET_DESAQ2
KOTA BANDAR LAMPUNG_KEL. KEDATON,DESA,NDEZNET_DESAQ2
KOTA BANDAR LAMPUNG_KEL. SURABAYA,DESA,NDEZNET_DESAQ2
KOTA BANDAR LAMPUNG_KEL. SIDODADI,DESA,NDEZNET_DESAQ2
KOTA BANDAR LAMPUNG_KEL. SUKAMENANTI,DESA,NDEZNET_DESAQ2
KOTA BANDAR LAMPUNG_KEL. GUNUNGTERANG,DESA,NDEZNET_DESAQ2
KOTA BANDAR LAMPUNG_KEL. LANGKAPURA BARU,DESA,NDEZNET_DESAQ2
KOTA BANDAR LAMPUNG_KEL. KEMILING RAYA,DESA,NDEZNET_DESAQ2
KOTA BANDAR LAMPUNG_KEL. BERINGIN JAYA,DESA,NDEZNET_DESAQ2
KOTA BANDAR LAMPUNG_KEL. KEMILING PERMAI,DESA,NDEZNET_DESAQ2
KOTA BANDAR LAMPUNG_KEL. SUMBER REJO,DESA,NDEZNET_DESAQ2
KOTA BANDAR LAMPUNG_KEL. BERINGIN RAYA,DESA,NDEZNET_DESAQ2
KOTA BANDAR LAMPUNG_KEL. PINANG JAYA,DESA,NDEZNET_DESAQ2
KOTA BANDAR LAMPUNG_KEL. SEGALAMIDER,DESA,NDEZNET_DESAQ2
KOTA BANDAR LAMPUNG_KEL. SUKAJAWA,DESA,NDEZNET_DESAQ2
KOTA BANDAR LAMPUNG_KEL. SUSUNAN BARU,DESA,NDEZNET_DESAQ2
KOTA BANDAR LAMPUNG_KEL. PAHOMAN,DESA,NDEZNET_DESAQ2
KOTA BANDAR LAMPUNG_KEL. RAWALAUT,DESA,NDEZNET_DESAQ2
KOTA BANDAR LAMPUNG_KEL. ENGGAL,DESA,NDEZNET_DESAQ2
KOTA BANDAR LAMPUNG_KEL. PELITA,DESA,NDEZNET_DESAQ2
KOTA BANDAR LAMPUNG_KEL. PASIR GINTUNG,DESA,NDEZNET_DESAQ2
KOTA BANDAR LAMPUNG_KEL. KELAPA TIGA,DESA,NDEZNET_DESAQ2
KOTA BANDAR LAMPUNG_KEL. KALIAWI,DESA,NDEZNET_DESAQ2
KOTA BANDAR LAMPUNG_KEL. PALAPA,DESA,NDEZNET_DESAQ2
KOTA BANDAR LAMPUNG_KEL. GOTONG ROYONG,DESA,NDEZNET_DESAQ2
KOTA BANDAR LAMPUNG_KEL. DURIAN PAYUNG,DESA,NDEZNET_DESAQ2
KOTA BANDAR LAMPUNG_KEL. PENGAJARAN,DESA,NDEZNET_DESAQ2
KOTA BANDAR LAMPUNG_KEL. GULAK GALIK,DESA,NDEZNET_DESAQ2
KOTA BANDAR LAMPUNG_KEL. SUMUR BATU,DESA,NDEZNET_DESAQ2
KOTA BANDAR LAMPUNG_KEL. KUPANG RAYA,DESA,NDEZNET_DESAQ2
KOTA BANDAR LAMPUNG_KEL. KUPANG TEBA,DESA,NDEZNET_DESAQ2
KOTA BANDAR LAMPUNG_KEL. KUPANG KOTA,DESA,NDEZNET_DESAQ2
KOTA BANDAR LAMPUNG_KEL. TANJUNGAGUNG RAYA,DESA,NDEZNET_DESAQ2
KOTA BANDAR LAMPUNG_KEL. TANJUNGBARU,DESA,NDEZNET_DESAQ2
KOTA BANDAR LAMPUNG_KEL. KALIBALAU KENCANA,DESA,NDEZNET_DESAQ2
KOTA BANDAR LAMPUNG_KEL. KEDAMAIAN,DESA,NDEZNET_DESAQ2
KOTA BANDAR LAMPUNG_KEL. TANJUNGRAYA,DESA,NDEZNET_DESAQ2
KOTA BANDAR LAMPUNG_KEL. SAWAH LAMA,DESA,NDEZNET_DESAQ2
KOTA BANDAR LAMPUNG_KEL. KOTA BARU,DESA,NDEZNET_DESAQ2
KOTA BANDAR LAMPUNG_KEL. KARANG MARITIM,DESA,NDEZNET_DESAQ2
KOTA BANDAR LAMPUNG_KEL. PIDADA,DESA,NDEZNET_DESAQ2
KOTA BANDAR LAMPUNG_KEL. PANJANG UTARA,DESA,NDEZNET_DESAQ2
KOTA BANDAR LAMPUNG_KEL. PANJANG SELATAN,DESA,NDEZNET_DESAQ2
KOTA BANDAR LAMPUNG_KEL. SRENGSEM,DESA,NDEZNET_DESAQ2
KOTA BANDAR LAMPUNG_KEL. GARUNTANG,DESA,NDEZNET_DESAQ2
KOTA BANDAR LAMPUNG_KEL. SUKARAJA,DESA,NDEZNET_DESAQ2
KOTA BANDAR LAMPUNG_KEL. BUMI WARAS,DESA,NDEZNET_DESAQ2
KOTA BANDAR LAMPUNG_KEL. KANGKUNG,DESA,NDEZNET_DESAQ2
KOTA BANDAR LAMPUNG_KEL. GUNUNGMAS,DESA,NDEZNET_DESAQ2
KOTA BANDAR LAMPUNG_KEL. TELUKBETUNG,DESA,NDEZNET_DESAQ2
KOTA BANDAR LAMPUNG_KEL. PESAWAHAN,DESA,NDEZNET_DESAQ2
KOTA BANDAR LAMPUNG_KEL. TALANG,DESA,NDEZNET_DESAQ2
KOTA BANDAR LAMPUNG_KEL. GEDONG PAKUON,DESA,NDEZNET_DESAQ2
KOTA BANDAR LAMPUNG_KEL. KOTA KARANG RAYA,DESA,NDEZNET_DESAQ2
KOTA BANDAR LAMPUNG_KEL. WAY TATAAN,DESA,NDEZNET_DESAQ2
KOTA BANDAR LAMPUNG_KEL. PARWATA,DESA,NDEZNET_DESAQ2
KOTA BANDAR LAMPUNG_KEL. KOTA KARANG,DESA,NDEZNET_DESAQ2
KOTA BANDAR LAMPUNG_KEL. NEGERI OLOK GADING,DESA,NDEZNET_DESAQ2
KOTA BANDAR LAMPUNG_KEL. KURIPAN,DESA,NDEZNET_DESAQ2
KOTA BANDAR LAMPUNG_KEL. BAKUNG,DESA,NDEZNET_DESAQ2
LAMPUNG SELATAN_BAKAUHENI,DESA,NDEZNET_DESAQ2
LAMPUNG SELATAN_KELAWI,DESA,NDEZNET_DESAQ2
LAMPUNG SELATAN_KETAPANG,DESA,NDEZNET_DESAQ2
LAMPUNG SELATAN_SUMUR,DESA,NDEZNET_DESAQ2
LAMPUNG SELATAN_KUALA SEKAMPUNG,DESA,NDEZNET_DESAQ2
LAMPUNG SELATAN_SUKAPURA,DESA,NDEZNET_DESAQ2
LAMPUNG SELATAN_PALAS PASEMAH,DESA,NDEZNET_DESAQ2
LAMPUNG SELATAN_SUKAMULYA,DESA,NDEZNET_DESAQ2
LAMPUNG SELATAN_BANGUNAN,DESA,NDEZNET_DESAQ2
LAMPUNG SELATAN_TANJUNG GADING,DESA,NDEZNET_DESAQ2
LAMPUNG SELATAN_BETUNG,DESA,NDEZNET_DESAQ2
LAMPUNG SELATAN_NEGERI PANDAN,DESA,NDEZNET_DESAQ2
LAMPUNG SELATAN_KEL. WAY URANG,DESA,NDEZNET_DESAQ2
LAMPUNG SELATAN_SUKARATU,DESA,NDEZNET_DESAQ2
LAMPUNG SELATAN_BABULANG,DESA,NDEZNET_DESAQ2
LAMPUNG SELATAN_KECAPI,DESA,NDEZNET_DESAQ2
LAMPUNG SELATAN_PEMATANG,DESA,NDEZNET_DESAQ2
LAMPUNG SELATAN_BUAH BERAK,DESA,NDEZNET_DESAQ2
LAMPUNG SELATAN_KEL. KALIANDA,DESA,NDEZNET_DESAQ2
LAMPUNG SELATAN_KEL. BUMI AGUNG,DESA,NDEZNET_DESAQ2
LAMPUNG SELATAN_PAUH TANJUNG IMAN,DESA,NDEZNET_DESAQ2
LAMPUNG SELATAN_KOTA DALAM,DESA,NDEZNET_DESAQ2
LAMPUNG SELATAN_SIDODADI,DESA,NDEZNET_DESAQ2
LAMPUNG SELATAN_SIDOREJO,DESA,NDEZNET_DESAQ2
LAMPUNG SELATAN_TANJUNGAN,DESA,NDEZNET_DESAQ2
LAMPUNG SELATAN_PARDASUKA,DESA,NDEZNET_DESAQ2
LAMPUNG SELATAN_BABATAN,DESA,NDEZNET_DESAQ2
LAMPUNG SELATAN_MANDAH,DESA,NDEZNET_DESAQ2
LAMPUNG SELATAN_HADUYANG,DESA,NDEZNET_DESAQ2
LAMPUNG SELATAN_BRANTI RAYA,DESA,NDEZNET_DESAQ2
LAMPUNG SELATAN_BANDAREJO,DESA,NDEZNET_DESAQ2
LAMPUNG SELATAN_CANDI MAS,DESA,NDEZNET_DESAQ2
LAMPUNG SELATAN_BUMI SARI,DESA,NDEZNET_DESAQ2
LAMPUNG SELATAN_NEGARA RATU,DESA,NDEZNET_DESAQ2
LAMPUNG SELATAN_MERAK BATIN,DESA,NDEZNET_DESAQ2
LAMPUNG SELATAN_NATAR,DESA,NDEZNET_DESAQ2
LAMPUNG SELATAN_PEMANGGILAN,DESA,NDEZNET_DESAQ2
LAMPUNG SELATAN_HAJIMENA,DESA,NDEZNET_DESAQ2
PADANG PARIAMAN_SUNGAI BULUAH,DESA,NDEZNET_DESAQ2
PADANG PARIAMAN_BUAYAN LUBUK ALUNG,DESA,NDEZNET_DESAQ2
PADANG PARIAMAN_SUNGAI BULUAH SELATAN,DESA,NDEZNET_DESAQ2
PADANG PARIAMAN_PASIE LAWEH LUBUK ALUNG,DESA,NDEZNET_DESAQ2
PADANG PARIAMAN_PUNGGUANG KASIAK LUBUK ALUNG,DESA,NDEZNET_DESAQ2
PADANG PARIAMAN_SUNGAI ABANG LUBUK ALUNG,DESA,NDEZNET_DESAQ2
PADANG PARIAMAN_SUNGAI GIMBA ULAKAN,DESA,NDEZNET_DESAQ2
PADANG PARIAMAN_KAMPUANG GELAPUANG ULAKAN,DESA,NDEZNET_DESAQ2
PADANG PARIAMAN_PADANG BINTUNGAN,DESA,NDEZNET_DESAQ2
PADANG PARIAMAN_KURAI TAJI,DESA,NDEZNET_DESAQ2
PADANG PARIAMAN_SUNGAI ASAM,DESA,NDEZNET_DESAQ2
PADANG PARIAMAN_GADUR,DESA,NDEZNET_DESAQ2
PADANG PARIAMAN_PAKANDANGAN,DESA,NDEZNET_DESAQ2
PADANG PARIAMAN_KAYU TANAM,DESA,NDEZNET_DESAQ2
PADANG PARIAMAN_SUNGAI DURIAN,DESA,NDEZNET_DESAQ2
PADANG PARIAMAN_CAMPAGO,DESA,NDEZNET_DESAQ2
PADANG PARIAMAN_CAMPAGO SELATAN,DESA,NDEZNET_DESAQ2
PADANG PARIAMAN_KURANJI HULU,DESA,NDEZNET_DESAQ2
PADANG PARIAMAN_III KOTO AUR MALINTANG UTARA,DESA,NDEZNET_DESAQ2
AGAM_TIKU UTARA,DESA,NDEZNET_DESAQ2
AGAM_BATU KAMBING,DESA,NDEZNET_DESAQ2
AGAM_MANINJAU,DESA,NDEZNET_DESAQ2
AGAM_PANINJAUAN,DESA,NDEZNET_DESAQ2
AGAM_TIGO BALAI,DESA,NDEZNET_DESAQ2
AGAM_SIANOK ANAM SUKU,DESA,NDEZNET_DESAQ2
AGAM_KOTO GADANG,DESA,NDEZNET_DESAQ2
AGAM_GUGUK TABEK SARAJO,DESA,NDEZNET_DESAQ2
AGAM_PAKAN SINAYAN,DESA,NDEZNET_DESAQ2
AGAM_PADANG LUA,DESA,NDEZNET_DESAQ2
AGAM_CINGKARIANG,DESA,NDEZNET_DESAQ2
AGAM_LADANG LAWEH,DESA,NDEZNET_DESAQ2
AGAM_TALUAK AMPEK SUKU,DESA,NDEZNET_DESAQ2
AGAM_KUBANG PUTIAH,DESA,NDEZNET_DESAQ2
AGAM_BATU PALANO,DESA,NDEZNET_DESAQ2
AGAM_BATAGAK,DESA,NDEZNET_DESAQ2
AGAM_SUNGAI PUA,DESA,NDEZNET_DESAQ2
AGAM_BATU TABA,DESA,NDEZNET_DESAQ2
AGAM_PASIA,DESA,NDEZNET_DESAQ2
AGAM_BALAI GURAH,DESA,NDEZNET_DESAQ2
AGAM_AMPANG GADANG,DESA,NDEZNET_DESAQ2
AGAM_BIARO GADANG,DESA,NDEZNET_DESAQ2
AGAM_LAMBAH,DESA,NDEZNET_DESAQ2
AGAM_PANAMPUNG,DESA,NDEZNET_DESAQ2
AGAM_CANDUANG KOTO LAWEH,DESA,NDEZNET_DESAQ2
AGAM_TABEK PANJANG,DESA,NDEZNET_DESAQ2
AGAM_GADUT,DESA,NDEZNET_DESAQ2
AGAM_KAPAU,DESA,NDEZNET_DESAQ2
AGAM_KOTO TANGAH,DESA,NDEZNET_DESAQ2
AGAM_KAMANG MUDIAK,DESA,NDEZNET_DESAQ2
KOTA PARIAMAN_MARUNGGI,DESA,NDEZNET_DESAQ2
KOTA PARIAMAN_SIKABU,DESA,NDEZNET_DESAQ2
KOTA PARIAMAN_BATANG TAJONGKEK,DESA,NDEZNET_DESAQ2
KOTA PARIAMAN_BALAI KURAI TAJI,DESA,NDEZNET_DESAQ2
KOTA PARIAMAN_PAUH KURAI TAJI,DESA,NDEZNET_DESAQ2
KOTA PARIAMAN_SIMPANG,DESA,NDEZNET_DESAQ2
KOTA PARIAMAN_TOBOH PALABAH,DESA,NDEZNET_DESAQ2
KOTA PARIAMAN_RAMBAI,DESA,NDEZNET_DESAQ2
KOTA PARIAMAN_PUNGGUNG LADING,DESA,NDEZNET_DESAQ2
KOTA PARIAMAN_KEL. KARAN AUR,DESA,NDEZNET_DESAQ2
KOTA PARIAMAN_KEL. JALAN BARU,DESA,NDEZNET_DESAQ2
KOTA PARIAMAN_KEL. JALAN KERETA API,DESA,NDEZNET_DESAQ2
KOTA PARIAMAN_CIMPARUH,DESA,NDEZNET_DESAQ2
KOTA PARIAMAN_KEL. ALAI GELOMBANG,DESA,NDEZNET_DESAQ2
KOTA PARIAMAN_KEL. TARATAK,DESA,NDEZNET_DESAQ2
KOTA PARIAMAN_KAMPUNG BARU,DESA,NDEZNET_DESAQ2
KOTA PARIAMAN_KEL. LOHONG,DESA,NDEZNET_DESAQ2
KOTA PARIAMAN_KEL. PASIR,DESA,NDEZNET_DESAQ2
KOTA PARIAMAN_KEL. KAMPUNG PERAK,DESA,NDEZNET_DESAQ2
KOTA PARIAMAN_KEL. PONDOK II,DESA,NDEZNET_DESAQ2
KOTA PARIAMAN_KEL. JAWI JAWI I,DESA,NDEZNET_DESAQ2
KOTA PARIAMAN_KEL. JAWI JAWI II,DESA,NDEZNET_DESAQ2
KOTA PARIAMAN_KEL. KAMPUNG JAWA II,DESA,NDEZNET_DESAQ2
KOTA PARIAMAN_KEL. KAMPUNG JAWA I,DESA,NDEZNET_DESAQ2
KOTA PARIAMAN_KEL. KAMPUNG PONDOK,DESA,NDEZNET_DESAQ2
KOTA PARIAMAN_PAUH BARAT,DESA,NDEZNET_DESAQ2
KOTA PARIAMAN_PAUH TIMUR,DESA,NDEZNET_DESAQ2
KOTA PARIAMAN_RAWANG,DESA,NDEZNET_DESAQ2
KOTA PARIAMAN_KEL. JATI HILIR,DESA,NDEZNET_DESAQ2
KOTA PARIAMAN_JATI MUDIK,DESA,NDEZNET_DESAQ2
KOTA PARIAMAN_KAMPUNG GADANG,DESA,NDEZNET_DESAQ2
KOTA PARIAMAN_BATO,DESA,NDEZNET_DESAQ2
KOTA PARIAMAN_BUNGO TANJUNG,DESA,NDEZNET_DESAQ2
KOTA PARIAMAN_KAMPUNG TANGAH,DESA,NDEZNET_DESAQ2
KOTA PARIAMAN_SUNGAI PASAK,DESA,NDEZNET_DESAQ2
KOTA PARIAMAN_CUBADAK MENTAWAI,DESA,NDEZNET_DESAQ2
KOTA PARIAMAN_KAMPUNG BARU PADUSUNAN,DESA,NDEZNET_DESAQ2
KOTA PARIAMAN_AMPALU,DESA,NDEZNET_DESAQ2
KOTA PARIAMAN_APAR,DESA,NDEZNET_DESAQ2
KOTA PARIAMAN_MANGGUNG,DESA,NDEZNET_DESAQ2
KOTA PARIAMAN_NARAS HILIR,DESA,NDEZNET_DESAQ2
KOTA PARIAMAN_BALAI NARAS,DESA,NDEZNET_DESAQ2
KOTA PARIAMAN_PADANG BIRIK BIRIK,DESA,NDEZNET_DESAQ2
AGAM_KOTO TUO,DESA,NDEZNET_DESAQ2
AGAM_BALINGKA,DESA,NDEZNET_DESAQ2
AGAM_KOTO PANJANG,DESA,NDEZNET_DESAQ2
AGAM_SALO,DESA,NDEZNET_DESAQ2
AGAM_TIKU LIMO JORONG,DESA,NDEZNET_DESAQ2
AGAM_SITANANG,DESA,NDEZNET_DESAQ2
AGAM_LAWANG,DESA,NDEZNET_DESAQ2
AGAM_PASIA LAWEH,DESA,NDEZNET_DESAQ2
AGAM_PADANG TAROK,DESA,NDEZNET_DESAQ2
AGAM_KAMPUNG PINANG,DESA,NDEZNET_DESAQ2
AGAM_SUNGAI BATANG,DESA,NDEZNET_DESAQ2
AGAM_SALAREH AIA,DESA,NDEZNET_DESAQ2
AGAM_KAMPUNG TANGAH,DESA,NDEZNET_DESAQ2
AGAM_BAWAN,DESA,NDEZNET_DESAQ2
AGAM_TIKU SELATAN,DESA,NDEZNET_DESAQ2
AGAM_KOTO BARU,DESA,NDEZNET_DESAQ2
AGAM_MAGEK,DESA,NDEZNET_DESAQ2
AGAM_PADANG LAWEH,DESA,NDEZNET_DESAQ2
AGAM_KOTO TINGGI,DESA,NDEZNET_DESAQ2
AGAM_KOTO MALINTANG,DESA,NDEZNET_DESAQ2
AGAM_MANGGOPOH,DESA,NDEZNET_DESAQ2
AGAM_SIMARASOK,DESA,NDEZNET_DESAQ2
AGAM_LUBUK BASUNG,DESA,NDEZNET_DESAQ2
AGAM_BAYUA,DESA,NDEZNET_DESAQ2
AGAM_DUO KOTO,DESA,NDEZNET_DESAQ2
AGAM_MATUA MUDIAK,DESA,NDEZNET_DESAQ2
AGAM_LASI,DESA,NDEZNET_DESAQ2
AGAM_GERAGAHAN,DESA,NDEZNET_DESAQ2
AGAM_KOTO KACIAK,DESA,NDEZNET_DESAQ2
AGAM_MATUA HILIA,DESA,NDEZNET_DESAQ2
AGAM_SARIAK,DESA,NDEZNET_DESAQ2
AGAM_BUKIK BATABUAH,DESA,NDEZNET_DESAQ2
AGAM_KAMANG HILIA,DESA,NDEZNET_DESAQ2
AGAM_SUNGAI LANDIA,DESA,NDEZNET_DESAQ2
AGAM_PANTA PAUH,DESA,NDEZNET_DESAQ2
AGAM_MALALAK SELATAN,DESA,NDEZNET_DESAQ2
AGAM_MALALAK BARAT,DESA,NDEZNET_DESAQ2
AGAM_MALALAK TIMUR,DESA,NDEZNET_DESAQ2
AGAM_MALALAK UTARA,DESA,NDEZNET_DESAQ2
AGAM_BARINGIN,DESA,NDEZNET_DESAQ2
AGAM_SUNGAI PUAR,DESA,NDEZNET_DESAQ2
AGAM_SIPINANG,DESA,NDEZNET_DESAQ2
AGAM_TIGO KOTO SILUNGKANG,DESA,NDEZNET_DESAQ2
AGAM_KOTO RANTANG,DESA,NDEZNET_DESAQ2
AGAM_PAGADIH,DESA,NDEZNET_DESAQ2
AGAM_NAN TUJUAH,DESA,NDEZNET_DESAQ2
AGAM_SITALANG,DESA,NDEZNET_DESAQ2
AGAM_TANJUNG SANI,DESA,NDEZNET_DESAQ2
AGAM_PARIK PANJANG,DESA,NDEZNET_DESAQ2
AGAM_SUNGAI TANANG,DESA,NDEZNET_DESAQ2
LAMPUNG SELATAN_TALANG BARU,DESA,NDEZNET_DESAQ2
LAMPUNG SELATAN_TANJUNG AGUNG,DESA,NDEZNET_DESAQ2
LAMPUNG SELATAN_KARANG RAJA,DESA,NDEZNET_DESAQ2
LAMPUNG SELATAN_SUKAJAYA,DESA,NDEZNET_DESAQ2
JEMBER_AJUNG,DESA,NDEZNET_DESAQ2
JEMBER_ARJASA,DESA,NDEZNET_DESAQ2
JEMBER_JAMBEARUM,DESA,NDEZNET_DESAQ2
KARANGANYAR_DAYU,DESA,NDEZNET_DESAQ2
KARANGANYAR_JATIKUWUNG,DESA,NDEZNET_DESAQ2
KARANGANYAR_JATIREJO,DESA,NDEZNET_DESAQ2
KLATEN_KARANGANOM,DESA,NDEZNET_DESAQ2
KLATEN_KRANGGAN,DESA,NDEZNET_DESAQ2
KLATEN_TAJI,DESA,NDEZNET_DESAQ2
LAMPUNG SELATAN_SIDOSARI,DESA,NDEZNET_DESAQ2
MAGETAN_BOGEM,DESA,NDEZNET_DESAQ2
PACITAN_WIDORO,DESA,NDEZNET_DESAQ2
PONOROGO_KUNTI,DESA,NDEZNET_DESAQ2
SUKOHARJO_GENTAN,DESA,NDEZNET_DESAQ2
NGAWI_BABADAN,DESA,NDEZNET_DESAQ2
NGAWI_KASREMAN,DESA,NDEZNET_DESAQ2
WONOGIRI_BULUREJO,DESA,NDEZNET_DESAQ2
WONOGIRI_JOHO,DESA,NDEZNET_DESAQ2
WONOGIRI_SIDOREJO,DESA,NDEZNET_DESAQ2
JEMBER_GLAGAHWERO,DESA,NDEZNET_DESAQ2
KARANGANYAR_WONOREJO,DESA,NDEZNET_DESAQ2
KLATEN_DUKUH,DESA,NDEZNET_DESAQ2
KLATEN_GATAK,DESA,NDEZNET_DESAQ2
KLATEN_JETIS,DESA,NDEZNET_DESAQ2
KLATEN_KRAJAN,DESA,NDEZNET_DESAQ2
KLATEN_MLESE,DESA,NDEZNET_DESAQ2
KLATEN_NGEMPLAK,DESA,NDEZNET_DESAQ2
KLATEN_SUKOREJO,DESA,NDEZNET_DESAQ2
LAMPUNG SELATAN_KARANG SARI,DESA,NDEZNET_DESAQ2
LAMPUNG SELATAN_SUKARAJA,DESA,NDEZNET_DESAQ2
MADIUN_BANARAN,DESA,NDEZNET_DESAQ2
MADIUN_REJOSARI,DESA,NDEZNET_DESAQ2
MADIUN_SIDOREJO,DESA,NDEZNET_DESAQ2
MADIUN_TANJUNGREJO,DESA,NDEZNET_DESAQ2
MAGETAN_MANJUNG,DESA,NDEZNET_DESAQ2
MAGETAN_NGUNUT,DESA,NDEZNET_DESAQ2
PACITAN_BANGUNSARI,DESA,NDEZNET_DESAQ2
PACITAN_MANTREN,DESA,NDEZNET_DESAQ2
PONOROGO_JENANGAN,DESA,NDEZNET_DESAQ2
PONOROGO_SEMANDING,DESA,NDEZNET_DESAQ2
PONOROGO_SIDOHARJO,DESA,NDEZNET_DESAQ2
SUKOHARJO_BULU,DESA,NDEZNET_DESAQ2
TRENGGALEK_BESUKI,DESA,NDEZNET_DESAQ2
TRENGGALEK_SAWAHAN,DESA,NDEZNET_DESAQ2
TRENGGALEK_WONOCOYO,DESA,NDEZNET_DESAQ2
WONOGIRI_SENDANG,DESA,NDEZNET_DESAQ2
WONOGIRI_SUGIHAN,DESA,NDEZNET_DESAQ2
JEMBER_SUKOREJO,DESA,NDEZNET_DESAQ2
KARANGANYAR_KARANGBANGUN,DESA,NDEZNET_DESAQ2
LAMPUNG SELATAN_SUKAMAJU,DESA,NDEZNET_DESAQ2
MADIUN_KEBONAGUNG,DESA,NDEZNET_DESAQ2
MADIUN_SIDOMULYO,DESA,NDEZNET_DESAQ2
MAGETAN_DUKUH,DESA,NDEZNET_DESAQ2
MAGETAN_SUKOWIDI,DESA,NDEZNET_DESAQ2
NGAWI_TAMBAKROMO,DESA,NDEZNET_DESAQ2
PACITAN_KLEPU,DESA,NDEZNET_DESAQ2
TRENGGALEK_MASARAN,DESA,NDEZNET_DESAQ2
TRENGGALEK_WATUAGUNG,DESA,NDEZNET_DESAQ2
WONOGIRI_JATIREJO,DESA,NDEZNET_DESAQ2
WONOGIRI_PULE,DESA,NDEZNET_DESAQ2
WONOGIRI_SAMBIREJO,DESA,NDEZNET_DESAQ2
WONOGIRI_SUMBEREJO,DESA,NDEZNET_DESAQ2
JEMBER_PATEMON,DESA,NDEZNET_DESAQ2
KARANGANYAR_KEBAK,DESA,NDEZNET_DESAQ2
KARANGANYAR_PLOSOREJO,DESA,NDEZNET_DESAQ2
KLATEN_BRANGKAL,DESA,NDEZNET_DESAQ2
KLATEN_DUWET,DESA,NDEZNET_DESAQ2
KLATEN_TEGALREJO,DESA,NDEZNET_DESAQ2
NGAWI_BADERAN,DESA,NDEZNET_DESAQ2
NGAWI_DADAPAN,DESA,NDEZNET_DESAQ2
NGAWI_DAWU,DESA,NDEZNET_DESAQ2
NGAWI_DUNGMIRI,DESA,NDEZNET_DESAQ2
NGAWI_GEMARANG,DESA,NDEZNET_DESAQ2
NGAWI_GENDINGAN,DESA,NDEZNET_DESAQ2
NGAWI_HARGOMULYO,DESA,NDEZNET_DESAQ2
NGAWI_JATIPURO,DESA,NDEZNET_DESAQ2
NGAWI_KARANGMALANG,DESA,NDEZNET_DESAQ2
NGAWI_KARANGREJO,DESA,NDEZNET_DESAQ2
NGAWI_KARANGSONO,DESA,NDEZNET_DESAQ2
NGAWI_KAWU,DESA,NDEZNET_DESAQ2
NGAWI_KAYUTREJO,DESA,NDEZNET_DESAQ2
NGAWI_KEL. KARANGTENGAH,DESA,NDEZNET_DESAQ2
NGAWI_KEL. MARGOMULYO,DESA,NDEZNET_DESAQ2
NGAWI_KERASWETAN,DESA,NDEZNET_DESAQ2
NGAWI_KETANGGUNG,DESA,NDEZNET_DESAQ2
NGAWI_KRANDEGAN,DESA,NDEZNET_DESAQ2
NGAWI_KWADUNGAN,DESA,NDEZNET_DESAQ2
NGAWI_LEGOKULON,DESA,NDEZNET_DESAQ2
NGAWI_MANISHARJO,DESA,NDEZNET_DESAQ2
NGAWI_MUNGGUT,DESA,NDEZNET_DESAQ2
NGAWI_NGAWI,DESA,NDEZNET_DESAQ2
NGAWI_NGRAMBE,DESA,NDEZNET_DESAQ2
NGAWI_PACING,DESA,NDEZNET_DESAQ2
NGAWI_PADAS,DESA,NDEZNET_DESAQ2
NGAWI_PARON,DESA,NDEZNET_DESAQ2
NGAWI_PELANGKIDUL,DESA,NDEZNET_DESAQ2
NGAWI_PENGKOL,DESA,NDEZNET_DESAQ2
NGAWI_SIDOLAJU,DESA,NDEZNET_DESAQ2
NGAWI_TEMPURAN,DESA,NDEZNET_DESAQ2
NGAWI_WONOREJO,DESA,NDEZNET_DESAQ2
LAMPUNG SELATAN_SIDOHARJO,DESA,NDEZNET_DESAQ2
LAMPUNG SELATAN_TANJUNG SARI,DESA,NDEZNET_DESAQ2
MAGETAN_BANJAREJO,DESA,NDEZNET_DESAQ2
PACITAN_KETRO,DESA,NDEZNET_DESAQ2
PACITAN_PLOSO,DESA,NDEZNET_DESAQ2
PONOROGO_BARENG,DESA,NDEZNET_DESAQ2
PONOROGO_SERANGAN,DESA,NDEZNET_DESAQ2
PONOROGO_TEMON,DESA,NDEZNET_DESAQ2
PONOROGO_TUGUREJO,DESA,NDEZNET_DESAQ2
SUKOHARJO_GROGOL,DESA,NDEZNET_DESAQ2
TRENGGALEK_KARANGANYAR,DESA,NDEZNET_DESAQ2
TRENGGALEK_SUKOREJO,DESA,NDEZNET_DESAQ2
WONOGIRI_BOTO,DESA,NDEZNET_DESAQ2
WONOGIRI_WONOHARJO,DESA,NDEZNET_DESAQ2
INDRAGIRI HULU_SERESAM,DESA,NDEZNET_DESAQ3
INDRAGIRI HULU_TASIK JUANG,DESA,NDEZNET_DESAQ3
INDRAGIRI HILIR_KEL. PEKAN ARBA,DESA,NDEZNET_DESAQ3
INDRAGIRI HILIR_KEL. TEMBILAHAN HULU,DESA,NDEZNET_DESAQ3
PELALAWAN_KEL. SOREK I,DESA,NDEZNET_DESAQ3
BALANGAN_BANUA HANYAR,DESA,NDEZNET_DESAQ3
TABALONG_LUKBAYUR,DESA,NDEZNET_DESAQ3
HULU SUNGAI UTARA_SUNGAI TURAK,DESA,NDEZNET_DESAQ3
HULU SUNGAI UTARA_TAMBALANG RAYA,DESA,NDEZNET_DESAQ3
HULU SUNGAI TENGAH_BANUA ASAM,DESA,NDEZNET_DESAQ3
HULU SUNGAI TENGAH_BANUA HANYAR,DESA,NDEZNET_DESAQ3
HULU SUNGAI TENGAH_TELUK MESJID,DESA,NDEZNET_DESAQ3
INDRAGIRI HILIR_KEL. MADANI,DESA,NDEZNET_DESAQ3
BALANGAN_MARIAS,DESA,NDEZNET_DESAQ3
BALANGAN_MUARA NINIAN,DESA,NDEZNET_DESAQ3
BALANGAN_BUNGIN,DESA,NDEZNET_DESAQ3
BALANGAN_BARUH BAHINU LUAR,DESA,NDEZNET_DESAQ3
BALANGAN_PANGGUNG,DESA,NDEZNET_DESAQ3
BALANGAN_SUNGAI KETAPI,DESA,NDEZNET_DESAQ3
BALANGAN_KALAHIANG,DESA,NDEZNET_DESAQ3
BALANGAN_PARAN,DESA,NDEZNET_DESAQ3
BALANGAN_LOK BATUNG,DESA,NDEZNET_DESAQ3
BALANGAN_LAMIDA BAWAH,DESA,NDEZNET_DESAQ3
BALANGAN_PUDAK,DESA,NDEZNET_DESAQ3
BALANGAN_BADALUNGGA,DESA,NDEZNET_DESAQ3
BALANGAN_AWAYAN,DESA,NDEZNET_DESAQ3
BALANGAN_AMBAKIANG,DESA,NDEZNET_DESAQ3
BALANGAN_TIMBUN TULANG,DESA,NDEZNET_DESAQ3
BALANGAN_TARIWIN,DESA,NDEZNET_DESAQ3
BALANGAN_JUNGKAL,DESA,NDEZNET_DESAQ3
BALANGAN_KUSAMBI HULU,DESA,NDEZNET_DESAQ3
BALANGAN_MUNDAR,DESA,NDEZNET_DESAQ3
BALANGAN_LAMPIHONG SELATAN,DESA,NDEZNET_DESAQ3
TABALONG_PALAPI,DESA,NDEZNET_DESAQ3
TABALONG_KINARUM,DESA,NDEZNET_DESAQ3
TABALONG_KAMBITIN,DESA,NDEZNET_DESAQ3
TABALONG_BANYU TAJUN,DESA,NDEZNET_DESAQ3
TABALONG_TALAN,DESA,NDEZNET_DESAQ3
TABALONG_PURAI,DESA,NDEZNET_DESAQ3
HULU SUNGAI UTARA_PANAWAKAN,DESA,NDEZNET_DESAQ3
HULU SUNGAI UTARA_SUNGAI BINUANG,DESA,NDEZNET_DESAQ3
HULU SUNGAI UTARA_TAMBAK SARI PANJI,DESA,NDEZNET_DESAQ3
HULU SUNGAI UTARA_JINGAH BUJUR,DESA,NDEZNET_DESAQ3
HULU SUNGAI UTARA_GUNTUNG,DESA,NDEZNET_DESAQ3
HULU SUNGAI UTARA_TABALONG MATI,DESA,NDEZNET_DESAQ3
HULU SUNGAI UTARA_TELAGA BAMBAN,DESA,NDEZNET_DESAQ3
HULU SUNGAI UTARA_PADANG BASAR HILIR,DESA,NDEZNET_DESAQ3
HULU SUNGAI UTARA_HARUSAN,DESA,NDEZNET_DESAQ3
HULU SUNGAI UTARA_BANYU HIRANG,DESA,NDEZNET_DESAQ3
HULU SUNGAI UTARA_CANGKERING,DESA,NDEZNET_DESAQ3
HULU SUNGAI UTARA_TELUK BARU,DESA,NDEZNET_DESAQ3
HULU SUNGAI UTARA_RANTAU BUJUR TENGAH,DESA,NDEZNET_DESAQ3
HULU SUNGAI UTARA_RANTAU BUJUR HULU,DESA,NDEZNET_DESAQ3
HULU SUNGAI UTARA_SUNGAI HAJI,DESA,NDEZNET_DESAQ3
HULU SUNGAI UTARA_NELAYAN,DESA,NDEZNET_DESAQ3
HULU SUNGAI UTARA_SUNGAI PINANG,DESA,NDEZNET_DESAQ3
HULU SUNGAI UTARA_TELUK SINAR,DESA,NDEZNET_DESAQ3
HULU SUNGAI UTARA_RANTAU KARAUTENGAH,DESA,NDEZNET_DESAQ3
HULU SUNGAI UTARA_RANTAU KARAU HULU,DESA,NDEZNET_DESAQ3
HULU SUNGAI UTARA_TAPUS DALAM,DESA,NDEZNET_DESAQ3
HULU SUNGAI UTARA_BANYU TAJUN DALAM,DESA,NDEZNET_DESAQ3
HULU SUNGAI UTARA_KALUMPANG LUAR,DESA,NDEZNET_DESAQ3
HULU SUNGAI UTARA_SUNGAI DURAIT HULU,DESA,NDEZNET_DESAQ3
HULU SUNGAI UTARA_DARUSSALAM,DESA,NDEZNET_DESAQ3
HULU SUNGAI TENGAH_ABUNG SURAPATI,DESA,NDEZNET_DESAQ3
HULU SUNGAI TENGAH_KABANG,DESA,NDEZNET_DESAQ3
HULU SUNGAI TENGAH_WALATUNG,DESA,NDEZNET_DESAQ3
HULU SUNGAI TENGAH_BULUAN,DESA,NDEZNET_DESAQ3
HULU SUNGAI TENGAH_JARANIH,DESA,NDEZNET_DESAQ3
HULU SUNGAI TENGAH_BINJAI PEMANGKIH,DESA,NDEZNET_DESAQ3
HULU SUNGAI TENGAH_TARAS PADANG,DESA,NDEZNET_DESAQ3
HULU SUNGAI TENGAH_BANGKAL,DESA,NDEZNET_DESAQ3
HULU SUNGAI TENGAH_TABUDARAT HILIR,DESA,NDEZNET_DESAQ3
HULU SUNGAI TENGAH_AYUANG,DESA,NDEZNET_DESAQ3
HULU SUNGAI TENGAH_BAKAPAS,DESA,NDEZNET_DESAQ3
HULU SUNGAI TENGAH_KIAS,DESA,NDEZNET_DESAQ3
HULU SUNGAI TENGAH_ALUAN,DESA,NDEZNET_DESAQ3
HULU SUNGAI TENGAH_KALIBARU,DESA,NDEZNET_DESAQ3
HULU SUNGAI TENGAH_PENGAMBAU HULU,DESA,NDEZNET_DESAQ3
HULU SUNGAI TENGAH_PENGAMBAU HILIR DALAM,DESA,NDEZNET_DESAQ3
HULU SUNGAI TENGAH_PENGAMBAU HILIR LUAR,DESA,NDEZNET_DESAQ3
TAPIN_SUNGAI RUTAS,DESA,NDEZNET_DESAQ3
TAPIN_GADUNG,DESA,NDEZNET_DESAQ3
TAPIN_GADUNG KERAMAT,DESA,NDEZNET_DESAQ3
TAPIN_TANGKAWANG,DESA,NDEZNET_DESAQ3
TAPIN_TANGKAWANG BARU,DESA,NDEZNET_DESAQ3
TAPIN_PARIGI,DESA,NDEZNET_DESAQ3
TAPIN_PARIGI KECIL,DESA,NDEZNET_DESAQ3
TAPIN_KAKARAN,DESA,NDEZNET_DESAQ3
TAPIN_BANUA HALAT KANAN,DESA,NDEZNET_DESAQ3
TAPIN_KERAMAT,DESA,NDEZNET_DESAQ3
TAPIN_BITAHAN BARU,DESA,NDEZNET_DESAQ3
TAPIN_SHABAH,DESA,NDEZNET_DESAQ3
TAPIN_HIYUNG,DESA,NDEZNET_DESAQ3
TAPIN_BATANG LANTIK,DESA,NDEZNET_DESAQ3
TAPIN_SUNGAI BAHALANG,DESA,NDEZNET_DESAQ3
TAPIN_MANDURIAN,DESA,NDEZNET_DESAQ3
TAPIN_LABUNG,DESA,NDEZNET_DESAQ3
TAPIN_PANTAI CABE,DESA,NDEZNET_DESAQ3
TAPIN_TANDUI,DESA,NDEZNET_DESAQ3
INDRAGIRI HULU_PEMATANG BENTENG,DESA,NDEZNET_DESAQ3
INDRAGIRI HULU_KELESA,DESA,NDEZNET_DESAQ3
INDRAGIRI HULU_PUNTI ANAI,DESA,NDEZNET_DESAQ3
INDRAGIRI HULU_SIAMBUL,DESA,NDEZNET_DESAQ3
INDRAGIRI HULU_SEKO LUBUK TIGO,DESA,NDEZNET_DESAQ3
INDRAGIRI HULU_PASIR SIALANG JAYA,DESA,NDEZNET_DESAQ3
INDRAGIRI HULU_PASIR KELAMPAIAN,DESA,NDEZNET_DESAQ3
INDRAGIRI HULU_REDANG,DESA,NDEZNET_DESAQ3
INDRAGIRI HULU_TANAH DATAR,DESA,NDEZNET_DESAQ3
INDRAGIRI HULU_TALANG JERINJING,DESA,NDEZNET_DESAQ3
INDRAGIRI HULU_RANTAU BAKUNG,DESA,NDEZNET_DESAQ3
INDRAGIRI HULU_PULAU JUM'AT,DESA,NDEZNET_DESAQ3
INDRAGIRI HILIR_KEL. SELENSEN,DESA,NDEZNET_DESAQ3
INDRAGIRI HILIR_KEL. PANGKALAN TUJUH,DESA,NDEZNET_DESAQ3
INDRAGIRI HILIR_SUNGAIARA,DESA,NDEZNET_DESAQ3
INDRAGIRI HILIR_RUMBAI JAYA,DESA,NDEZNET_DESAQ3
INDRAGIRI HILIR_SIMPANG JAYA,DESA,NDEZNET_DESAQ3
PELALAWAN_LUBUK OGUNG,DESA,NDEZNET_DESAQ3
PELALAWAN_AIRTERJUN,DESA,NDEZNET_DESAQ3
PELALAWAN_PETODAAN,DESA,NDEZNET_DESAQ3
BALANGAN_MANGKAYAHU,DESA,NDEZNET_DESAQ3
BALANGAN_AWAYAN HILIR,DESA,NDEZNET_DESAQ3
BALANGAN_PUTAT BASIUN,DESA,NDEZNET_DESAQ3
BALANGAN_SUNGAI AWANG,DESA,NDEZNET_DESAQ3
TABALONG_SUPUT,DESA,NDEZNET_DESAQ3
TABALONG_GARUNGGUNG,DESA,NDEZNET_DESAQ3
TABALONG_TANTA HULU,DESA,NDEZNET_DESAQ3
TABALONG_PUGAAN,DESA,NDEZNET_DESAQ3
HULU SUNGAI UTARA_PIHAUNG,DESA,NDEZNET_DESAQ3
HULU SUNGAI UTARA_CAKERU,DESA,NDEZNET_DESAQ3
HULU SUNGAI UTARA_SUNGAI BAHADANGAN,DESA,NDEZNET_DESAQ3
HULU SUNGAI UTARA_TANGGA ULIN HILIR,DESA,NDEZNET_DESAQ3
HULU SUNGAI UTARA_TANGGA ULIN HULU,DESA,NDEZNET_DESAQ3
HULU SUNGAI UTARA_MURUNG SARI,DESA,NDEZNET_DESAQ3
HULU SUNGAI UTARA_SIMPANG EMPAT,DESA,NDEZNET_DESAQ3
HULU SUNGAI TENGAH_BANUA SUPANGGAL,DESA,NDEZNET_DESAQ3
HULU SUNGAI TENGAH_HULU RASAU,DESA,NDEZNET_DESAQ3
HULU SUNGAI TENGAH_WAWAI,DESA,NDEZNET_DESAQ3
HULU SUNGAI TENGAH_LOK BASAR,DESA,NDEZNET_DESAQ3
HULU SUNGAI TENGAH_BANUA RANTAU,DESA,NDEZNET_DESAQ3
HULU SUNGAI TENGAH_ALUAN MATI,DESA,NDEZNET_DESAQ3
TAPIN_PARANDAKAN,DESA,NDEZNET_DESAQ3
TAPIN_BANUA PADANG,DESA,NDEZNET_DESAQ3
TAPIN_SUATO LAMA,DESA,NDEZNET_DESAQ3
INDRAGIRI HULU_KEL. BATU RIJAL HILIR,DESA,NDEZNET_DESAQ3
INDRAGIRI HULU_SEMELINANG DARAT,DESA,NDEZNET_DESAQ3
INDRAGIRI HULU_PEMATANG,DESA,NDEZNET_DESAQ3
INDRAGIRI HULU_SELUNAK,DESA,NDEZNET_DESAQ3
INDRAGIRI HULU_LEMBAH DUSUN GADING,DESA,NDEZNET_DESAQ3
INDRAGIRI HULU_SERUMPUN JAYA,DESA,NDEZNET_DESAQ3
INDRAGIRI HULU_WONOSARI,DESA,NDEZNET_DESAQ3
INDRAGIRI HULU_PONTIAN MEKAR,DESA,NDEZNET_DESAQ3
INDRAGIRI HULU_SUNGAI GUNTUNG HILIR,DESA,NDEZNET_DESAQ3
INDRAGIRI HULU_SUNGAI RAYA,DESA,NDEZNET_DESAQ3
INDRAGIRI HILIR_PASAR KEMBANG,DESA,NDEZNET_DESAQ3
INDRAGIRI HILIR_KEL. TEMBILAHAN BARAT,DESA,NDEZNET_DESAQ3
PELALAWAN_DUNDANGAN,DESA,NDEZNET_DESAQ3
PELALAWAN_SIALANG INDAH,DESA,NDEZNET_DESAQ3
PELALAWAN_HARAPAN JAYA,DESA,NDEZNET_DESAQ3
PELALAWAN_MERANTI,DESA,NDEZNET_DESAQ3
PELALAWAN_LUBUK KEMBANG SARI,DESA,NDEZNET_DESAQ3
PELALAWAN_AIR EMAS,DESA,NDEZNET_DESAQ3
PELALAWAN_TRI MULYA JAYA,DESA,NDEZNET_DESAQ3
PELALAWAN_KUALA SEMUNDAM,DESA,NDEZNET_DESAQ3
TABALONG_LUMBANG,DESA,NDEZNET_DESAQ3
TABALONG_MARINDI,DESA,NDEZNET_DESAQ3
TABALONG_BARIMBUN,DESA,NDEZNET_DESAQ3
TABALONG_BANUA RANTAU,DESA,NDEZNET_DESAQ3
HULU SUNGAI UTARA_BANJANG,DESA,NDEZNET_DESAQ3
HULU SUNGAI UTARA_SUNGAI KUINI,DESA,NDEZNET_DESAQ3
HULU SUNGAI TENGAH_HAPINGIN,DESA,NDEZNET_DESAQ3
HULU SUNGAI TENGAH_MAHANG MATANG LANDUNG,DESA,NDEZNET_DESAQ3
HULU SUNGAI TENGAH_BARIKIN,DESA,NDEZNET_DESAQ3
TAPIN_MARAMPIAU,DESA,NDEZNET_DESAQ3
TAPIN_PEMATANG KARANGAN HILIR,DESA,NDEZNET_DESAQ3
TAPIN_MANDURIAN HILIR,DESA,NDEZNET_DESAQ3
TAPIN_SALAM BABARIS,DESA,NDEZNET_DESAQ3
TAPIN_SUATO BARU,DESA,NDEZNET_DESAQ3
TAPIN_KAMBANG HABANG LAMA,DESA,NDEZNET_DESAQ3
INDRAGIRI HULU_BUKIT MERANTI,DESA,NDEZNET_DESAQ3
INDRAGIRI HULU_PETALING JAYA,DESA,NDEZNET_DESAQ3
INDRAGIRI HULU_AUR CINA,DESA,NDEZNET_DESAQ3
INDRAGIRI HILIR_KEL. KOTA BARU RETEH,DESA,NDEZNET_DESAQ3
INDRAGIRI HILIR_KERITANG,DESA,NDEZNET_DESAQ3
INDRAGIRI HILIR_PULAUPALAS,DESA,NDEZNET_DESAQ3
PELALAWAN_SOREK II,DESA,NDEZNET_DESAQ3
TABALONG_NAWIN,DESA,NDEZNET_DESAQ3
TABALONG_KASIAU,DESA,NDEZNET_DESAQ3
HULU SUNGAI TENGAH_SUNGAI RANGAS,DESA,NDEZNET_DESAQ3
TAPIN_AYUNAN PAPAN,DESA,NDEZNET_DESAQ3
INDRAGIRI HULU_GUMANTI,DESA,NDEZNET_DESAQ3
INDRAGIRI HULU_SIBABAT,DESA,NDEZNET_DESAQ3
INDRAGIRI HULU_KUALA KILAN,DESA,NDEZNET_DESAQ3
INDRAGIRI HULU_SEBERIDA,DESA,NDEZNET_DESAQ3
INDRAGIRI HULU_JATI REJO,DESA,NDEZNET_DESAQ3
INDRAGIRI HULU_JAPURA,DESA,NDEZNET_DESAQ3
INDRAGIRI HULU_SIDOMULYO,DESA,NDEZNET_DESAQ3
INDRAGIRI HULU_KELAWAT,DESA,NDEZNET_DESAQ3
INDRAGIRI HULU_SUNGAI BERAS BERAS,DESA,NDEZNET_DESAQ3
INDRAGIRI HULU_AIR PUTIH,DESA,NDEZNET_DESAQ3
INDRAGIRI HULU_PEKAN HERAN,DESA,NDEZNET_DESAQ3
INDRAGIRI HULU_RANTAU MAPESAI,DESA,NDEZNET_DESAQ3
PELALAWAN_KEL. SEI KIJANG,DESA,NDEZNET_DESAQ3
PELALAWAN_UKUI DUA,DESA,NDEZNET_DESAQ3
PELALAWAN_RAWANG SARI,DESA,NDEZNET_DESAQ3
BALANGAN_MAMPARI,DESA,NDEZNET_DESAQ3
TABALONG_BUNGIN,DESA,NDEZNET_DESAQ3
HULU SUNGAI UTARA_KALUDAN BESAR,DESA,NDEZNET_DESAQ3
HULU SUNGAI UTARA_KALINTAMUI,DESA,NDEZNET_DESAQ3
HULU SUNGAI UTARA_TELUK PARING,DESA,NDEZNET_DESAQ3
HULU SUNGAI UTARA_PANYIURAN,DESA,NDEZNET_DESAQ3
HULU SUNGAI UTARA_PEMATANG BENTENG HILIR,DESA,NDEZNET_DESAQ3
HULU SUNGAI UTARA_RANTAU BUJUR HILIR,DESA,NDEZNET_DESAQ3
HULU SUNGAI TENGAH_ABUNG,DESA,NDEZNET_DESAQ3
HULU SUNGAI TENGAH_BINJAI PIRUA,DESA,NDEZNET_DESAQ3
HULU SUNGAI TENGAH_WAWAI GARDU,DESA,NDEZNET_DESAQ3
HULU SUNGAI TENGAH_LUNJUK,DESA,NDEZNET_DESAQ3
HULU SUNGAI TENGAH_BAKTI,DESA,NDEZNET_DESAQ3
TAPIN_WARINGIN,DESA,NDEZNET_DESAQ3
INDRAGIRI HULU_KERUBUNG JAYA,DESA,NDEZNET_DESAQ3
INDRAGIRI HULU_SUNGAI BAUNG,DESA,NDEZNET_DESAQ3
INDRAGIRI HULU_PULAU GELANG,DESA,NDEZNET_DESAQ3
INDRAGIRI HILIR_BATU AMPAR,DESA,NDEZNET_DESAQ3
INDRAGIRI HILIR_PEKAN KAMIS,DESA,NDEZNET_DESAQ3
BALANGAN_MARADAP,DESA,NDEZNET_DESAQ3
TABALONG_SIMPUNG LAYUNG,DESA,NDEZNET_DESAQ3
TABALONG_BONGKANG,DESA,NDEZNET_DESAQ3
TABALONG_MASUKAU,DESA,NDEZNET_DESAQ3
HULU SUNGAI UTARA_LOK BANGKAI,DESA,NDEZNET_DESAQ3
HULU SUNGAI UTARA_MURUNG PANTI HILIR,DESA,NDEZNET_DESAQ3
HULU SUNGAI TENGAH_KAMBAT SELATAN,DESA,NDEZNET_DESAQ3
TAPIN_BUNGUR BARU,DESA,NDEZNET_DESAQ3
INDRAGIRI HULU_PETALA BUMI,DESA,NDEZNET_DESAQ3
INDRAGIRI HULU_KEL. KEMBANG HARUM,DESA,NDEZNET_DESAQ3
INDRAGIRI HULU_KEL. TANAH MERAH,DESA,NDEZNET_DESAQ3
INDRAGIRI HULU_SUNGAI SAGU,DESA,NDEZNET_DESAQ3
INDRAGIRI HULU_KULIM JAYA,DESA,NDEZNET_DESAQ3
INDRAGIRI HULU_KUALA MULYA,DESA,NDEZNET_DESAQ3
INDRAGIRI HILIR_KEL. METRO,DESA,NDEZNET_DESAQ3
PELALAWAN_BUKIT GAJAH,DESA,NDEZNET_DESAQ3
PELALAWAN_BUKIT JAYA,DESA,NDEZNET_DESAQ3
PELALAWAN_LUBUK TERAP,DESA,NDEZNET_DESAQ3
PELALAWAN_ANGKASA,DESA,NDEZNET_DESAQ3
TABALONG_PAMARANGAN KIWA,DESA,NDEZNET_DESAQ3
HULU SUNGAI UTARA_TAYUR,DESA,NDEZNET_DESAQ3
HULU SUNGAI UTARA_GALAGAH,DESA,NDEZNET_DESAQ3
HULU SUNGAI UTARA_SUNGAI DURAIT HILIR,DESA,NDEZNET_DESAQ3
HULU SUNGAI UTARA_BITIN,DESA,NDEZNET_DESAQ3
HULU SUNGAI TENGAH_KAMBAT UTARA,DESA,NDEZNET_DESAQ3
HULU SUNGAI TENGAH_MURUNG TA'AL,DESA,NDEZNET_DESAQ3
HULU SUNGAI TENGAH_RANGAS,DESA,NDEZNET_DESAQ3
HULU SUNGAI TENGAH_TEMBOK BAHALANG,DESA,NDEZNET_DESAQ3
TAPIN_BINDERANG,DESA,NDEZNET_DESAQ3
BALANGAN_MUNGKUR UYAM,DESA,NDEZNET_DESAQ3
BALANGAN_BUNGUR,DESA,NDEZNET_DESAQ3
TABALONG_KARANGAN PUTIH,DESA,NDEZNET_DESAQ3
HULU SUNGAI UTARA_PALIMBANGAN,DESA,NDEZNET_DESAQ3
HULU SUNGAI TENGAH_MANDINGIN,DESA,NDEZNET_DESAQ3
TAPIN_MARGASARI HILIR,DESA,NDEZNET_DESAQ3
TAPIN_KEL. BITAHAN,DESA,NDEZNET_DESAQ3
INDRAGIRI HULU_BULUH RAMPAI,DESA,NDEZNET_DESAQ3
INDRAGIRI HULU_PASIR RINGGIT,DESA,NDEZNET_DESAQ3
INDRAGIRI HULU_PERKEBUNAN SUNGAI LALA,DESA,NDEZNET_DESAQ3
INDRAGIRI HULU_SUNGAI DAWU,DESA,NDEZNET_DESAQ3
INDRAGIRI HULU_KUANTAN BABU,DESA,NDEZNET_DESAQ3
INDRAGIRI HULU_KUALA CENAKU,DESA,NDEZNET_DESAQ3
INDRAGIRI HILIR_SUNGAIGANTANG,DESA,NDEZNET_DESAQ3
INDRAGIRI HILIR_DANAUPULAI INDAH,DESA,NDEZNET_DESAQ3
PELALAWAN_MAKMUR,DESA,NDEZNET_DESAQ3
TABALONG_JUAI,DESA,NDEZNET_DESAQ3
TABALONG_BINTURU,DESA,NDEZNET_DESAQ3
HULU SUNGAI UTARA_HAUR GADING,DESA,NDEZNET_DESAQ3
HULU SUNGAI UTARA_BANYU TAJUN HILIR,DESA,NDEZNET_DESAQ3
HULU SUNGAI UTARA_SUNGAI JANJAM,DESA,NDEZNET_DESAQ3
HULU SUNGAI TENGAH_KARATUNGAN,DESA,NDEZNET_DESAQ3
HULU SUNGAI TENGAH_TELANG,DESA,NDEZNET_DESAQ3
HULU SUNGAI TENGAH_ANDUHUM,DESA,NDEZNET_DESAQ3
HULU SUNGAI TENGAH_ANDANG,DESA,NDEZNET_DESAQ3
INDRAGIRI HILIR_KEL. KEMPAS JAYA,DESA,NDEZNET_DESAQ3
BALANGAN_KEL. BATU PIRING,DESA,NDEZNET_DESAQ3
BALANGAN_KEL. PARINGIN KOTA,DESA,NDEZNET_DESAQ3
TABALONG_SERADANG,DESA,NDEZNET_DESAQ3
TABALONG_KITANG,DESA,NDEZNET_DESAQ3
TABALONG_WAYAU,DESA,NDEZNET_DESAQ3
TABALONG_KAMBITIN RAYA,DESA,NDEZNET_DESAQ3
TABALONG_PADANG PANJANG,DESA,NDEZNET_DESAQ3
TABALONG_WARUKIN,DESA,NDEZNET_DESAQ3
TABALONG_AMPUKUNG,DESA,NDEZNET_DESAQ3
TABALONG_SUNGAI DURIAN,DESA,NDEZNET_DESAQ3
HULU SUNGAI UTARA_SUNGAI BARING,DESA,NDEZNET_DESAQ3
HULU SUNGAI TENGAH_HILIR BANUA,DESA,NDEZNET_DESAQ3
HULU SUNGAI TENGAH_PANDAWAN,DESA,NDEZNET_DESAQ3
HULU SUNGAI TENGAH_GAMBAH,DESA,NDEZNET_DESAQ3
TAPIN_SUATO TATAKAN,DESA,NDEZNET_DESAQ3
INDRAGIRI HULU_TITIAN RESAK,DESA,NDEZNET_DESAQ3
INDRAGIRI HULU_KEL. PANGKALAN KASAI,DESA,NDEZNET_DESAQ3
INDRAGIRI HULU_GUDANG BATU,DESA,NDEZNET_DESAQ3
INDRAGIRI HULU_SUNGAI LALA,DESA,NDEZNET_DESAQ3
INDRAGIRI HULU_KEL. KMP BESAR SEBERANG,DESA,NDEZNET_DESAQ3
PELALAWAN_MUDA SETIA,DESA,NDEZNET_DESAQ3
PELALAWAN_KEL. UKUI I,DESA,NDEZNET_DESAQ3
BALANGAN_SIRAP,DESA,NDEZNET_DESAQ3
TABALONG_TAMUNTI,DESA,NDEZNET_DESAQ3
HULU SUNGAI UTARA_LOK SUGA,DESA,NDEZNET_DESAQ3
HULU SUNGAI UTARA_AIR TAWAR,DESA,NDEZNET_DESAQ3
HULU SUNGAI UTARA_TELAGA HANYAR,DESA,NDEZNET_DESAQ3
HULU SUNGAI TENGAH_MARINGGIT,DESA,NDEZNET_DESAQ3
HULU SUNGAI TENGAH_PEMANGKIH SEBERANG,DESA,NDEZNET_DESAQ3
HULU SUNGAI TENGAH_HALIAU,DESA,NDEZNET_DESAQ3
HULU SUNGAI TENGAH_MURUNG A.,DESA,NDEZNET_DESAQ3
TAPIN_BATARATAT,DESA,NDEZNET_DESAQ3
TAPIN_KEPAYANG,DESA,NDEZNET_DESAQ3
PELALAWAN_SIMPANG BERINGIN,DESA,NDEZNET_DESAQ3
BALANGAN_HUJAN MAS,DESA,NDEZNET_DESAQ3
BALANGAN_HILIR PASAR,DESA,NDEZNET_DESAQ3
TABALONG_NAMUN,DESA,NDEZNET_DESAQ3
TABALONG_MUARA UYA,DESA,NDEZNET_DESAQ3
TABALONG_HALONG,DESA,NDEZNET_DESAQ3
TABALONG_SUNGAI RUKAM I,DESA,NDEZNET_DESAQ3
TABALONG_BANUA LAWAS,DESA,NDEZNET_DESAQ3
TABALONG_PEMATANG,DESA,NDEZNET_DESAQ3
HULU SUNGAI UTARA_MUARA BARUH,DESA,NDEZNET_DESAQ3
HULU SUNGAI UTARA_KUANGAN,DESA,NDEZNET_DESAQ3
HULU SUNGAI UTARA_TELUK DAUN,DESA,NDEZNET_DESAQ3
HULU SUNGAI UTARA_PANANGKALAAN HULU,DESA,NDEZNET_DESAQ3
HULU SUNGAI UTARA_TIGARUN,DESA,NDEZNET_DESAQ3
HULU SUNGAI TENGAH_PALAJAU,DESA,NDEZNET_DESAQ3
HULU SUNGAI TENGAH_BANUA KUPANG,DESA,NDEZNET_DESAQ3
HULU SUNGAI TENGAH_KAYU BAWANG,DESA,NDEZNET_DESAQ3
HULU SUNGAI TENGAH_PAJUKUNGAN,DESA,NDEZNET_DESAQ3
HULU SUNGAI TENGAH_LABUHAN,DESA,NDEZNET_DESAQ3
HULU SUNGAI TENGAH_KAPAR,DESA,NDEZNET_DESAQ3
TAPIN_BARINGIN A,DESA,NDEZNET_DESAQ3
TAPIN_BAKARANGAN,DESA,NDEZNET_DESAQ3
TAPIN_ANTASARI,DESA,NDEZNET_DESAQ3
TAPIN_BANUA PADANG HILIR,DESA,NDEZNET_DESAQ3
TAPIN_PEMATANG KARANGAN HULU,DESA,NDEZNET_DESAQ3
TAPIN_PULAUPINANG UTARA,DESA,NDEZNET_DESAQ3
INDRAGIRI HULU_KEL. PERANAP,DESA,NDEZNET_DESAQ3
INDRAGIRI HULU_KOTA LAMA,DESA,NDEZNET_DESAQ3
INDRAGIRI HULU_PASIR KEMILU,DESA,NDEZNET_DESAQ3
INDRAGIRI HILIR_KEL. SUNGAISALAK,DESA,NDEZNET_DESAQ3
INDRAGIRI HILIR_PULAUBURUNG,DESA,NDEZNET_DESAQ3
PELALAWAN_MEKAR JAYA,DESA,NDEZNET_DESAQ3
PELALAWAN_KEL. PANGKALAN KERINCI BARAT,DESA,NDEZNET_DESAQ3
PELALAWAN_TERANTANG MANUK,DESA,NDEZNET_DESAQ3
BALANGAN_BUNTU KARAU,DESA,NDEZNET_DESAQ3
BALANGAN_KUSAMBI HILIR,DESA,NDEZNET_DESAQ3
TABALONG_NALUI,DESA,NDEZNET_DESAQ3
HULU SUNGAI UTARA_PATARIKAN,DESA,NDEZNET_DESAQ3
HULU SUNGAI UTARA_PELANJUNGAN SARI,DESA,NDEZNET_DESAQ3
HULU SUNGAI UTARA_SUNGAI TABUKAN,DESA,NDEZNET_DESAQ3
HULU SUNGAI UTARA_MANARAP HULU,DESA,NDEZNET_DESAQ3
HULU SUNGAI TENGAH_DURIAN GANTANG,DESA,NDEZNET_DESAQ3
HULU SUNGAI TENGAH_BABAI,DESA,NDEZNET_DESAQ3
HULU SUNGAI TENGAH_PANTAI BATUNG,DESA,NDEZNET_DESAQ3
HULU SUNGAI TENGAH_KAHAKAN,DESA,NDEZNET_DESAQ3
TAPIN_MARAMPIAU HILIR,DESA,NDEZNET_DESAQ3
TAPIN_PULAUPINANG,DESA,NDEZNET_DESAQ3
INDRAGIRI HULU_RIMPIAN,DESA,NDEZNET_DESAQ3
INDRAGIRI HILIR_SUNGAILUAR,DESA,NDEZNET_DESAQ3
BALANGAN_KUPANG,DESA,NDEZNET_DESAQ3
TABALONG_JARO,DESA,NDEZNET_DESAQ3
TABALONG_TANTARINGIN,DESA,NDEZNET_DESAQ3
HULU SUNGAI UTARA_SIMPANG TIGA,DESA,NDEZNET_DESAQ3
HULU SUNGAI UTARA_BABIRIK HILIR,DESA,NDEZNET_DESAQ3
HULU SUNGAI TENGAH_MAHANG SUNGAI HANYAR,DESA,NDEZNET_DESAQ3
HULU SUNGAI TENGAH_RANTAU KEMINTING,DESA,NDEZNET_DESAQ3
HULU SUNGAI TENGAH_BANUA KEPAYANG,DESA,NDEZNET_DESAQ3
HULU SUNGAI TENGAH_BANUA BINJAI,DESA,NDEZNET_DESAQ3
HULU SUNGAI TENGAH_KEL. BARABAI SELATAN,DESA,NDEZNET_DESAQ3
HULU SUNGAI TENGAH_LOK BUNTAR,DESA,NDEZNET_DESAQ3
TAPIN_LOKPAIKAT,DESA,NDEZNET_DESAQ3
TAPIN_MEKARSARI,DESA,NDEZNET_DESAQ3
TAPIN_PUALAM SARI,DESA,NDEZNET_DESAQ3
BALANGAN_MANTIMIN,DESA,NDEZNET_DESAQ3
TABALONG_KEL. HIKUN,DESA,NDEZNET_DESAQ3
TABALONG_KEL. JANGKUNG,DESA,NDEZNET_DESAQ3
TABALONG_TANTA,DESA,NDEZNET_DESAQ3
HULU SUNGAI TENGAH_ILUNG PASAR LAMA,DESA,NDEZNET_DESAQ3
HULU SUNGAI TENGAH_MATANG GINALUN,DESA,NDEZNET_DESAQ3
HULU SUNGAI TENGAH_BANUA JINGAH,DESA,NDEZNET_DESAQ3
TAPIN_BUNGUR,DESA,NDEZNET_DESAQ3
TAPIN_TATAKAN,DESA,NDEZNET_DESAQ3
INDRAGIRI HULU_CANDI REJO,DESA,NDEZNET_DESAQ3
INDRAGIRI HILIR_TANAH MERAH,DESA,NDEZNET_DESAQ3
INDRAGIRI HILIR_KEL. TELUKPINANG,DESA,NDEZNET_DESAQ3
INDRAGIRI HULU_KEL. AIR MOLEK,DESA,NDEZNET_DESAQ3
INDRAGIRI HULU_AIR MOLEK II,DESA,NDEZNET_DESAQ3
INDRAGIRI HULU_BATU GAJAH,DESA,NDEZNET_DESAQ3
INDRAGIRI HULU_KEL. TANJUNG GADING,DESA,NDEZNET_DESAQ3
INDRAGIRI HULU_KEL. SEKAR MAWAR,DESA,NDEZNET_DESAQ3
INDRAGIRI HULU_LIRIK AREA,DESA,NDEZNET_DESAQ3
INDRAGIRI HULU_REJOSARI,DESA,NDEZNET_DESAQ3
INDRAGIRI HULU_LAMBANG SARI V,DESA,NDEZNET_DESAQ3
INDRAGIRI HULU_LAMBANG SARI IV,DESA,NDEZNET_DESAQ3
"INDRAGIRI HULU_LAMBANG SARI I, II, III",DESA,NDEZNET_DESAQ3
INDRAGIRI HULU_SUKAJADI,DESA,NDEZNET_DESAQ3
INDRAGIRI HULU_SUNGAI BERAS HILIR,DESA,NDEZNET_DESAQ3
INDRAGIRI HULU_KEL. PEMATANG REBA,DESA,NDEZNET_DESAQ3
INDRAGIRI HULU_KEL. KAMPUNG DAGANG,DESA,NDEZNET_DESAQ3
INDRAGIRI HULU_KAMPUNG PULAU,DESA,NDEZNET_DESAQ3
INDRAGIRI HULU_KEL. KAMPUNG BESAR KOTA,DESA,NDEZNET_DESAQ3
INDRAGIRI HULU_KEL. PASAR KOTA,DESA,NDEZNET_DESAQ3
INDRAGIRI HULU_KEL. SEKIP HULU,DESA,NDEZNET_DESAQ3
INDRAGIRI HULU_KEL. SEKIP HILIR,DESA,NDEZNET_DESAQ3
INDRAGIRI HULU_SUNGAI BERINGIN,DESA,NDEZNET_DESAQ3
INDRAGIRI HILIR_KOTA BARU SEBERIDA,DESA,NDEZNET_DESAQ3
INDRAGIRI HILIR_KEL. PULAUKIJANG,DESA,NDEZNET_DESAQ3
INDRAGIRI HILIR_KEL. KUALA ENOK,DESA,NDEZNET_DESAQ3
INDRAGIRI HILIR_KEL. TEMBILAHAN HILIR,DESA,NDEZNET_DESAQ3
INDRAGIRI HILIR_KEL. TEMBILAHAN KOTA,DESA,NDEZNET_DESAQ3
INDRAGIRI HILIR_KEL. SUNGAIBERINGIN,DESA,NDEZNET_DESAQ3
INDRAGIRI HILIR_KEL. TEMPULING,DESA,NDEZNET_DESAQ3
INDRAGIRI HILIR_KEL. TEGARAJA,DESA,NDEZNET_DESAQ3
INDRAGIRI HILIR_AIR TAWAR,DESA,NDEZNET_DESAQ3
PELALAWAN_KEL. PANGKALAN KERINCI KOTA,DESA,NDEZNET_DESAQ3
PELALAWAN_KEL. PANGKALAN KERINCI TIMUR,DESA,NDEZNET_DESAQ3
TAPIN_TUNGKAP,DESA,NDEZNET_DESAQ3
TAPIN_A. YANI PURA,DESA,NDEZNET_DESAQ3
TAPIN_KEL. BINUANG,DESA,NDEZNET_DESAQ3
TAPIN_KEL. RAYA BELANTI,DESA,NDEZNET_DESAQ3
TAPIN_KEL. KARANG PUTIH,DESA,NDEZNET_DESAQ3
TAPIN_RUMINTIN,DESA,NDEZNET_DESAQ3
TAPIN_SAWANG,DESA,NDEZNET_DESAQ3
TAPIN_KEL. TAMBARANGAN,DESA,NDEZNET_DESAQ3
TAPIN_HARAPAN MASA,DESA,NDEZNET_DESAQ3
TAPIN_SERAWI,DESA,NDEZNET_DESAQ3
TAPIN_PURUT,DESA,NDEZNET_DESAQ3
TAPIN_ANTASAN HILIR,DESA,NDEZNET_DESAQ3
TAPIN_KEL. KUPANG,DESA,NDEZNET_DESAQ3
TAPIN_KEL. RANGDA MALINGKUNG,DESA,NDEZNET_DESAQ3
TAPIN_KEL. RANTAU KIWA,DESA,NDEZNET_DESAQ3
TAPIN_PERINTIS RAYA,DESA,NDEZNET_DESAQ3
TAPIN_KEL. RANTAU KANAN,DESA,NDEZNET_DESAQ3
TAPIN_BANUA HALAT KIRI,DESA,NDEZNET_DESAQ3
TAPIN_LUMBU RAYA,DESA,NDEZNET_DESAQ3
TAPIN_JINGAH BABARIS,DESA,NDEZNET_DESAQ3
HULU SUNGAI SELATAN_JAMBU HULU,DESA,NDEZNET_DESAQ3
HULU SUNGAI SELATAN_PADANG BATUNG,DESA,NDEZNET_DESAQ3
HULU SUNGAI SELATAN_JEMBATAN MERAH,DESA,NDEZNET_DESAQ3
HULU SUNGAI SELATAN_MADANG,DESA,NDEZNET_DESAQ3
HULU SUNGAI SELATAN_KARANG JAWA MUKA,DESA,NDEZNET_DESAQ3
HULU SUNGAI SELATAN_TABIHI,DESA,NDEZNET_DESAQ3
HULU SUNGAI SELATAN_TANIRAN SELATAN,DESA,NDEZNET_DESAQ3
HULU SUNGAI SELATAN_ANGKINANG SELATAN,DESA,NDEZNET_DESAQ3
HULU SUNGAI SELATAN_KAYU ABANG,DESA,NDEZNET_DESAQ3
HULU SUNGAI SELATAN_BAMBAN SELATAN,DESA,NDEZNET_DESAQ3
HULU SUNGAI SELATAN_BAMBAN UTARA,DESA,NDEZNET_DESAQ3
HULU SUNGAI SELATAN_KEL. JAMBU HILIR,DESA,NDEZNET_DESAQ3
HULU SUNGAI SELATAN_TIBUNG RAYA,DESA,NDEZNET_DESAQ3
HULU SUNGAI SELATAN_SUNGAI PARING,DESA,NDEZNET_DESAQ3
HULU SUNGAI SELATAN_KEL. KANDANGAN KOTA,DESA,NDEZNET_DESAQ3
HULU SUNGAI SELATAN_KEL. KANDANGAN UTARA,DESA,NDEZNET_DESAQ3
HULU SUNGAI SELATAN_GAMBAH LUAR MUKA,DESA,NDEZNET_DESAQ3
HULU SUNGAI SELATAN_GAMBAH DALAM,DESA,NDEZNET_DESAQ3
HULU SUNGAI SELATAN_BALUTI,DESA,NDEZNET_DESAQ3
HULU SUNGAI SELATAN_BATANG KULUR TENGAH,DESA,NDEZNET_DESAQ3
HULU SUNGAI SELATAN_ASAM,DESA,NDEZNET_DESAQ3
HULU SUNGAI SELATAN_KARASIKAN,DESA,NDEZNET_DESAQ3
HULU SUNGAI SELATAN_HAMALAU,DESA,NDEZNET_DESAQ3
HULU SUNGAI SELATAN_WASAH TENGAH,DESA,NDEZNET_DESAQ3
HULU SUNGAI SELATAN_KAPUH,DESA,NDEZNET_DESAQ3
HULU SUNGAI SELATAN_TAMBINGKAR,DESA,NDEZNET_DESAQ3
HULU SUNGAI SELATAN_SIRIH,DESA,NDEZNET_DESAQ3
HULU SUNGAI SELATAN_BANUA HANYAR,DESA,NDEZNET_DESAQ3
HULU SUNGAI SELATAN_BARUH JAYA,DESA,NDEZNET_DESAQ3
HULU SUNGAI SELATAN_TAMBANGAN,DESA,NDEZNET_DESAQ3
HULU SUNGAI SELATAN_HABIRAU TENGAH,DESA,NDEZNET_DESAQ3
HULU SUNGAI SELATAN_HABIRAU,DESA,NDEZNET_DESAQ3
HULU SUNGAI SELATAN_TUMBUKAN BANYU,DESA,NDEZNET_DESAQ3
HULU SUNGAI SELATAN_BANJARBARU,DESA,NDEZNET_DESAQ3
HULU SUNGAI SELATAN_BAYANAN,DESA,NDEZNET_DESAQ3
HULU SUNGAI SELATAN_PANDAN SARI,DESA,NDEZNET_DESAQ3
HULU SUNGAI SELATAN_PAKAPURAN KECIL,DESA,NDEZNET_DESAQ3
HULU SUNGAI SELATAN_SUNGAI MANDALA,DESA,NDEZNET_DESAQ3
HULU SUNGAI SELATAN_MANDALA MURUNG MESJID,DESA,NDEZNET_DESAQ3
HULU SUNGAI SELATAN_BARUH KEMBANG,DESA,NDEZNET_DESAQ3
HULU SUNGAI SELATAN_PAKAN DALAM,DESA,NDEZNET_DESAQ3
HULU SUNGAI SELATAN_PARAMAIAN,DESA,NDEZNET_DESAQ3
HULU SUNGAI SELATAN_TELUK HAUR,DESA,NDEZNET_DESAQ3
HULU SUNGAI SELATAN_PASUNGKAN,DESA,NDEZNET_DESAQ3
HULU SUNGAI TENGAH_HARUYAN SEBERANG,DESA,NDEZNET_DESAQ3
HULU SUNGAI TENGAH_HARUYAN,DESA,NDEZNET_DESAQ3
HULU SUNGAI TENGAH_PANGGUNG,DESA,NDEZNET_DESAQ3
HULU SUNGAI TENGAH_PAGAT,DESA,NDEZNET_DESAQ3
HULU SUNGAI TENGAH_ALUAN SUMUR,DESA,NDEZNET_DESAQ3
HULU SUNGAI TENGAH_ALUAN BESAR,DESA,NDEZNET_DESAQ3
HULU SUNGAI TENGAH_PAYA,DESA,NDEZNET_DESAQ3
HULU SUNGAI TENGAH_BIRAYANG TIMUR,DESA,NDEZNET_DESAQ3
HULU SUNGAI TENGAH_KEL. BIRAYANG,DESA,NDEZNET_DESAQ3
HULU SUNGAI TENGAH_BIRAYANG SURAPATI,DESA,NDEZNET_DESAQ3
HULU SUNGAI TENGAH_KEL. BUKAT,DESA,NDEZNET_DESAQ3
HULU SUNGAI TENGAH_KEL. BARABAI BARAT,DESA,NDEZNET_DESAQ3
HULU SUNGAI TENGAH_KEL. BARABAI UTARA,DESA,NDEZNET_DESAQ3
HULU SUNGAI TENGAH_KEL. BARABAI DARAT,DESA,NDEZNET_DESAQ3
HULU SUNGAI TENGAH_BENAWA TENGAH,DESA,NDEZNET_DESAQ3
HULU SUNGAI TENGAH_AWANG BESAR,DESA,NDEZNET_DESAQ3
HULU SUNGAI TENGAH_KEL. BARABAI TIMUR,DESA,NDEZNET_DESAQ3
HULU SUNGAI TENGAH_BANUA BUDI,DESA,NDEZNET_DESAQ3
HULU SUNGAI TENGAH_TABUDARAT HULU,DESA,NDEZNET_DESAQ3
HULU SUNGAI TENGAH_KEL. PANTAI HAMBAWANG BARAT,DESA,NDEZNET_DESAQ3
HULU SUNGAI TENGAH_PANTAI HAMBAWANG TIMUR,DESA,NDEZNET_DESAQ3
HULU SUNGAI TENGAH_BATANG BAHALANG,DESA,NDEZNET_DESAQ3
HULU SUNGAI TENGAH_TA'AL,DESA,NDEZNET_DESAQ3
HULU SUNGAI TENGAH_GUHA,DESA,NDEZNET_DESAQ3
HULU SUNGAI TENGAH_KADUNDUNG,DESA,NDEZNET_DESAQ3
HULU SUNGAI TENGAH_KASARANGAN,DESA,NDEZNET_DESAQ3
HULU SUNGAI TENGAH_PEMANGKIH,DESA,NDEZNET_DESAQ3
HULU SUNGAI TENGAH_SUNGAI BULUH,DESA,NDEZNET_DESAQ3
HULU SUNGAI TENGAH_MAHANG PUTAT,DESA,NDEZNET_DESAQ3
HULU SUNGAI TENGAH_BANUA BATUNG,DESA,NDEZNET_DESAQ3
HULU SUNGAI TENGAH_JATUH,DESA,NDEZNET_DESAQ3
HULU SUNGAI TENGAH_ILUNG,DESA,NDEZNET_DESAQ3
HULU SUNGAI TENGAH_ILUNG TENGAH,DESA,NDEZNET_DESAQ3
HULU SUNGAI TENGAH_SUMANGGI SEBERANG,DESA,NDEZNET_DESAQ3
HULU SUNGAI TENGAH_MUARA RINTIS,DESA,NDEZNET_DESAQ3
HULU SUNGAI TENGAH_HAUR GADING,DESA,NDEZNET_DESAQ3
HULU SUNGAI TENGAH_LIMPASU,DESA,NDEZNET_DESAQ3
HULU SUNGAI UTARA_MANARAP,DESA,NDEZNET_DESAQ3
HULU SUNGAI UTARA_PALUKAHAN,DESA,NDEZNET_DESAQ3
HULU SUNGAI UTARA_PANDAMAAN,DESA,NDEZNET_DESAQ3
HULU SUNGAI UTARA_DANAU PANGGANG,DESA,NDEZNET_DESAQ3
HULU SUNGAI UTARA_BABIRIK HULU,DESA,NDEZNET_DESAQ3
HULU SUNGAI UTARA_SUNGAI DURAIT TENGAH,DESA,NDEZNET_DESAQ3
HULU SUNGAI UTARA_RANTAU KARAU HILIR,DESA,NDEZNET_DESAQ3
HULU SUNGAI UTARA_BANYU TAJUN HULU,DESA,NDEZNET_DESAQ3
HULU SUNGAI UTARA_BANYU TAJUN PANGKALAN,DESA,NDEZNET_DESAQ3
HULU SUNGAI UTARA_PANGKALAN SARI,DESA,NDEZNET_DESAQ3
HULU SUNGAI UTARA_TATAH LABAN,DESA,NDEZNET_DESAQ3
HULU SUNGAI UTARA_RANTAU KARAU RAYA,DESA,NDEZNET_DESAQ3
HULU SUNGAI UTARA_HAMBUKU TENGAH,DESA,NDEZNET_DESAQ3
HULU SUNGAI UTARA_TELUK BETUNG,DESA,NDEZNET_DESAQ3
HULU SUNGAI UTARA_SUNGAI PANDAN HULU,DESA,NDEZNET_DESAQ3
HULU SUNGAI UTARA_SUNGAI PANDAN TENGAH,DESA,NDEZNET_DESAQ3
HULU SUNGAI UTARA_SUNGAI PANDAN HILIR,DESA,NDEZNET_DESAQ3
HULU SUNGAI UTARA_SUNGAI SANDUNG,DESA,NDEZNET_DESAQ3
HULU SUNGAI UTARA_TELUK CATI,DESA,NDEZNET_DESAQ3
HULU SUNGAI UTARA_GALAGAH HULU,DESA,NDEZNET_DESAQ3
HULU SUNGAI UTARA_PEMATANG BENTENG,DESA,NDEZNET_DESAQ3
HULU SUNGAI UTARA_BANUA HANYAR,DESA,NDEZNET_DESAQ3
HULU SUNGAI UTARA_CEMPAKA,DESA,NDEZNET_DESAQ3
HULU SUNGAI UTARA_ILIR MESJID,DESA,NDEZNET_DESAQ3
HULU SUNGAI UTARA_UJUNG MURUNG,DESA,NDEZNET_DESAQ3
HULU SUNGAI UTARA_JARANG KUANTAN,DESA,NDEZNET_DESAQ3
HULU SUNGAI UTARA_KOTA RAJA,DESA,NDEZNET_DESAQ3
HULU SUNGAI UTARA_JUMBA,DESA,NDEZNET_DESAQ3
HULU SUNGAI UTARA_PADANG DARAT,DESA,NDEZNET_DESAQ3
HULU SUNGAI UTARA_MAMAR,DESA,NDEZNET_DESAQ3
HULU SUNGAI UTARA_TELUK SARI,DESA,NDEZNET_DESAQ3
HULU SUNGAI UTARA_TELAGA SARI,DESA,NDEZNET_DESAQ3
HULU SUNGAI UTARA_HARUSAN TELAGA,DESA,NDEZNET_DESAQ3
HULU SUNGAI UTARA_TELAGA SILABA,DESA,NDEZNET_DESAQ3
HULU SUNGAI UTARA_MUARA TAPUS,DESA,NDEZNET_DESAQ3
HULU SUNGAI UTARA_RANTAWAN,DESA,NDEZNET_DESAQ3
HULU SUNGAI UTARA_KANDANG HALANG,DESA,NDEZNET_DESAQ3
HULU SUNGAI UTARA_PASAR SENIN,DESA,NDEZNET_DESAQ3
HULU SUNGAI UTARA_KEMBANG KUNING,DESA,NDEZNET_DESAQ3
HULU SUNGAI UTARA_KOTA RADEN HILIR,DESA,NDEZNET_DESAQ3
HULU SUNGAI UTARA_KOTA RADEN HULU,DESA,NDEZNET_DESAQ3
HULU SUNGAI UTARA_KEL. KEBUN SARI,DESA,NDEZNET_DESAQ3
HULU SUNGAI UTARA_SUNGAI KARIAS,DESA,NDEZNET_DESAQ3
HULU SUNGAI UTARA_HULU PASAR,DESA,NDEZNET_DESAQ3
HULU SUNGAI UTARA_TAMBALANGAN,DESA,NDEZNET_DESAQ3
HULU SUNGAI UTARA_KEL. ANTASARI,DESA,NDEZNET_DESAQ3
HULU SUNGAI UTARA_KEL. MURUNG SARI,DESA,NDEZNET_DESAQ3
HULU SUNGAI UTARA_KEL. PALIWARA,DESA,NDEZNET_DESAQ3
HULU SUNGAI UTARA_PALAMPITAN HULU,DESA,NDEZNET_DESAQ3
HULU SUNGAI UTARA_PALAMPITAN HILIR,DESA,NDEZNET_DESAQ3
HULU SUNGAI UTARA_KEL. SUNGAI MALANG,DESA,NDEZNET_DESAQ3
HULU SUNGAI UTARA_HARUS,DESA,NDEZNET_DESAQ3
HULU SUNGAI UTARA_BERINGIN,DESA,NDEZNET_DESAQ3
HULU SUNGAI UTARA_KALUDAN KECIL,DESA,NDEZNET_DESAQ3
HULU SUNGAI UTARA_KARIAS DALAM,DESA,NDEZNET_DESAQ3
HULU SUNGAI UTARA_BARUH TABING,DESA,NDEZNET_DESAQ3
HULU SUNGAI UTARA_TELUK SARIKAT,DESA,NDEZNET_DESAQ3
HULU SUNGAI UTARA_PAMINTANGAN,DESA,NDEZNET_DESAQ3
HULU SUNGAI UTARA_PAKACANGAN,DESA,NDEZNET_DESAQ3
HULU SUNGAI UTARA_PAKAPURAN,DESA,NDEZNET_DESAQ3
HULU SUNGAI UTARA_PANANGKALAAN,DESA,NDEZNET_DESAQ3
HULU SUNGAI UTARA_KAMAYAHAN,DESA,NDEZNET_DESAQ3
HULU SUNGAI UTARA_BAYUR,DESA,NDEZNET_DESAQ3
HULU SUNGAI UTARA_PALIMBANG SARI,DESA,NDEZNET_DESAQ3
HULU SUNGAI UTARA_SUNGAI LIMAS,DESA,NDEZNET_DESAQ3
TABALONG_HARIANG,DESA,NDEZNET_DESAQ3
TABALONG_BANGKILING,DESA,NDEZNET_DESAQ3
TABALONG_SUNGAI ANYAR,DESA,NDEZNET_DESAQ3
TABALONG_HALANGAN,DESA,NDEZNET_DESAQ3
TABALONG_TELAGA ITAR,DESA,NDEZNET_DESAQ3
TABALONG_PUDAK SETEGAL,DESA,NDEZNET_DESAQ3
TABALONG_BAHUNGIN,DESA,NDEZNET_DESAQ3
TABALONG_TAKULAT,DESA,NDEZNET_DESAQ3
TABALONG_KEL. PULAU,DESA,NDEZNET_DESAQ3
TABALONG_MASINTAN,DESA,NDEZNET_DESAQ3
TABALONG_PALIAT,DESA,NDEZNET_DESAQ3
TABALONG_SUNGAI BULUH,DESA,NDEZNET_DESAQ3
TABALONG_PASAR PANAS,DESA,NDEZNET_DESAQ3
TABALONG_MANTUIL,DESA,NDEZNET_DESAQ3
TABALONG_MURUNG KARANGAN,DESA,NDEZNET_DESAQ3
TABALONG_MANGKUSIP,DESA,NDEZNET_DESAQ3
TABALONG_SUNGAI PIMPING,DESA,NDEZNET_DESAQ3
TABALONG_PUAIN KIWA,DESA,NDEZNET_DESAQ3
TABALONG_KEL. TANJUNG,DESA,NDEZNET_DESAQ3
TABALONG_KEL. AGUNG,DESA,NDEZNET_DESAQ3
TABALONG_MAHE SEBERANG,DESA,NDEZNET_DESAQ3
TABALONG_KEL. SULINGAN,DESA,NDEZNET_DESAQ3
TABALONG_KEL. PEMBATAAN,DESA,NDEZNET_DESAQ3
TABALONG_KEL. MABU'UN,DESA,NDEZNET_DESAQ3
TABALONG_MABURAI,DESA,NDEZNET_DESAQ3
TABALONG_KEL. BELIMBING RAYA,DESA,NDEZNET_DESAQ3
TABALONG_KEL. BELIMBING,DESA,NDEZNET_DESAQ3
TABALONG_KAPAR,DESA,NDEZNET_DESAQ3
TABALONG_MAHE PASAR,DESA,NDEZNET_DESAQ3
TABALONG_HAYUP,DESA,NDEZNET_DESAQ3
TABALONG_WIRANG,DESA,NDEZNET_DESAQ3
BALANGAN_SIMPANG TIGA,DESA,NDEZNET_DESAQ3
BALANGAN_LAMPIHONG KIRI,DESA,NDEZNET_DESAQ3
BALANGAN_HAMPA RAYA,DESA,NDEZNET_DESAQ3
BALANGAN_TELUK MESJID,DESA,NDEZNET_DESAQ3
BALANGAN_BATUMANDI,DESA,NDEZNET_DESAQ3
BALANGAN_RIWA,DESA,NDEZNET_DESAQ3
BALANGAN_BARU,DESA,NDEZNET_DESAQ3
BALANGAN_BABAYAU,DESA,NDEZNET_DESAQ3
BALANGAN_BALANG,DESA,NDEZNET_DESAQ3
BALANGAN_MURUNG ILUNG,DESA,NDEZNET_DESAQ3
BALANGAN_LAYAP,DESA,NDEZNET_DESAQ3
BALANGAN_KEL. PARINGIN TIMUR,DESA,NDEZNET_DESAQ3
BALANGAN_BALIDA,DESA,NDEZNET_DESAQ3
BALANGAN_LASUNG BATU,DESA,NDEZNET_DESAQ3
BALANGAN_DAHAI,DESA,NDEZNET_DESAQ3
BALANGAN_INAN,DESA,NDEZNET_DESAQ3
BALANGAN_LINGSIR,DESA,NDEZNET_DESAQ3
BALANGAN_HALONG,DESA,NDEZNET_DESAQ3
TAPIN_GUNUNGBATU,DESA,NDEZNET_DESAQ3
TAPIN_PADANG SARI,DESA,NDEZNET_DESAQ3
TAPIN_MATANG BATAS,DESA,NDEZNET_DESAQ3
TAPIN_BURAKAI,DESA,NDEZNET_DESAQ3
TAPIN_HATUNGUN,DESA,NDEZNET_DESAQ3
TAPIN_TARUNGIN,DESA,NDEZNET_DESAQ3
TAPIN_BAGAK,DESA,NDEZNET_DESAQ3
TAPIN_ASAM RANDAH,DESA,NDEZNET_DESAQ3
TAPIN_BATU HAPU,DESA,NDEZNET_DESAQ3
TAPIN_KAMBANG KUNING,DESA,NDEZNET_DESAQ3
TAPIN_LAWAHAN,DESA,NDEZNET_DESAQ3
TAPIN_CEMPAKA,DESA,NDEZNET_DESAQ3
TAPIN_TIMBAAN,DESA,NDEZNET_DESAQ3
TAPIN_HATIWIN,DESA,NDEZNET_DESAQ3
TAPIN_KAMBANG HABANG BARU,DESA,NDEZNET_DESAQ3
TAPIN_SUKARAMAI,DESA,NDEZNET_DESAQ3
TAPIN_PANDULANGAN,DESA,NDEZNET_DESAQ3
TAPIN_TIRIK,DESA,NDEZNET_DESAQ3
TAPIN_ANDHIKA,DESA,NDEZNET_DESAQ3
TAPIN_PEMATANG KARANGAN,DESA,NDEZNET_DESAQ3
TAPIN_PAPAGAN MAKMUR,DESA,NDEZNET_DESAQ3
TAPIN_PANDAHAN,DESA,NDEZNET_DESAQ3
TAPIN_PARING GULING,DESA,NDEZNET_DESAQ3
TAPIN_RANTAU BUJUR,DESA,NDEZNET_DESAQ3
TAPIN_HANGUI,DESA,NDEZNET_DESAQ3
TAPIN_LINUH,DESA,NDEZNET_DESAQ3
TAPIN_KALUMPANG,DESA,NDEZNET_DESAQ3
TAPIN_TIMBUNG,DESA,NDEZNET_DESAQ3
TAPIN_BARAMBAN,DESA,NDEZNET_DESAQ3
TAPIN_MIAWA,DESA,NDEZNET_DESAQ3
TAPIN_BUNIIN JAYA,DESA,NDEZNET_DESAQ3
TAPIN_BATU AMPAR,DESA,NDEZNET_DESAQ3
TAPIN_PIPITAK JAYA,DESA,NDEZNET_DESAQ3
TAPIN_HARAKIT,DESA,NDEZNET_DESAQ3
TAPIN_BATUNG,DESA,NDEZNET_DESAQ3
TAPIN_BALAWAIAN,DESA,NDEZNET_DESAQ3
TAPIN_BUDI MULYA,DESA,NDEZNET_DESAQ3
TAPIN_PUNCAK HARAPAN,DESA,NDEZNET_DESAQ3
TAPIN_BADAUN,DESA,NDEZNET_DESAQ3
TAPIN_BANUA HALAR HULU,DESA,NDEZNET_DESAQ3
TAPIN_BANUA HANYAR,DESA,NDEZNET_DESAQ3
TAPIN_PAUL,DESA,NDEZNET_DESAQ3
TAPIN_KETAPANG,DESA,NDEZNET_DESAQ3
TAPIN_BUNDUNG,DESA,NDEZNET_DESAQ3
TAPIN_MASTA,DESA,NDEZNET_DESAQ3
TAPIN_SUNGAI RUTAS HULU,DESA,NDEZNET_DESAQ3
TAPIN_PABAUNGAN HULU,DESA,NDEZNET_DESAQ3
TAPIN_PABAUNGAN PANTAI,DESA,NDEZNET_DESAQ3
TAPIN_PABAUNGAN HILIR,DESA,NDEZNET_DESAQ3
TAPIN_BARINGIN B,DESA,NDEZNET_DESAQ3
TAPIN_MARGASARI HULU,DESA,NDEZNET_DESAQ3
TAPIN_CANDI LARAS,DESA,NDEZNET_DESAQ3
TAPIN_BAULIN,DESA,NDEZNET_DESAQ3
TAPIN_KELADAN,DESA,NDEZNET_DESAQ3
TAPIN_SUNGAI SELAI HILIR,DESA,NDEZNET_DESAQ3
TAPIN_SUNGAI SELAI,DESA,NDEZNET_DESAQ3
TAPIN_SUNGAI PUTING,DESA,NDEZNET_DESAQ3
TAPIN_PARIOK,DESA,NDEZNET_DESAQ3
TAPIN_BATALAS,DESA,NDEZNET_DESAQ3
TAPIN_TELUK HAUR,DESA,NDEZNET_DESAQ3
TAPIN_RAWANA,DESA,NDEZNET_DESAQ3
TAPIN_RAWANA HULU,DESA,NDEZNET_DESAQ3
TAPIN_BUAS-BUAS HILIR,DESA,NDEZNET_DESAQ3
TAPIN_BUAS-BUAS,DESA,NDEZNET_DESAQ3
TAPIN_SAWAJA,DESA,NDEZNET_DESAQ3
HULU SUNGAI TENGAH_TABAT PADANG,DESA,NDEZNET_DESAQ3
HULU SUNGAI TENGAH_SUNGAI HARANG,DESA,NDEZNET_DESAQ3
HULU SUNGAI TENGAH_BATU PANGGUNG,DESA,NDEZNET_DESAQ3
HULU SUNGAI TENGAH_HAPULANG,DESA,NDEZNET_DESAQ3
HULU SUNGAI TENGAH_MANGUNANG,DESA,NDEZNET_DESAQ3
HULU SUNGAI TENGAH_MANGUNANG SEBERANG,DESA,NDEZNET_DESAQ3
HULU SUNGAI TENGAH_PANDANU,DESA,NDEZNET_DESAQ3
HULU SUNGAI TENGAH_BARU,DESA,NDEZNET_DESAQ3
HULU SUNGAI TENGAH_LAYUH,DESA,NDEZNET_DESAQ3
HULU SUNGAI TENGAH_PAYA BESAR,DESA,NDEZNET_DESAQ3
HULU SUNGAI TENGAH_KINDINGAN,DESA,NDEZNET_DESAQ3
HULU SUNGAI TENGAH_HARUYAN DAYAK,DESA,NDEZNET_DESAQ3
HULU SUNGAI TENGAH_TILAHAN,DESA,NDEZNET_DESAQ3
HULU SUNGAI TENGAH_PASTING,DESA,NDEZNET_DESAQ3
HULU SUNGAI TENGAH_BATU TUNGGAL,DESA,NDEZNET_DESAQ3
HULU SUNGAI TENGAH_BULAYAK,DESA,NDEZNET_DESAQ3
HULU SUNGAI TENGAH_MURUNG B,DESA,NDEZNET_DESAQ3
HULU SUNGAI TENGAH_DATAR AJAB,DESA,NDEZNET_DESAQ3
HULU SUNGAI TENGAH_ALAT,DESA,NDEZNET_DESAQ3
HULU SUNGAI TENGAH_HANTAKAN,DESA,NDEZNET_DESAQ3
HULU SUNGAI TENGAH_HINAS KANAN,DESA,NDEZNET_DESAQ3
HULU SUNGAI TENGAH_PATIKALAIN,DESA,NDEZNET_DESAQ3
HULU SUNGAI TENGAH_TANAH HABANG,DESA,NDEZNET_DESAQ3
HULU SUNGAI TENGAH_CUKAN LIPAI,DESA,NDEZNET_DESAQ3
HULU SUNGAI TENGAH_LIMBAR,DESA,NDEZNET_DESAQ3
HULU SUNGAI TENGAH_MAHELA,DESA,NDEZNET_DESAQ3
HULU SUNGAI TENGAH_JUHU,DESA,NDEZNET_DESAQ3
HULU SUNGAI TENGAH_HINAS KIRI,DESA,NDEZNET_DESAQ3
HULU SUNGAI TENGAH_ATIRAN,DESA,NDEZNET_DESAQ3
HULU SUNGAI TENGAH_MUARA HUNGI,DESA,NDEZNET_DESAQ3
HULU SUNGAI TENGAH_PEMBAKULAN,DESA,NDEZNET_DESAQ3
HULU SUNGAI TENGAH_NATEH,DESA,NDEZNET_DESAQ3
HULU SUNGAI TENGAH_BATU TANGGA,DESA,NDEZNET_DESAQ3
HULU SUNGAI TENGAH_TANDILANG,DESA,NDEZNET_DESAQ3
HULU SUNGAI TENGAH_BATU PERAHU,DESA,NDEZNET_DESAQ3
HULU SUNGAI TENGAH_AING BANTAI,DESA,NDEZNET_DESAQ3
HULU SUNGAI TENGAH_DATAR BATUNG,DESA,NDEZNET_DESAQ3
HULU SUNGAI TENGAH_PANGGANG MARAK,DESA,NDEZNET_DESAQ3
HULU SUNGAI TENGAH_MUNDAR,DESA,NDEZNET_DESAQ3
HULU SUNGAI TENGAH_MAHANG BARU,DESA,NDEZNET_DESAQ3
HULU SUNGAI TENGAH_JAMIL,DESA,NDEZNET_DESAQ3
HULU SUNGAI TENGAH_SUNGAI JARANIH,DESA,NDEZNET_DESAQ3
HULU SUNGAI TENGAH_PAHALATAN,DESA,NDEZNET_DESAQ3
HULU SUNGAI TENGAH_PARUMAHAN,DESA,NDEZNET_DESAQ3
HULU SUNGAI TENGAH_TABAT,DESA,NDEZNET_DESAQ3
HULU SUNGAI TENGAH_MANTAAS,DESA,NDEZNET_DESAQ3
HULU SUNGAI TENGAH_RANTAU BUJUR,DESA,NDEZNET_DESAQ3
HULU SUNGAI TENGAH_TUNGKUP,DESA,NDEZNET_DESAQ3
HULU SUNGAI TENGAH_SAMHURANG,DESA,NDEZNET_DESAQ3
HULU SUNGAI TENGAH_MASIRAAN,DESA,NDEZNET_DESAQ3
HULU SUNGAI TENGAH_KAYU RABAH,DESA,NDEZNET_DESAQ3
HULU SUNGAI TENGAH_SETIAP,DESA,NDEZNET_DESAQ3
HULU SUNGAI TENGAH_SUMANGGI,DESA,NDEZNET_DESAQ3
HULU SUNGAI TENGAH_DANGU,DESA,NDEZNET_DESAQ3
HULU SUNGAI TENGAH_AWANG BARU,DESA,NDEZNET_DESAQ3
HULU SUNGAI TENGAH_AWANG,DESA,NDEZNET_DESAQ3
HULU SUNGAI TENGAH_LABUNGANAK,DESA,NDEZNET_DESAQ3
HULU SUNGAI TENGAH_TAPUK,DESA,NDEZNET_DESAQ3
HULU SUNGAI TENGAH_PAUH,DESA,NDEZNET_DESAQ3
HULU SUNGAI TENGAH_HAWANG,DESA,NDEZNET_DESAQ3
HULU SUNGAI TENGAH_KARAU,DESA,NDEZNET_DESAQ3
HULU SUNGAI UTARA_SUNGAI NAMANG,DESA,NDEZNET_DESAQ3
HULU SUNGAI UTARA_SARANG BURUNG,DESA,NDEZNET_DESAQ3
HULU SUNGAI UTARA_TELAGA MAS,DESA,NDEZNET_DESAQ3
HULU SUNGAI UTARA_LONGKONG,DESA,NDEZNET_DESAQ3
HULU SUNGAI UTARA_BARU,DESA,NDEZNET_DESAQ3
HULU SUNGAI UTARA_PARARAIN,DESA,NDEZNET_DESAQ3
HULU SUNGAI UTARA_RINTISAN,DESA,NDEZNET_DESAQ3
HULU SUNGAI UTARA_PAMINGGIR,DESA,NDEZNET_DESAQ3
HULU SUNGAI UTARA_PAMINGGIR SEBERANG,DESA,NDEZNET_DESAQ3
HULU SUNGAI UTARA_AMBAHAI,DESA,NDEZNET_DESAQ3
HULU SUNGAI UTARA_SAPALA,DESA,NDEZNET_DESAQ3
HULU SUNGAI UTARA_BARARAWA,DESA,NDEZNET_DESAQ3
HULU SUNGAI UTARA_PAL BATU,DESA,NDEZNET_DESAQ3
HULU SUNGAI UTARA_TAMPAKANG,DESA,NDEZNET_DESAQ3
HULU SUNGAI UTARA_MURUNG KUPANG,DESA,NDEZNET_DESAQ3
HULU SUNGAI UTARA_HAMBUKU BARU,DESA,NDEZNET_DESAQ3
HULU SUNGAI UTARA_HAMBUKU HILIR,DESA,NDEZNET_DESAQ3
HULU SUNGAI UTARA_MURUNG PANTI HULU,DESA,NDEZNET_DESAQ3
HULU SUNGAI UTARA_TELUK LIMBUNG,DESA,NDEZNET_DESAQ3
HULU SUNGAI UTARA_SUNGAI PAPUYU,DESA,NDEZNET_DESAQ3
HULU SUNGAI UTARA_KALUMPANG DALAM,DESA,NDEZNET_DESAQ3
HULU SUNGAI UTARA_SUNGAI LUANG HILIR,DESA,NDEZNET_DESAQ3
HULU SUNGAI UTARA_PARUPUKAN,DESA,NDEZNET_DESAQ3
HULU SUNGAI UTARA_SUNGAI NYIUR,DESA,NDEZNET_DESAQ3
HULU SUNGAI UTARA_SUNGAI LUANG HULU,DESA,NDEZNET_DESAQ3
HULU SUNGAI UTARA_SUNGAI DALAM,DESA,NDEZNET_DESAQ3
HULU SUNGAI UTARA_PAJUKUNGAN HILIR,DESA,NDEZNET_DESAQ3
HULU SUNGAI UTARA_PAJUKUNGAN HULU,DESA,NDEZNET_DESAQ3
HULU SUNGAI UTARA_PONDOK BABARIS,DESA,NDEZNET_DESAQ3
HULU SUNGAI UTARA_MURUNG ASAM,DESA,NDEZNET_DESAQ3
HULU SUNGAI UTARA_JALAN LURUS,DESA,NDEZNET_DESAQ3
HULU SUNGAI UTARA_HAMBUKU PASAR,DESA,NDEZNET_DESAQ3
HULU SUNGAI UTARA_HAMBUKU RAYA,DESA,NDEZNET_DESAQ3
HULU SUNGAI UTARA_HAMBUKU HULU,DESA,NDEZNET_DESAQ3
HULU SUNGAI UTARA_TAMBALANG,DESA,NDEZNET_DESAQ3
HULU SUNGAI UTARA_TAMBALANG TENGAH,DESA,NDEZNET_DESAQ3
HULU SUNGAI UTARA_TAMBALANG KECIL,DESA,NDEZNET_DESAQ3
HULU SUNGAI UTARA_PUTAT ATAS,DESA,NDEZNET_DESAQ3
HULU SUNGAI UTARA_PADANG BANGKAL,DESA,NDEZNET_DESAQ3
HULU SUNGAI UTARA_PASAR SABTU,DESA,NDEZNET_DESAQ3
HULU SUNGAI UTARA_HILIR MESJID,DESA,NDEZNET_DESAQ3
HULU SUNGAI UTARA_GAMPA RAYA,DESA,NDEZNET_DESAQ3
HULU SUNGAI UTARA_RANTAU BUJUR DARAT,DESA,NDEZNET_DESAQ3
HULU SUNGAI UTARA_RUKAM HULU,DESA,NDEZNET_DESAQ3
HULU SUNGAI UTARA_RUKAM HILIR,DESA,NDEZNET_DESAQ3
HULU SUNGAI UTARA_KUTAI KECIL,DESA,NDEZNET_DESAQ3
HULU SUNGAI UTARA_KAYAKAH,DESA,NDEZNET_DESAQ3
HULU SUNGAI UTARA_BAJAWIT,DESA,NDEZNET_DESAQ3
HULU SUNGAI UTARA_PADANG TANGGUL,DESA,NDEZNET_DESAQ3
HULU SUNGAI UTARA_MURUNG PANGGANG,DESA,NDEZNET_DESAQ3
HULU SUNGAI UTARA_DANAU CERMIN,DESA,NDEZNET_DESAQ3
HULU SUNGAI UTARA_PINANGKARA,DESA,NDEZNET_DESAQ3
HULU SUNGAI UTARA_PINANG HABANG,DESA,NDEZNET_DESAQ3
HULU SUNGAI UTARA_TAPUS,DESA,NDEZNET_DESAQ3
HULU SUNGAI UTARA_MAWAR SARI,DESA,NDEZNET_DESAQ3
HULU SUNGAI UTARA_PAWALUTAN,DESA,NDEZNET_DESAQ3
HULU SUNGAI UTARA_TELUK BULUH,DESA,NDEZNET_DESAQ3
HULU SUNGAI UTARA_GARUNGGANG,DESA,NDEZNET_DESAQ3
HULU SUNGAI UTARA_DANAU TERATI,DESA,NDEZNET_DESAQ3
HULU SUNGAI UTARA_MURUNG PADANG,DESA,NDEZNET_DESAQ3
HULU SUNGAI UTARA_PULAU DAMAR,DESA,NDEZNET_DESAQ3
HULU SUNGAI UTARA_MURUNG KARANGAN,DESA,NDEZNET_DESAQ3
HULU SUNGAI UTARA_PANANGIAN,DESA,NDEZNET_DESAQ3
HULU SUNGAI UTARA_SUNGAI TURAK DALAM,DESA,NDEZNET_DESAQ3
HULU SUNGAI UTARA_PANDAWANAN,DESA,NDEZNET_DESAQ3
HULU SUNGAI UTARA_PIMPING,DESA,NDEZNET_DESAQ3
HULU SUNGAI UTARA_PADANG LUAR,DESA,NDEZNET_DESAQ3
HULU SUNGAI UTARA_TABING LIRING,DESA,NDEZNET_DESAQ3
HULU SUNGAI UTARA_PALIMBANGAN GUSTI,DESA,NDEZNET_DESAQ3
HULU SUNGAI UTARA_PULANTANI,DESA,NDEZNET_DESAQ3
HULU SUNGAI UTARA_TELUK HAUR,DESA,NDEZNET_DESAQ3
HULU SUNGAI UTARA_WARINGIN,DESA,NDEZNET_DESAQ3
HULU SUNGAI UTARA_TANGKAWANG,DESA,NDEZNET_DESAQ3
HULU SUNGAI UTARA_TUHURAN,DESA,NDEZNET_DESAQ3
TABALONG_HAPALAH,DESA,NDEZNET_DESAQ3
TABALONG_BATANG BANYU,DESA,NDEZNET_DESAQ3
TABALONG_BANGKILING RAYA,DESA,NDEZNET_DESAQ3
TABALONG_HABAU,DESA,NDEZNET_DESAQ3
TABALONG_HABAU HULU,DESA,NDEZNET_DESAQ3
TABALONG_PAMPANAN,DESA,NDEZNET_DESAQ3
TABALONG_SUNGAI RUKAM II,DESA,NDEZNET_DESAQ3
TABALONG_JIRAK,DESA,NDEZNET_DESAQ3
TABALONG_MADANG,DESA,NDEZNET_DESAQ3
TABALONG_HARUS,DESA,NDEZNET_DESAQ3
TABALONG_MANDUIN,DESA,NDEZNET_DESAQ3
TABALONG_WALANGKIR,DESA,NDEZNET_DESAQ3
TABALONG_PULAU KU'U,DESA,NDEZNET_DESAQ3
TABALONG_TAMIYANG,DESA,NDEZNET_DESAQ3
TABALONG_PAMARANGAN KANAN,DESA,NDEZNET_DESAQ3
TABALONG_MURUNG BARU,DESA,NDEZNET_DESAQ3
TABALONG_KASIAU RAYA,DESA,NDEZNET_DESAQ3
TABALONG_LOK BATU,DESA,NDEZNET_DESAQ3
TABALONG_KEMBANG KUNING,DESA,NDEZNET_DESAQ3
TABALONG_CATUR KARYA,DESA,NDEZNET_DESAQ3
TABALONG_SURIAN,DESA,NDEZNET_DESAQ3
TABALONG_WALING,DESA,NDEZNET_DESAQ3
TABALONG_USIH,DESA,NDEZNET_DESAQ3
TABALONG_BINTANG ARA,DESA,NDEZNET_DESAQ3
TABALONG_ARGO MULYO,DESA,NDEZNET_DESAQ3
TABALONG_BURUM,DESA,NDEZNET_DESAQ3
TABALONG_PANAAN,DESA,NDEZNET_DESAQ3
TABALONG_HEGARMANAH,DESA,NDEZNET_DESAQ3
TABALONG_DAMBUNG RAYA,DESA,NDEZNET_DESAQ3
TABALONG_BUMI MAKMUR,DESA,NDEZNET_DESAQ3
TABALONG_MASINGAI II,DESA,NDEZNET_DESAQ3
TABALONG_MASINGAI I,DESA,NDEZNET_DESAQ3
TABALONG_BILAS,DESA,NDEZNET_DESAQ3
TABALONG_KAONG,DESA,NDEZNET_DESAQ3
TABALONG_PANGELAK,DESA,NDEZNET_DESAQ3
TABALONG_RIBANG,DESA,NDEZNET_DESAQ3
TABALONG_KUPANG NUNDING,DESA,NDEZNET_DESAQ3
TABALONG_MANGKUPUM,DESA,NDEZNET_DESAQ3
TABALONG_KAMPUNG BARU,DESA,NDEZNET_DESAQ3
TABALONG_PASAR BATU,DESA,NDEZNET_DESAQ3
TABALONG_UWIE,DESA,NDEZNET_DESAQ3
TABALONG_SANTUUN,DESA,NDEZNET_DESAQ3
TABALONG_BINJAI,DESA,NDEZNET_DESAQ3
TABALONG_SALIKUNG,DESA,NDEZNET_DESAQ3
TABALONG_SUNGAI KUMAP,DESA,NDEZNET_DESAQ3
TABALONG_MUANG,DESA,NDEZNET_DESAQ3
TABALONG_TERATAU,DESA,NDEZNET_DESAQ3
TABALONG_PURUI,DESA,NDEZNET_DESAQ3
TABALONG_GARAGATA,DESA,NDEZNET_DESAQ3
TABALONG_SOLAN,DESA,NDEZNET_DESAQ3
TABALONG_LANO,DESA,NDEZNET_DESAQ3
BALANGAN_TELUK KARYA,DESA,NDEZNET_DESAQ3
BALANGAN_MATANG LURUS,DESA,NDEZNET_DESAQ3
BALANGAN_PIMPING,DESA,NDEZNET_DESAQ3
BALANGAN_TANAH HABANG KIRI,DESA,NDEZNET_DESAQ3
BALANGAN_TANAH HABANG KANAN,DESA,NDEZNET_DESAQ3
BALANGAN_KANDANG JAYA,DESA,NDEZNET_DESAQ3
BALANGAN_JIMAMUN,DESA,NDEZNET_DESAQ3
BALANGAN_PANAITAN,DESA,NDEZNET_DESAQ3
BALANGAN_TAMPANG,DESA,NDEZNET_DESAQ3
BALANGAN_LOK PANGINANGAN,DESA,NDEZNET_DESAQ3
BALANGAN_SUNGAI TABUK,DESA,NDEZNET_DESAQ3
BALANGAN_BATU MERAH,DESA,NDEZNET_DESAQ3
BALANGAN_MATANG HANAU,DESA,NDEZNET_DESAQ3
BALANGAN_PUPUYUAN,DESA,NDEZNET_DESAQ3
BALANGAN_LAJAR,DESA,NDEZNET_DESAQ3
BALANGAN_GUNUNG MANAU,DESA,NDEZNET_DESAQ3
BALANGAN_LOK BATU,DESA,NDEZNET_DESAQ3
BALANGAN_BAKUNG,DESA,NDEZNET_DESAQ3
BALANGAN_KARUH,DESA,NDEZNET_DESAQ3
BALANGAN_MUNJUNG,DESA,NDEZNET_DESAQ3
BALANGAN_PELAJAU,DESA,NDEZNET_DESAQ3
BALANGAN_KASAI,DESA,NDEZNET_DESAQ3
BALANGAN_GUHA,DESA,NDEZNET_DESAQ3
BALANGAN_NUNGKA,DESA,NDEZNET_DESAQ3
BALANGAN_TUNDAKAN,DESA,NDEZNET_DESAQ3
BALANGAN_PIYAIT,DESA,NDEZNET_DESAQ3
BALANGAN_BARAMBAN,DESA,NDEZNET_DESAQ3
BALANGAN_BIHARA,DESA,NDEZNET_DESAQ3
BALANGAN_BIHARA HILIR,DESA,NDEZNET_DESAQ3
BALANGAN_MUARA JAYA,DESA,NDEZNET_DESAQ3
BALANGAN_PEMATANG,DESA,NDEZNET_DESAQ3
BALANGAN_SEI PUMPUNG,DESA,NDEZNET_DESAQ3
BALANGAN_MERAH,DESA,NDEZNET_DESAQ3
BALANGAN_KEDONDONG,DESA,NDEZNET_DESAQ3
BALANGAN_PULANTAN,DESA,NDEZNET_DESAQ3
BALANGAN_BADALUNGGA HILIR,DESA,NDEZNET_DESAQ3
BALANGAN_SIKONTAN,DESA,NDEZNET_DESAQ3
BALANGAN_TUNDI,DESA,NDEZNET_DESAQ3
BALANGAN_TANGALIN,DESA,NDEZNET_DESAQ3
BALANGAN_JU'UH,DESA,NDEZNET_DESAQ3
BALANGAN_SUNGSUM,DESA,NDEZNET_DESAQ3
BALANGAN_AUH,DESA,NDEZNET_DESAQ3
BALANGAN_DAYAK PITAP,DESA,NDEZNET_DESAQ3
BALANGAN_LANGKAP,DESA,NDEZNET_DESAQ3
BALANGAN_MAYANAU,DESA,NDEZNET_DESAQ3
BALANGAN_SIMPANG BUMBUAN,DESA,NDEZNET_DESAQ3
BALANGAN_SIMPANG NADONG,DESA,NDEZNET_DESAQ3
BALANGAN_GUNUNG BATU,DESA,NDEZNET_DESAQ3
BALANGAN_TEBING TINGGI,DESA,NDEZNET_DESAQ3
BALANGAN_AJUNG,DESA,NDEZNET_DESAQ3
BALANGAN_KAMBIYAIN,DESA,NDEZNET_DESAQ3
BALANGAN_MURUNG JAMBU,DESA,NDEZNET_DESAQ3
BALANGAN_HALUBAU,DESA,NDEZNET_DESAQ3
BALANGAN_MURUNG ABUIN,DESA,NDEZNET_DESAQ3
BALANGAN_BARUH BAHINU DALAM,DESA,NDEZNET_DESAQ3
BALANGAN_BINJAI,DESA,NDEZNET_DESAQ3
BALANGAN_TELAGA PURUN,DESA,NDEZNET_DESAQ3
BALANGAN_HALUBAU UTARA,DESA,NDEZNET_DESAQ3
BALANGAN_TARANGAN,DESA,NDEZNET_DESAQ3
BALANGAN_PAMURUS,DESA,NDEZNET_DESAQ3
BALANGAN_GULINGGANG,DESA,NDEZNET_DESAQ3
BALANGAN_SUNGAI BATUNG,DESA,NDEZNET_DESAQ3
BALANGAN_TAWAHAN,DESA,NDEZNET_DESAQ3
BALANGAN_TIGARUN,DESA,NDEZNET_DESAQ3
BALANGAN_PANIMBAAN,DESA,NDEZNET_DESAQ3
BALANGAN_JUAI,DESA,NDEZNET_DESAQ3
BALANGAN_TELUK BAYUR,DESA,NDEZNET_DESAQ3
BALANGAN_HAMARUNG,DESA,NDEZNET_DESAQ3
BALANGAN_HUKAI,DESA,NDEZNET_DESAQ3
BALANGAN_WONOREJO,DESA,NDEZNET_DESAQ3
BALANGAN_SUMBER REJEKI,DESA,NDEZNET_DESAQ3
BALANGAN_BATA,DESA,NDEZNET_DESAQ3
BALANGAN_MIHU,DESA,NDEZNET_DESAQ3
BALANGAN_LALAYAU,DESA,NDEZNET_DESAQ3
BALANGAN_BINUANG SANTANG,DESA,NDEZNET_DESAQ3
BALANGAN_MARAJAI,DESA,NDEZNET_DESAQ3
BALANGAN_MAUYA,DESA,NDEZNET_DESAQ3
BALANGAN_MANTUYAN,DESA,NDEZNET_DESAQ3
BALANGAN_TABUAN,DESA,NDEZNET_DESAQ3
BALANGAN_BUNTU PILANDUK,DESA,NDEZNET_DESAQ3
BALANGAN_UREN,DESA,NDEZNET_DESAQ3
BALANGAN_MAMANTANG,DESA,NDEZNET_DESAQ3
BALANGAN_KAPUL,DESA,NDEZNET_DESAQ3
BALANGAN_BINJAI PUNGGAL,DESA,NDEZNET_DESAQ3
BALANGAN_BARUH PANYAMBARAN,DESA,NDEZNET_DESAQ3
BALANGAN_BINJU,DESA,NDEZNET_DESAQ3
BALANGAN_BANGKAL,DESA,NDEZNET_DESAQ3
BALANGAN_SURYATAMA,DESA,NDEZNET_DESAQ3
BALANGAN_HAUWAI,DESA,NDEZNET_DESAQ3
BALANGAN_KARYA,DESA,NDEZNET_DESAQ3
BALANGAN_PUYUN,DESA,NDEZNET_DESAQ3
BALANGAN_GUNUNG RIUT,DESA,NDEZNET_DESAQ3
BALANGAN_LIYU,DESA,NDEZNET_DESAQ3
BALANGAN_ANIUNGAN,DESA,NDEZNET_DESAQ3
BALANGAN_MAMIGANG,DESA,NDEZNET_DESAQ3
BALANGAN_PADANG RAYA,DESA,NDEZNET_DESAQ3
BALANGAN_SUMBER AGUNG,DESA,NDEZNET_DESAQ3
INDRAGIRI HULU_SEMELINANG TEBING,DESA,NDEZNET_DESAQ3
INDRAGIRI HULU_PAUH RANAP,DESA,NDEZNET_DESAQ3
INDRAGIRI HULU_PANDAN WANGI,DESA,NDEZNET_DESAQ3
INDRAGIRI HULU_SERAI WANGI,DESA,NDEZNET_DESAQ3
INDRAGIRI HULU_KATIPO PURA,DESA,NDEZNET_DESAQ3
INDRAGIRI HULU_SETAKO RAYA,DESA,NDEZNET_DESAQ3
INDRAGIRI HULU_BATU RIJAL BARAT,DESA,NDEZNET_DESAQ3
INDRAGIRI HULU_PUNTI KAYU,DESA,NDEZNET_DESAQ3
INDRAGIRI HULU_PESAJIAN,DESA,NDEZNET_DESAQ3
INDRAGIRI HULU_SENCANO JAYA,DESA,NDEZNET_DESAQ3
INDRAGIRI HULU_SUNGAI AUR,DESA,NDEZNET_DESAQ3
INDRAGIRI HULU_PELADANGAN,DESA,NDEZNET_DESAQ3
INDRAGIRI HULU_KOTO TUO,DESA,NDEZNET_DESAQ3
INDRAGIRI HULU_PAYA RUMBAI,DESA,NDEZNET_DESAQ3
INDRAGIRI HULU_BELIGAN,DESA,NDEZNET_DESAQ3
INDRAGIRI HULU_BANDAR PADANG,DESA,NDEZNET_DESAQ3
INDRAGIRI HULU_TALANG BERSEMI,DESA,NDEZNET_DESAQ3
INDRAGIRI HULU_TALANG MULYA,DESA,NDEZNET_DESAQ3
INDRAGIRI HULU_ANAK TALANG,DESA,NDEZNET_DESAQ3
INDRAGIRI HULU_CENAKU KECIL,DESA,NDEZNET_DESAQ3
INDRAGIRI HULU_ALIM,DESA,NDEZNET_DESAQ3
INDRAGIRI HULU_PEMATANG MANGGIS,DESA,NDEZNET_DESAQ3
INDRAGIRI HULU_BUKIT LINGKAR,DESA,NDEZNET_DESAQ3
INDRAGIRI HULU_BUKIT LIPAI,DESA,NDEZNET_DESAQ3
INDRAGIRI HULU_KUALA GADING,DESA,NDEZNET_DESAQ3
INDRAGIRI HULU_SIPANG,DESA,NDEZNET_DESAQ3
INDRAGIRI HULU_PEJANGKI,DESA,NDEZNET_DESAQ3
INDRAGIRI HULU_LAHAI KEMUNING,DESA,NDEZNET_DESAQ3
INDRAGIRI HULU_KEPAYANG SARI,DESA,NDEZNET_DESAQ3
INDRAGIRI HULU_BATU PAPAN,DESA,NDEZNET_DESAQ3
INDRAGIRI HULU_SANGLAP,DESA,NDEZNET_DESAQ3
INDRAGIRI HULU_RANTAI LANGSAT,DESA,NDEZNET_DESAQ3
INDRAGIRI HULU_SUNGAI AKAR,DESA,NDEZNET_DESAQ3
INDRAGIRI HULU_USUL,DESA,NDEZNET_DESAQ3
INDRAGIRI HULU_TALANG LAKAT,DESA,NDEZNET_DESAQ3
INDRAGIRI HULU_BELIMBING,DESA,NDEZNET_DESAQ3
INDRAGIRI HULU_RINGIN,DESA,NDEZNET_DESAQ3
INDRAGIRI HULU_PENYAGUAN,DESA,NDEZNET_DESAQ3
INDRAGIRI HULU_DANAU RAMBAI,DESA,NDEZNET_DESAQ3
INDRAGIRI HULU_PULAU SENGKILO,DESA,NDEZNET_DESAQ3
INDRAGIRI HULU_KOTA MEDAN,DESA,NDEZNET_DESAQ3
INDRAGIRI HULU_POLAK PISANG,DESA,NDEZNET_DESAQ3
INDRAGIRI HULU_SIMPANG KOTA MEDAN,DESA,NDEZNET_DESAQ3
INDRAGIRI HULU_TANJUNG BELUDU,DESA,NDEZNET_DESAQ3
INDRAGIRI HULU_PELANGKO,DESA,NDEZNET_DESAQ3
INDRAGIRI HULU_KEL. SIMPANG KELAYANG,DESA,NDEZNET_DESAQ3
INDRAGIRI HULU_TELUK SEJUAH,DESA,NDEZNET_DESAQ3
INDRAGIRI HULU_DUSUN TUA,DESA,NDEZNET_DESAQ3
INDRAGIRI HULU_BONGKAL MALANG,DESA,NDEZNET_DESAQ3
INDRAGIRI HULU_SUNGAI BANYAK IKAN,DESA,NDEZNET_DESAQ3
INDRAGIRI HULU_SUNGAI PASIR PUTIH,DESA,NDEZNET_DESAQ3
INDRAGIRI HULU_SUNGAI GOLANG,DESA,NDEZNET_DESAQ3
INDRAGIRI HULU_SUNGAI KUNING BENIO,DESA,NDEZNET_DESAQ3
INDRAGIRI HULU_PASIR BERINGIN,DESA,NDEZNET_DESAQ3
INDRAGIRI HULU_BUKIT SELANJUT,DESA,NDEZNET_DESAQ3
INDRAGIRI HULU_DUSUN TUA PELANG,DESA,NDEZNET_DESAQ3
INDRAGIRI HULU_KOTA BARU,DESA,NDEZNET_DESAQ3
INDRAGIRI HULU_RIMBA SEMINAI,DESA,NDEZNET_DESAQ3
INDRAGIRI HULU_KUANTAN TENANG,DESA,NDEZNET_DESAQ3
INDRAGIRI HULU_KELAYANG,DESA,NDEZNET_DESAQ3
INDRAGIRI HULU_LUBUK SITARAK,DESA,NDEZNET_DESAQ3
INDRAGIRI HULU_PETONGGAN,DESA,NDEZNET_DESAQ3
INDRAGIRI HULU_BATU SAWAR,DESA,NDEZNET_DESAQ3
INDRAGIRI HULU_TALANG SUNGAI PARIT,DESA,NDEZNET_DESAQ3
INDRAGIRI HULU_TALANG SELANTAI,DESA,NDEZNET_DESAQ3
INDRAGIRI HULU_TALANG PERIGI,DESA,NDEZNET_DESAQ3
INDRAGIRI HULU_TALANG GEDABU,DESA,NDEZNET_DESAQ3
INDRAGIRI HULU_TALANG SUNGAI LIMAU,DESA,NDEZNET_DESAQ3
INDRAGIRI HULU_TALANG DURIAN CACAR,DESA,NDEZNET_DESAQ3
INDRAGIRI HULU_TUJUH BUAH TANGGA,DESA,NDEZNET_DESAQ3
INDRAGIRI HULU_BUKIT INDAH,DESA,NDEZNET_DESAQ3
INDRAGIRI HULU_KAMPUNG BUNGA,DESA,NDEZNET_DESAQ3
INDRAGIRI HULU_TALANG PRING JAYA,DESA,NDEZNET_DESAQ3
INDRAGIRI HULU_SUNGAI EKOK,DESA,NDEZNET_DESAQ3
INDRAGIRI HULU_TALANG SUKA MAJU,DESA,NDEZNET_DESAQ3
INDRAGIRI HULU_PASIR KERANJI,DESA,NDEZNET_DESAQ3
INDRAGIRI HULU_PETALONGAN,DESA,NDEZNET_DESAQ3
INDRAGIRI HULU_BANJAR BALAM,DESA,NDEZNET_DESAQ3
INDRAGIRI HULU_REDANG SEKO,DESA,NDEZNET_DESAQ3
INDRAGIRI HULU_MEKAR SARI,DESA,NDEZNET_DESAQ3
INDRAGIRI HULU_KUALA LALA,DESA,NDEZNET_DESAQ3
INDRAGIRI HULU_PASIR BATU MANDI,DESA,NDEZNET_DESAQ3
INDRAGIRI HULU_PASIR SELABAU,DESA,NDEZNET_DESAQ3
INDRAGIRI HULU_PASIR BONGKAL,DESA,NDEZNET_DESAQ3
INDRAGIRI HULU_PERKEBUNAN SUNGAI PARIT,DESA,NDEZNET_DESAQ3
INDRAGIRI HULU_MORONG,DESA,NDEZNET_DESAQ3
INDRAGIRI HULU_TANJUNG DANAU,DESA,NDEZNET_DESAQ3
INDRAGIRI HULU_SUNGAI AIR PUTIH,DESA,NDEZNET_DESAQ3
INDRAGIRI HULU_PONDOK GELUGUR,DESA,NDEZNET_DESAQ3
INDRAGIRI HULU_LUBUK BATU TINGGAL,DESA,NDEZNET_DESAQ3
INDRAGIRI HULU_BARANGAN,DESA,NDEZNET_DESAQ3
INDRAGIRI HULU_ALANG KEPAYANG,DESA,NDEZNET_DESAQ3
INDRAGIRI HULU_PEMATANG JAYA,DESA,NDEZNET_DESAQ3
INDRAGIRI HULU_BUKIT PETALING,DESA,NDEZNET_DESAQ3
INDRAGIRI HULU_SIALANG DUA DAHAN,DESA,NDEZNET_DESAQ3
INDRAGIRI HULU_TANI MAKMUR,DESA,NDEZNET_DESAQ3
INDRAGIRI HULU_AIR JERNIH,DESA,NDEZNET_DESAQ3
INDRAGIRI HULU_DANAU TIGA,DESA,NDEZNET_DESAQ3
INDRAGIRI HULU_SUNGAI GUNTUNG TENGAH,DESA,NDEZNET_DESAQ3
INDRAGIRI HULU_PULAU GAJAH,DESA,NDEZNET_DESAQ3
INDRAGIRI HULU_RAWA BANGUN,DESA,NDEZNET_DESAQ3
INDRAGIRI HULU_TAMBAK,DESA,NDEZNET_DESAQ3
INDRAGIRI HULU_TANJUNG SARI,DESA,NDEZNET_DESAQ3
INDRAGIRI HULU_RAWA SEKIP,DESA,NDEZNET_DESAQ3
INDRAGIRI HULU_RAWA ASRI,DESA,NDEZNET_DESAQ3
INDRAGIRI HULU_SUKA JADI,DESA,NDEZNET_DESAQ3
INDRAGIRI HULU_TELUK SUNGKAI,DESA,NDEZNET_DESAQ3
INDRAGIRI HILIR_SEBERANG PEBENAAN,DESA,NDEZNET_DESAQ3
INDRAGIRI HILIR_PEBENAAN,DESA,NDEZNET_DESAQ3
INDRAGIRI HILIR_NUSANTARA JAYA,DESA,NDEZNET_DESAQ3
INDRAGIRI HILIR_KEMBANG MEKARSARI,DESA,NDEZNET_DESAQ3
INDRAGIRI HILIR_KUALA KERITANG,DESA,NDEZNET_DESAQ3
INDRAGIRI HILIR_KUALA LEMANG,DESA,NDEZNET_DESAQ3
INDRAGIRI HILIR_TELUKKELASA,DESA,NDEZNET_DESAQ3
INDRAGIRI HILIR_PENGALIHAN,DESA,NDEZNET_DESAQ3
INDRAGIRI HILIR_PANCUR,DESA,NDEZNET_DESAQ3
INDRAGIRI HILIR_SENCALANG,DESA,NDEZNET_DESAQ3
INDRAGIRI HILIR_KAYU RAJA,DESA,NDEZNET_DESAQ3
INDRAGIRI HILIR_LINTAS UTARA,DESA,NDEZNET_DESAQ3
INDRAGIRI HILIR_NYIUR PERMAI,DESA,NDEZNET_DESAQ3
INDRAGIRI HILIR_PETALONGAN,DESA,NDEZNET_DESAQ3
INDRAGIRI HILIR_AIR BALUI,DESA,NDEZNET_DESAQ3
INDRAGIRI HILIR_TUK JIMUN,DESA,NDEZNET_DESAQ3
INDRAGIRI HILIR_KEMUNING MUDA,DESA,NDEZNET_DESAQ3
INDRAGIRI HILIR_KEMUNING TUA,DESA,NDEZNET_DESAQ3
INDRAGIRI HILIR_SEKARA,DESA,NDEZNET_DESAQ3
INDRAGIRI HILIR_LIMAU MANIS,DESA,NDEZNET_DESAQ3
INDRAGIRI HILIR_TALANG JANGKANG,DESA,NDEZNET_DESAQ3
INDRAGIRI HILIR_LUBUK BESAR,DESA,NDEZNET_DESAQ3
INDRAGIRI HILIR_SEKAYAN,DESA,NDEZNET_DESAQ3
INDRAGIRI HILIR_SANGLAR,DESA,NDEZNET_DESAQ3
INDRAGIRI HILIR_PULAUKECIL,DESA,NDEZNET_DESAQ3
INDRAGIRI HILIR_SUNGAIUNDAN,DESA,NDEZNET_DESAQ3
INDRAGIRI HILIR_SUNGAITERAP,DESA,NDEZNET_DESAQ3
INDRAGIRI HILIR_SEBERANG SANGLAR,DESA,NDEZNET_DESAQ3
INDRAGIRI HILIR_MEKAR SARI,DESA,NDEZNET_DESAQ3
INDRAGIRI HILIR_SEBERANG PULAU KIJANG,DESA,NDEZNET_DESAQ3
INDRAGIRI HILIR_SUNGAIASAM,DESA,NDEZNET_DESAQ3
INDRAGIRI HILIR_PULAURUKU,DESA,NDEZNET_DESAQ3
INDRAGIRI HILIR_TANJUNGLABUH,DESA,NDEZNET_DESAQ3
INDRAGIRI HILIR_SUNGAIMAHANG,DESA,NDEZNET_DESAQ3
INDRAGIRI HILIR_KUALA PATAH PARANG,DESA,NDEZNET_DESAQ3
INDRAGIRI HILIR_KUALA SUNGAI BATANG,DESA,NDEZNET_DESAQ3
INDRAGIRI HILIR_PASENGGERAHAN,DESA,NDEZNET_DESAQ3
INDRAGIRI HILIR_KEL. BENTENG,DESA,NDEZNET_DESAQ3
INDRAGIRI HILIR_BENTENG BARAT,DESA,NDEZNET_DESAQ3
INDRAGIRI HILIR_BENTENG UTARA,DESA,NDEZNET_DESAQ3
INDRAGIRI HILIR_PANDAN SARI,DESA,NDEZNET_DESAQ3
INDRAGIRI HILIR_MUGO MULYO,DESA,NDEZNET_DESAQ3
INDRAGIRI HILIR_SUHADA,DESA,NDEZNET_DESAQ3
INDRAGIRI HILIR_SUNGAIRUKAM,DESA,NDEZNET_DESAQ3
INDRAGIRI HILIR_SUNGAIAMBAT,DESA,NDEZNET_DESAQ3
INDRAGIRI HILIR_KEL. PUSARAN,DESA,NDEZNET_DESAQ3
INDRAGIRI HILIR_KEL. ENOK,DESA,NDEZNET_DESAQ3
INDRAGIRI HILIR_KEL. TELUKMEDAN,DESA,NDEZNET_DESAQ3
INDRAGIRI HILIR_RANTAU PANJANG,DESA,NDEZNET_DESAQ3
INDRAGIRI HILIR_SIMPANG TIGA,DESA,NDEZNET_DESAQ3
INDRAGIRI HILIR_JAYA BHAKTI,DESA,NDEZNET_DESAQ3
INDRAGIRI HILIR_SUNGAILOKAN,DESA,NDEZNET_DESAQ3
INDRAGIRI HILIR_KEL. PANTAISEBERANG MAKMUR,DESA,NDEZNET_DESAQ3
INDRAGIRI HILIR_SIMPANG TIGA DARATAN,DESA,NDEZNET_DESAQ3
INDRAGIRI HILIR_SUNGAINYIUR,DESA,NDEZNET_DESAQ3
INDRAGIRI HILIR_SELATNAMA,DESA,NDEZNET_DESAQ3
INDRAGIRI HILIR_SUNGAILAUT,DESA,NDEZNET_DESAQ3
INDRAGIRI HILIR_TANJUNGPASIR,DESA,NDEZNET_DESAQ3
INDRAGIRI HILIR_TANJUNGBARU,DESA,NDEZNET_DESAQ3
INDRAGIRI HILIR_TEKULAI HULU,DESA,NDEZNET_DESAQ3
INDRAGIRI HILIR_TEKULAI HILIR,DESA,NDEZNET_DESAQ3
INDRAGIRI HILIR_TEKULAI BUGIS,DESA,NDEZNET_DESAQ3
INDRAGIRI HILIR_TANJUNGLAJAU,DESA,NDEZNET_DESAQ3
INDRAGIRI HILIR_SUNGAIBULUH,DESA,NDEZNET_DESAQ3
INDRAGIRI HILIR_SUNGAIBELA,DESA,NDEZNET_DESAQ3
INDRAGIRI HILIR_PERIGI RAJA,DESA,NDEZNET_DESAQ3
INDRAGIRI HILIR_KEL. SAPAT,DESA,NDEZNET_DESAQ3
INDRAGIRI HILIR_TELUKDALAM,DESA,NDEZNET_DESAQ3
INDRAGIRI HILIR_SUNGAIPIYAI,DESA,NDEZNET_DESAQ3
INDRAGIRI HILIR_TANJUNGMELAYU,DESA,NDEZNET_DESAQ3
INDRAGIRI HILIR_KEL. CONCONG LUAR,DESA,NDEZNET_DESAQ3
INDRAGIRI HILIR_KAMPUNG BARU,DESA,NDEZNET_DESAQ3
INDRAGIRI HILIR_CONCONG TENGAH,DESA,NDEZNET_DESAQ3
INDRAGIRI HILIR_CONCONG DALAM,DESA,NDEZNET_DESAQ3
INDRAGIRI HILIR_SUNGAIBERAPIT,DESA,NDEZNET_DESAQ3
INDRAGIRI HILIR_PANGLIMA RAJA,DESA,NDEZNET_DESAQ3
INDRAGIRI HILIR_KEL. SEBERANG TEMBILAHAN,DESA,NDEZNET_DESAQ3
INDRAGIRI HILIR_KEL. SUNGAIPERAK,DESA,NDEZNET_DESAQ3
INDRAGIRI HILIR_KEL. SEBERANG TEMBILAHAN BARAT,DESA,NDEZNET_DESAQ3
INDRAGIRI HILIR_KEL. SEBERANG TEMBILAHAN SELATAN,DESA,NDEZNET_DESAQ3
INDRAGIRI HILIR_SIALANG PANJANG,DESA,NDEZNET_DESAQ3
INDRAGIRI HILIR_SUNGAIINTAN,DESA,NDEZNET_DESAQ3
INDRAGIRI HILIR_TELUKJIRA,DESA,NDEZNET_DESAQ3
INDRAGIRI HILIR_MUMPA,DESA,NDEZNET_DESAQ3
INDRAGIRI HILIR_TELUKKIAMBANG,DESA,NDEZNET_DESAQ3
INDRAGIRI HILIR_KARYA TUNAS JAYA,DESA,NDEZNET_DESAQ3
INDRAGIRI HILIR_HARAPAN JAYA,DESA,NDEZNET_DESAQ3
INDRAGIRI HILIR_KEL. TANJUNGPIDADA,DESA,NDEZNET_DESAQ3
INDRAGIRI HILIR_BAYAS JAYA,DESA,NDEZNET_DESAQ3
INDRAGIRI HILIR_PEKAN TUA,DESA,NDEZNET_DESAQ3
INDRAGIRI HILIR_KEL. HARAPAN TANI,DESA,NDEZNET_DESAQ3
INDRAGIRI HILIR_KARYA TANI,DESA,NDEZNET_DESAQ3
INDRAGIRI HILIR_SUNGAIRABIT,DESA,NDEZNET_DESAQ3
INDRAGIRI HILIR_KERTA JAYA,DESA,NDEZNET_DESAQ3
INDRAGIRI HILIR_KULIM JAYA,DESA,NDEZNET_DESAQ3
INDRAGIRI HILIR_KUALA SEBATU,DESA,NDEZNET_DESAQ3
INDRAGIRI HILIR_SUNGAIRAYA,DESA,NDEZNET_DESAQ3
INDRAGIRI HILIR_SUNGAIJUNJANGAN,DESA,NDEZNET_DESAQ3
INDRAGIRI HILIR_SUNGAIDUSUN,DESA,NDEZNET_DESAQ3
INDRAGIRI HILIR_KEL. SUNGAIPIRING,DESA,NDEZNET_DESAQ3
INDRAGIRI HILIR_TANJUNGSIANTAR,DESA,NDEZNET_DESAQ3
INDRAGIRI HILIR_SUNGAIRAWA,DESA,NDEZNET_DESAQ3
INDRAGIRI HILIR_SIALANG JAYA,DESA,NDEZNET_DESAQ3
INDRAGIRI HILIR_GEMILANG JAYA,DESA,NDEZNET_DESAQ3
INDRAGIRI HILIR_TASIK RAYA,DESA,NDEZNET_DESAQ3
INDRAGIRI HILIR_PASIR EMAS,DESA,NDEZNET_DESAQ3
INDRAGIRI HILIR_RAMBAIAN,DESA,NDEZNET_DESAQ3
INDRAGIRI HILIR_KEL. SUNGAIEMPAT,DESA,NDEZNET_DESAQ3
INDRAGIRI HILIR_TELUKTUASAN,DESA,NDEZNET_DESAQ3
INDRAGIRI HILIR_SUNGAIILIRAN,DESA,NDEZNET_DESAQ3
INDRAGIRI HILIR_TELUKSUNGKA,DESA,NDEZNET_DESAQ3
INDRAGIRI HILIR_TELUKPANTAIAN,DESA,NDEZNET_DESAQ3
INDRAGIRI HILIR_KUALA GAUNG,DESA,NDEZNET_DESAQ3
INDRAGIRI HILIR_KELUMPANG,DESA,NDEZNET_DESAQ3
INDRAGIRI HILIR_IDAMAN,DESA,NDEZNET_DESAQ3
INDRAGIRI HILIR_HARAPAN MAKMUR,DESA,NDEZNET_DESAQ3
INDRAGIRI HILIR_KEL. TANJUNGHARAPAN,DESA,NDEZNET_DESAQ3
INDRAGIRI HILIR_TELUKKABUNG,DESA,NDEZNET_DESAQ3
INDRAGIRI HILIR_SIMPANG GAUNG,DESA,NDEZNET_DESAQ3
INDRAGIRI HILIR_PUNGKAT,DESA,NDEZNET_DESAQ3
INDRAGIRI HILIR_BELANTARAYA,DESA,NDEZNET_DESAQ3
INDRAGIRI HILIR_JERAMBANG,DESA,NDEZNET_DESAQ3
INDRAGIRI HILIR_SUNGAIBARU,DESA,NDEZNET_DESAQ3
INDRAGIRI HILIR_LAHANG BARU,DESA,NDEZNET_DESAQ3
INDRAGIRI HILIR_KEL. KUALA LAHANG,DESA,NDEZNET_DESAQ3
INDRAGIRI HILIR_LAHANG TENGAH,DESA,NDEZNET_DESAQ3
INDRAGIRI HILIR_LAHANG HULU,DESA,NDEZNET_DESAQ3
INDRAGIRI HILIR_TERUSAN KEMPAS,DESA,NDEZNET_DESAQ3
INDRAGIRI HILIR_GEMBIRA,DESA,NDEZNET_DESAQ3
INDRAGIRI HILIR_SEMAMBU KUNING,DESA,NDEZNET_DESAQ3
INDRAGIRI HILIR_PINTASAN,DESA,NDEZNET_DESAQ3
INDRAGIRI HILIR_SOREN,DESA,NDEZNET_DESAQ3
INDRAGIRI HILIR_TELUKMERBAU,DESA,NDEZNET_DESAQ3
INDRAGIRI HILIR_PULAUCAWAN,DESA,NDEZNET_DESAQ3
INDRAGIRI HILIR_BATANG TUMU,DESA,NDEZNET_DESAQ3
INDRAGIRI HILIR_BAKAU ACEH,DESA,NDEZNET_DESAQ3
INDRAGIRI HILIR_PELANDUK,DESA,NDEZNET_DESAQ3
INDRAGIRI HILIR_IGAL,DESA,NDEZNET_DESAQ3
INDRAGIRI HILIR_KEL. KHAIRIAH MANDAH,DESA,NDEZNET_DESAQ3
INDRAGIRI HILIR_BENTE,DESA,NDEZNET_DESAQ3
INDRAGIRI HILIR_BELARAS,DESA,NDEZNET_DESAQ3
INDRAGIRI HILIR_BEKAWAN,DESA,NDEZNET_DESAQ3
INDRAGIRI HILIR_BANTAYAN,DESA,NDEZNET_DESAQ3
INDRAGIRI HILIR_BOLAK RAYA,DESA,NDEZNET_DESAQ3
INDRAGIRI HILIR_BATANG SARI,DESA,NDEZNET_DESAQ3
INDRAGIRI HILIR_SEPAKAT JAYA,DESA,NDEZNET_DESAQ3
INDRAGIRI HILIR_SURAYA MANDIRI,DESA,NDEZNET_DESAQ3
INDRAGIRI HILIR_CAHAYA BARU,DESA,NDEZNET_DESAQ3
INDRAGIRI HILIR_BELARAS BARAT,DESA,NDEZNET_DESAQ3
INDRAGIRI HILIR_BIDARI TANJUNG DATUK,DESA,NDEZNET_DESAQ3
INDRAGIRI HILIR_SUNGAISIMBAR,DESA,NDEZNET_DESAQ3
INDRAGIRI HILIR_KUALA SELAT,DESA,NDEZNET_DESAQ3
INDRAGIRI HILIR_PENJURU,DESA,NDEZNET_DESAQ3
INDRAGIRI HILIR_SARI MULIA,DESA,NDEZNET_DESAQ3
INDRAGIRI HILIR_TANJUNGRAJA,DESA,NDEZNET_DESAQ3
INDRAGIRI HILIR_SUNGAITERITIP,DESA,NDEZNET_DESAQ3
INDRAGIRI HILIR_MAKMUR JAYA,DESA,NDEZNET_DESAQ3
INDRAGIRI HILIR_KEL. AMAL BAKTI,DESA,NDEZNET_DESAQ3
INDRAGIRI HILIR_TANJUNGSIMPANG,DESA,NDEZNET_DESAQ3
INDRAGIRI HILIR_SIMPANG KATEMAN,DESA,NDEZNET_DESAQ3
INDRAGIRI HILIR_KEL. PELANGIRAN,DESA,NDEZNET_DESAQ3
INDRAGIRI HILIR_ROTAN SEMELUR,DESA,NDEZNET_DESAQ3
INDRAGIRI HILIR_BAUNG REJO JAYA,DESA,NDEZNET_DESAQ3
INDRAGIRI HILIR_TAGAGIRI TAMA JAYA,DESA,NDEZNET_DESAQ3
INDRAGIRI HILIR_PINANG JAYA,DESA,NDEZNET_DESAQ3
INDRAGIRI HILIR_WONOSARI,DESA,NDEZNET_DESAQ3
INDRAGIRI HILIR_TEGAL REJO,DESA,NDEZNET_DESAQ3
INDRAGIRI HILIR_INTAN MULIA JAYA,DESA,NDEZNET_DESAQ3
INDRAGIRI HILIR_SAKA PALAS JAYA,DESA,NDEZNET_DESAQ3
INDRAGIRI HILIR_CATUR KARYA,DESA,NDEZNET_DESAQ3
INDRAGIRI HILIR_TELUKBUNIAN,DESA,NDEZNET_DESAQ3
INDRAGIRI HILIR_HIDAYAH,DESA,NDEZNET_DESAQ3
INDRAGIRI HILIR_TERUSAN BERINGIN JAYA,DESA,NDEZNET_DESAQ3
INDRAGIRI HILIR_GRIYA MUKTI JAYA,DESA,NDEZNET_DESAQ3
INDRAGIRI HILIR_TUNGGAL RAHAYU JAYA,DESA,NDEZNET_DESAQ3
INDRAGIRI HILIR_HIBRIDA MULIA,DESA,NDEZNET_DESAQ3
INDRAGIRI HILIR_BERINGIN MULIA,DESA,NDEZNET_DESAQ3
INDRAGIRI HILIR_INDRA SARI JAYA,DESA,NDEZNET_DESAQ3
INDRAGIRI HILIR_SUMBER MAKMUR JAYA,DESA,NDEZNET_DESAQ3
INDRAGIRI HILIR_SUMBER JAYA,DESA,NDEZNET_DESAQ3
INDRAGIRI HILIR_HIBRIDA JAYA,DESA,NDEZNET_DESAQ3
INDRAGIRI HILIR_SUMBER SARI JAYA,DESA,NDEZNET_DESAQ3
INDRAGIRI HILIR_KELAPA PATIH JAYA,DESA,NDEZNET_DESAQ3
INDRAGIRI HILIR_SAPTA MULIA JAYA,DESA,NDEZNET_DESAQ3
INDRAGIRI HILIR_GEMBARAN,DESA,NDEZNET_DESAQ3
INDRAGIRI HILIR_SAKA ROTAN,DESA,NDEZNET_DESAQ3
INDRAGIRI HILIR_BANGUN HARJO JAYA,DESA,NDEZNET_DESAQ3
INDRAGIRI HILIR_RINGIN JAYA,DESA,NDEZNET_DESAQ3
INDRAGIRI HILIR_MAYANG SARI JAYA,DESA,NDEZNET_DESAQ3
INDRAGIRI HILIR_BUKIT SARI INTAN JAYA,DESA,NDEZNET_DESAQ3
INDRAGIRI HILIR_MANUNGGAL JAYA,DESA,NDEZNET_DESAQ3
INDRAGIRI HILIR_TELUKNIBUNG,DESA,NDEZNET_DESAQ3
INDRAGIRI HILIR_SUNGAIDANAI,DESA,NDEZNET_DESAQ3
INDRAGIRI HILIR_SRI DAMAI,DESA,NDEZNET_DESAQ3
INDRAGIRI HILIR_SAPTA JAYA,DESA,NDEZNET_DESAQ3
INDRAGIRI HILIR_KERAMAT JAYA,DESA,NDEZNET_DESAQ3
INDRAGIRI HILIR_SUKA JAYA,DESA,NDEZNET_DESAQ3
INDRAGIRI HILIR_BINAGUN JAYA,DESA,NDEZNET_DESAQ3
INDRAGIRI HILIR_SUKAHARJO JAYA,DESA,NDEZNET_DESAQ3
PELALAWAN_SEGATI,DESA,NDEZNET_DESAQ3
PELALAWAN_SOTOL,DESA,NDEZNET_DESAQ3
PELALAWAN_TAMBAK,DESA,NDEZNET_DESAQ3
PELALAWAN_PENARIKAN,DESA,NDEZNET_DESAQ3
PELALAWAN_KEL. LANGGAM,DESA,NDEZNET_DESAQ3
PELALAWAN_PADANG LUAS,DESA,NDEZNET_DESAQ3
PELALAWAN_RANTAU BARU,DESA,NDEZNET_DESAQ3
PELALAWAN_KUALA TERUSAN,DESA,NDEZNET_DESAQ3
PELALAWAN_KIAB JAYA,DESA,NDEZNET_DESAQ3
PELALAWAN_TANJUNG BERINGIN,DESA,NDEZNET_DESAQ3
PELALAWAN_TALAU,DESA,NDEZNET_DESAQ3
PELALAWAN_KESUMA,DESA,NDEZNET_DESAQ3
PELALAWAN_BETUNG,DESA,NDEZNET_DESAQ3
PELALAWAN_SURYA INDAH,DESA,NDEZNET_DESAQ3
PELALAWAN_BERINGIN INDAH,DESA,NDEZNET_DESAQ3
PELALAWAN_PALAS,DESA,NDEZNET_DESAQ3
PELALAWAN_KEMANG,DESA,NDEZNET_DESAQ3
PELALAWAN_BATANG KULIM,DESA,NDEZNET_DESAQ3
PELALAWAN_SIDOMUKTI,DESA,NDEZNET_DESAQ3
PELALAWAN_SILIKUAN HULU,DESA,NDEZNET_DESAQ3
PELALAWAN_LUBUK KEMBANG BUNGA,DESA,NDEZNET_DESAQ3
PELALAWAN_AIR HITAM,DESA,NDEZNET_DESAQ3
PELALAWAN_KAMPUNG BARU,DESA,NDEZNET_DESAQ3
PELALAWAN_BAGAN LIMAU,DESA,NDEZNET_DESAQ3
PELALAWAN_GENDUANG,DESA,NDEZNET_DESAQ3
PELALAWAN_SARI MAKMUR,DESA,NDEZNET_DESAQ3
PELALAWAN_MULYA SUBUR,DESA,NDEZNET_DESAQ3
PELALAWAN_MAYANG SARI,DESA,NDEZNET_DESAQ3
PELALAWAN_SARI MULYA,DESA,NDEZNET_DESAQ3
PELALAWAN_DUSUN TUA,DESA,NDEZNET_DESAQ3
PELALAWAN_KEL. PANGKALAN LESUNG,DESA,NDEZNET_DESAQ3
PELALAWAN_TANJUNG KUYO,DESA,NDEZNET_DESAQ3
PELALAWAN_PESAGUAN,DESA,NDEZNET_DESAQ3
PELALAWAN_MERBAU,DESA,NDEZNET_DESAQ3
PELALAWAN_PETANI,DESA,NDEZNET_DESAQ3
PELALAWAN_KEL. PANGKALAN BUNUT,DESA,NDEZNET_DESAQ3
PELALAWAN_LUBUK MAS,DESA,NDEZNET_DESAQ3
PELALAWAN_BALAM MERAH,DESA,NDEZNET_DESAQ3
PELALAWAN_BAGAN LAGUH,DESA,NDEZNET_DESAQ3
PELALAWAN_SUNGAI BULUH,DESA,NDEZNET_DESAQ3
PELALAWAN_LUBUK MANDIAN GAJAH,DESA,NDEZNET_DESAQ3
PELALAWAN_KERIUNG,DESA,NDEZNET_DESAQ3
PELALAWAN_SIALANG KAYU BATU,DESA,NDEZNET_DESAQ3
PELALAWAN_SUNGAI ARA,DESA,NDEZNET_DESAQ3
PELALAWAN_RANSANG,DESA,NDEZNET_DESAQ3
PELALAWAN_KUALA TOLAM,DESA,NDEZNET_DESAQ3
PELALAWAN_KEL. PELALAWAN,DESA,NDEZNET_DESAQ3
PELALAWAN_TELAYAP,DESA,NDEZNET_DESAQ3
PELALAWAN_BATANG NILO KECIL,DESA,NDEZNET_DESAQ3
PELALAWAN_SERING,DESA,NDEZNET_DESAQ3
PELALAWAN_DELIK,DESA,NDEZNET_DESAQ3
PELALAWAN_LALANG KABUNG,DESA,NDEZNET_DESAQ3
PELALAWAN_KEL. RAWANG EMPAT,DESA,NDEZNET_DESAQ3
PELALAWAN_TAMBUN,DESA,NDEZNET_DESAQ3
PELALAWAN_TERBANGIANG,DESA,NDEZNET_DESAQ3
PELALAWAN_SIALANG GODANG,DESA,NDEZNET_DESAQ3
PELALAWAN_LUBUK RAJA,DESA,NDEZNET_DESAQ3
PELALAWAN_LUBUK KERANJI TIMUR,DESA,NDEZNET_DESAQ3
PELALAWAN_SIALANG BUNGKUK,DESA,NDEZNET_DESAQ3
PELALAWAN_SERAPUNG,DESA,NDEZNET_DESAQ3
PELALAWAN_TELUK,DESA,NDEZNET_DESAQ3
PELALAWAN_KEL. TELUK DALAM,DESA,NDEZNET_DESAQ3
PELALAWAN_SOKOI,DESA,NDEZNET_DESAQ3
PELALAWAN_TANJUNG SUM,DESA,NDEZNET_DESAQ3
PELALAWAN_SUNGAI SOLOK,DESA,NDEZNET_DESAQ3
PELALAWAN_SUNGAI UPIH,DESA,NDEZNET_DESAQ3
PELALAWAN_TELUK BERINGIN,DESA,NDEZNET_DESAQ3
PELALAWAN_SUNGAI MAS,DESA,NDEZNET_DESAQ3
PELALAWAN_TELUK BAKAU,DESA,NDEZNET_DESAQ3
PELALAWAN_KEL. KERUMUTAN,DESA,NDEZNET_DESAQ3
PELALAWAN_BERINGIN MAKMUR,DESA,NDEZNET_DESAQ3
PELALAWAN_PANGKALAN TAMPUI,DESA,NDEZNET_DESAQ3
PELALAWAN_PANGKALAN PANDUK,DESA,NDEZNET_DESAQ3
PELALAWAN_TANJUNG AIR HITAM,DESA,NDEZNET_DESAQ3
PELALAWAN_MAK TEDUH,DESA,NDEZNET_DESAQ3
PELALAWAN_LIPAI BULAN,DESA,NDEZNET_DESAQ3
PELALAWAN_KUALA PANDUK,DESA,NDEZNET_DESAQ3
PELALAWAN_KEL. TELUK MERANTI,DESA,NDEZNET_DESAQ3
PELALAWAN_PULAU MUDA,DESA,NDEZNET_DESAQ3
PELALAWAN_PANGKALAN TERAP,DESA,NDEZNET_DESAQ3
PELALAWAN_TELUK BINJAI,DESA,NDEZNET_DESAQ3
PELALAWAN_GAMBUT MUTIARA,DESA,NDEZNET_DESAQ3
PELALAWAN_LABUHAN BILIK,DESA,NDEZNET_DESAQ3
PELALAWAN_SEGAMAI,DESA,NDEZNET_DESAQ3
HULU SUNGAI SELATAN_HAKURUNG,DESA,NDEZNET_DESAQ3
HULU SUNGAI SELATAN_HAMAYUNG UTARA,DESA,NDEZNET_DESAQ3
HULU SUNGAI SELATAN_HAMAYUNG,DESA,NDEZNET_DESAQ3
HULU SUNGAI SELATAN_MURUNG RAYA,DESA,NDEZNET_DESAQ3
HULU SUNGAI SELATAN_BALAH PAIKAT,DESA,NDEZNET_DESAQ3
HULU SUNGAI SELATAN_SUNGAI GARUDA,DESA,NDEZNET_DESAQ3
HULU SUNGAI SELATAN_PIHANIN RAYA,DESA,NDEZNET_DESAQ3
HULU SUNGAI SELATAN_MUNING BARU,DESA,NDEZNET_DESAQ3
HULU SUNGAI SELATAN_SIRIH HULU,DESA,NDEZNET_DESAQ3
HULU SUNGAI SELATAN_BALANTI,DESA,NDEZNET_DESAQ3
HULU SUNGAI SELATAN_KARANG BULAN,DESA,NDEZNET_DESAQ3
HULU SUNGAI SELATAN_BAGO TANGGUL,DESA,NDEZNET_DESAQ3
HULU SUNGAI SELATAN_KARANG PACI,DESA,NDEZNET_DESAQ3
HULU SUNGAI SELATAN_BALIMAU,DESA,NDEZNET_DESAQ3
HULU SUNGAI SELATAN_TAMIYANG,DESA,NDEZNET_DESAQ3
HULU SUNGAI SELATAN_BUMI BERKAT,DESA,NDEZNET_DESAQ3
HULU SUNGAI SELATAN_LUNGAU,DESA,NDEZNET_DESAQ3
HULU SUNGAI SELATAN_LONGAWANG,DESA,NDEZNET_DESAQ3
HULU SUNGAI SELATAN_HALUNUK,DESA,NDEZNET_DESAQ3
HULU SUNGAI SELATAN_MAWANGI,DESA,NDEZNET_DESAQ3
HULU SUNGAI SELATAN_BATU LAKI,DESA,NDEZNET_DESAQ3
HULU SUNGAI SELATAN_MALUTU,DESA,NDEZNET_DESAQ3
HULU SUNGAI SELATAN_BARIANG,DESA,NDEZNET_DESAQ3
HULU SUNGAI SELATAN_TANIRAN KUBAH,DESA,NDEZNET_DESAQ3
HULU SUNGAI SELATAN_GUMBIL,DESA,NDEZNET_DESAQ3
HULU SUNGAI SELATAN_PAHARANGAN,DESA,NDEZNET_DESAQ3
HULU SUNGAI SELATAN_TEBING TINGGI,DESA,NDEZNET_DESAQ3
HULU SUNGAI SELATAN_PARING AGUNG,DESA,NDEZNET_DESAQ3
HULU SUNGAI SELATAN_AMAWANG KIRI,DESA,NDEZNET_DESAQ3
HULU SUNGAI SELATAN_PANDAK DAUN,DESA,NDEZNET_DESAQ3
HULU SUNGAI SELATAN_KALUMPANG,DESA,NDEZNET_DESAQ3
HULU SUNGAI SELATAN_TANAH BANGKANG,DESA,NDEZNET_DESAQ3
HULU SUNGAI SELATAN_BATANG KULUR KANAN,DESA,NDEZNET_DESAQ3
HULU SUNGAI SELATAN_KALIRING,DESA,NDEZNET_DESAQ3
HULU SUNGAI SELATAN_JELATANG,DESA,NDEZNET_DESAQ3
HULU SUNGAI SELATAN_SIMPUR,DESA,NDEZNET_DESAQ3
HULU SUNGAI SELATAN_SUNGAI RAYA SELATAN,DESA,NDEZNET_DESAQ3
HULU SUNGAI SELATAN_HARITI,DESA,NDEZNET_DESAQ3
HULU SUNGAI SELATAN_BATANG KULUR KIRI,DESA,NDEZNET_DESAQ3
HULU SUNGAI SELATAN_ANGKINANG,DESA,NDEZNET_DESAQ3
HULU SUNGAI SELATAN_DURIAN RABUNG,DESA,NDEZNET_DESAQ3
HULU SUNGAI SELATAN_IDA MANGGALA,DESA,NDEZNET_DESAQ3
HULU SUNGAI SELATAN_SUNGAI KUPANG,DESA,NDEZNET_DESAQ3
HULU SUNGAI SELATAN_PAHAMPANGAN,DESA,NDEZNET_DESAQ3
HULU SUNGAI SELATAN_BATU BINI,DESA,NDEZNET_DESAQ3
HULU SUNGAI SELATAN_SAMUDA,DESA,NDEZNET_DESAQ3
HULU SUNGAI SELATAN_TAWIA,DESA,NDEZNET_DESAQ3
HULU SUNGAI SELATAN_LOK BINUANG,DESA,NDEZNET_DESAQ3
HULU SUNGAI SELATAN_WASAH HILIR,DESA,NDEZNET_DESAQ3
HULU SUNGAI SELATAN_BAKARUNG,DESA,NDEZNET_DESAQ3
HULU SUNGAI SELATAN_MANDALA,DESA,NDEZNET_DESAQ3
HULU SUNGAI SELATAN_TELUK KABAK,DESA,NDEZNET_DESAQ3
HULU SUNGAI SELATAN_MUNING TENGAH,DESA,NDEZNET_DESAQ3
HULU SUNGAI SELATAN_TELAGA LANGSAT,DESA,NDEZNET_DESAQ3
HULU SUNGAI SELATAN_AMAWANG KIRI MUKA,DESA,NDEZNET_DESAQ3
HULU SUNGAI SELATAN_AMAWANG KANAN,DESA,NDEZNET_DESAQ3
HULU SUNGAI SELATAN_PANDULANGAN,DESA,NDEZNET_DESAQ3
HULU SUNGAI SELATAN_KARANG JAWA,DESA,NDEZNET_DESAQ3
HULU SUNGAI SELATAN_SUNGAI PINANG,DESA,NDEZNET_DESAQ3
HULU SUNGAI SELATAN_TELAGA BIDADARI,DESA,NDEZNET_DESAQ3
HULU SUNGAI SELATAN_SUNGAI RAYA UTARA,DESA,NDEZNET_DESAQ3
HULU SUNGAI SELATAN_GAMBAH DALAM BARAT,DESA,NDEZNET_DESAQ3
HULU SUNGAI SELATAN_GAMBAH LUAR,DESA,NDEZNET_DESAQ3
HULU SUNGAI SELATAN_PARIGI,DESA,NDEZNET_DESAQ3
HULU SUNGAI SELATAN_TAMBAK BITIN,DESA,NDEZNET_DESAQ3
HULU SUNGAI SELATAN_PANGGANDINGAN,DESA,NDEZNET_DESAQ3
HULU SUNGAI SELATAN_WASAH HULU,DESA,NDEZNET_DESAQ3
HULU SUNGAI SELATAN_KEL. KANDANGAN BARAT,DESA,NDEZNET_DESAQ3
HULU SUNGAI SELATAN_BAMBAN,DESA,NDEZNET_DESAQ3
HULU SUNGAI SELATAN_HARATAI,DESA,NDEZNET_DESAQ3
HULU SUNGAI SELATAN_SIANG GANTUNG,DESA,NDEZNET_DESAQ3
HULU SUNGAI SELATAN_BARU,DESA,NDEZNET_DESAQ3
HULU SUNGAI SELATAN_BAJAYAU,DESA,NDEZNET_DESAQ3
HULU SUNGAI SELATAN_BAJAYAU TENGAH,DESA,NDEZNET_DESAQ3
HULU SUNGAI SELATAN_BADAUN,DESA,NDEZNET_DESAQ3
HULU SUNGAI SELATAN_TANJUNG SELOR,DESA,NDEZNET_DESAQ3
HULU SUNGAI SELATAN_BAJAYAU LAMA,DESA,NDEZNET_DESAQ3
HULU SUNGAI SELATAN_MUNING DALAM,DESA,NDEZNET_DESAQ3
HULU SUNGAI SELATAN_PANTAI ULIN,DESA,NDEZNET_DESAQ3
HULU SUNGAI SELATAN_SARANG HALANG,DESA,NDEZNET_DESAQ3
HULU SUNGAI SELATAN_BANGKAU,DESA,NDEZNET_DESAQ3
HULU SUNGAI SELATAN_TELAGA SILI-SILI,DESA,NDEZNET_DESAQ3
HULU SUNGAI SELATAN_HAMAK UTARA,DESA,NDEZNET_DESAQ3
HULU SUNGAI SELATAN_HAMAK TIMUR,DESA,NDEZNET_DESAQ3
HULU SUNGAI SELATAN_HAMAK,DESA,NDEZNET_DESAQ3
HULU SUNGAI SELATAN_AMBUTUN,DESA,NDEZNET_DESAQ3
HULU SUNGAI SELATAN_ULANG,DESA,NDEZNET_DESAQ3
HULU SUNGAI SELATAN_LOK LAHUNG,DESA,NDEZNET_DESAQ3
HULU SUNGAI SELATAN_KAMAWAKAN,DESA,NDEZNET_DESAQ3
HULU SUNGAI SELATAN_TUMINGKI,DESA,NDEZNET_DESAQ3
HULU SUNGAI SELATAN_HULU BANYU,DESA,NDEZNET_DESAQ3
HULU SUNGAI SELATAN_MALINAU,DESA,NDEZNET_DESAQ3
HULU SUNGAI SELATAN_LUMPANGI,DESA,NDEZNET_DESAQ3
HULU SUNGAI SELATAN_PANGGUNGAN,DESA,NDEZNET_DESAQ3
HULU SUNGAI SELATAN_MALILINGIN,DESA,NDEZNET_DESAQ3
HULU SUNGAI SELATAN_ULIN,DESA,NDEZNET_DESAQ3
HULU SUNGAI SELATAN_PANJAMPANG BAHAGIA,DESA,NDEZNET_DESAQ3
HULU SUNGAI SELATAN_AMPARAYA,DESA,NDEZNET_DESAQ3
HULU SUNGAI SELATAN_GARUNGGANG,DESA,NDEZNET_DESAQ3
HULU SUNGAI SELATAN_SUNGAI KALI,DESA,NDEZNET_DESAQ3
HULU SUNGAI SELATAN_LOKSADO,DESA,NDEZNET_DESAQ3
INDRAGIRI HULU_DANAU BARU,DESA,NDEZNET_DESAQ3
HULU SUNGAI UTARA_PANDULANGAN,DESA,NDEZNET_DESAQ3
HULU SUNGAI UTARA_TELUK MESJID,DESA,NDEZNET_DESAQ3
INDRAGIRI HILIR_BAGAN JAYA,DESA,NDEZNET_DESAQ3
HULU SUNGAI UTARA_KERAMAT,DESA,NDEZNET_DESAQ3
TABALONG_PADANGIN,DESA,NDEZNET_DESAQ3
BALANGAN_GALUMBANG,DESA,NDEZNET_DESAQ3
MAGELANG_LOSARI,DESA,NDEZNET_DESAQ4
KOTA PADANG PANJANG_KEL. KOTO KATIK,DESA,NDEZNET_DESAQ4
TEMANGGUNG_TRETEP,DESA,NDEZNET_DESAQ4
TEMANGGUNG_CANDIROTO,DESA,NDEZNET_DESAQ4
TEMANGGUNG_GILINGSARI,DESA,NDEZNET_DESAQ4
TEMANGGUNG_MONDORETNO,DESA,NDEZNET_DESAQ4
MAGELANG_KALIJOSO,DESA,NDEZNET_DESAQ4
MAGELANG_CANDIRETNO,DESA,NDEZNET_DESAQ4
TEMANGGUNG_PESANTREN,DESA,NDEZNET_DESAQ4
TEMANGGUNG_PATEKEN,DESA,NDEZNET_DESAQ4
TEMANGGUNG_PITROSARI,DESA,NDEZNET_DESAQ4
TEMANGGUNG_BOJONG,DESA,NDEZNET_DESAQ4
TEMANGGUNG_TEMPELSARI,DESA,NDEZNET_DESAQ4
TEMANGGUNG_CAMPUREJO,DESA,NDEZNET_DESAQ4
TEMANGGUNG_MENTO,DESA,NDEZNET_DESAQ4
TEMANGGUNG_BANTIR,DESA,NDEZNET_DESAQ4
TEMANGGUNG_KREMPONG,DESA,NDEZNET_DESAQ4
TEMANGGUNG_KALIBANGER,DESA,NDEZNET_DESAQ4
TEMANGGUNG_GUNUNGGEMPOL,DESA,NDEZNET_DESAQ4
TEMANGGUNG_BARANG,DESA,NDEZNET_DESAQ4
TEMANGGUNG_PADURESO,DESA,NDEZNET_DESAQ4
TEMANGGUNG_PRINGAPUS,DESA,NDEZNET_DESAQ4
TEMANGGUNG_KATAAN,DESA,NDEZNET_DESAQ4
TEMANGGUNG_MUNGGANGSARI,DESA,NDEZNET_DESAQ4
TEMANGGUNG_BANDUNGGEDE,DESA,NDEZNET_DESAQ4
TEMANGGUNG_GESING,DESA,NDEZNET_DESAQ4
TEMANGGUNG_KWARAKAN,DESA,NDEZNET_DESAQ4
TEMANGGUNG_KLEPU,DESA,NDEZNET_DESAQ4
TEMANGGUNG_GENTAN,DESA,NDEZNET_DESAQ4
TEMANGGUNG_BULAN,DESA,NDEZNET_DESAQ4
TEMANGGUNG_LANGGENG,DESA,NDEZNET_DESAQ4
TEMANGGUNG_TLILIR,DESA,NDEZNET_DESAQ4
TEMANGGUNG_NAMPIREJO,DESA,NDEZNET_DESAQ4
TEMANGGUNG_GANDUREJO,DESA,NDEZNET_DESAQ4
TEMANGGUNG_PENGILON,DESA,NDEZNET_DESAQ4
TEMANGGUNG_GUNUNGSARI,DESA,NDEZNET_DESAQ4
TEMANGGUNG_PURBOREJO,DESA,NDEZNET_DESAQ4
TEMANGGUNG_MRANGGEN KIDUL,DESA,NDEZNET_DESAQ4
TEMANGGUNG_PETARANGAN,DESA,NDEZNET_DESAQ4
TEMANGGUNG_SUNGGINGSARI,DESA,NDEZNET_DESAQ4
MAGELANG_SUMBEREJO,DESA,NDEZNET_DESAQ4
MAGELANG_TEJOSARI,DESA,NDEZNET_DESAQ4
MAGELANG_TLOGOREJO,DESA,NDEZNET_DESAQ4
MAGELANG_NGASINAN,DESA,NDEZNET_DESAQ4
MAGELANG_PESIDI,DESA,NDEZNET_DESAQ4
MAGELANG_SUGIHMAS,DESA,NDEZNET_DESAQ4
MAGELANG_PUCUNGSARI,DESA,NDEZNET_DESAQ4
MAGELANG_LEBAK,DESA,NDEZNET_DESAQ4
MAGELANG_GONDANGSARI,DESA,NDEZNET_DESAQ4
MAGELANG_DASEH,DESA,NDEZNET_DESAQ4
MAGELANG_BANYUSIDI,DESA,NDEZNET_DESAQ4
MAGELANG_POGALAN,DESA,NDEZNET_DESAQ4
MAGELANG_KLOPO,DESA,NDEZNET_DESAQ4
MAGELANG_JAPAN,DESA,NDEZNET_DESAQ4
MAGELANG_PIRIKAN,DESA,NDEZNET_DESAQ4
MAGELANG_CANDISARI,DESA,NDEZNET_DESAQ4
MAGELANG_PASANGSARI,DESA,NDEZNET_DESAQ4
MAGELANG_GANDUSARI,DESA,NDEZNET_DESAQ4
MAGELANG_NGEPANREJO,DESA,NDEZNET_DESAQ4
MAGELANG_KEDUNGSARI,DESA,NDEZNET_DESAQ4
MAGELANG_BANJAREJO,DESA,NDEZNET_DESAQ4
MAGELANG_KETANGI,DESA,NDEZNET_DESAQ4
MAGELANG_SUKOMULYO,DESA,NDEZNET_DESAQ4
MAGELANG_SIDOREJO,DESA,NDEZNET_DESAQ4
MAGELANG_SAMBAK,DESA,NDEZNET_DESAQ4
MAGELANG_MADUGONDO,DESA,NDEZNET_DESAQ4
MAGELANG_TEMANGGAL,DESA,NDEZNET_DESAQ4
MAGELANG_GROWONG,DESA,NDEZNET_DESAQ4
MAGELANG_KALISARI,DESA,NDEZNET_DESAQ4
MAGELANG_SURODADI,DESA,NDEZNET_DESAQ4
MAGELANG_TEGALSARI,DESA,NDEZNET_DESAQ4
MAGELANG_KEBONREJO,DESA,NDEZNET_DESAQ4
MAGELANG_TRENTEN,DESA,NDEZNET_DESAQ4
MAGELANG_KETEP,DESA,NDEZNET_DESAQ4
MAGELANG_POLENGAN,DESA,NDEZNET_DESAQ4
MAGELANG_KARANGTALUN,DESA,NDEZNET_DESAQ4
MAGELANG_SAMBENG,DESA,NDEZNET_DESAQ4
MAGELANG_GIRIPURNO,DESA,NDEZNET_DESAQ4
MAGELANG_PARIPURNO,DESA,NDEZNET_DESAQ4
MAGELANG_NGARGORETNO,DESA,NDEZNET_DESAQ4
TEMANGGUNG_LEMPUYANG,DESA,NDEZNET_DESAQ4
TEMANGGUNG_KRAWITAN,DESA,NDEZNET_DESAQ4
TEMANGGUNG_KEL. MANGGONG,DESA,NDEZNET_DESAQ4
TEMANGGUNG_TLOGOWUNGU,DESA,NDEZNET_DESAQ4
TEMANGGUNG_KACEPIT,DESA,NDEZNET_DESAQ4
TEMANGGUNG_PUTAT,DESA,NDEZNET_DESAQ4
TEMANGGUNG_CAMPURANOM,DESA,NDEZNET_DESAQ4
MAGELANG_BUMIREJO,DESA,NDEZNET_DESAQ4
MAGELANG_KEMBARAN,DESA,NDEZNET_DESAQ4
MAGELANG_MANGUNSOKO,DESA,NDEZNET_DESAQ4
MAGELANG_JERUKAGUNG,DESA,NDEZNET_DESAQ4
TEMANGGUNG_GEMAWANG,DESA,NDEZNET_DESAQ4
TEMANGGUNG_PENDOWO,DESA,NDEZNET_DESAQ4
MAGELANG_TAMPINGAN,DESA,NDEZNET_DESAQ4
MAGELANG_TONOBOYO,DESA,NDEZNET_DESAQ4
MAGELANG_MADURETNO,DESA,NDEZNET_DESAQ4
MAGELANG_SUTOPATI,DESA,NDEZNET_DESAQ4
MAGELANG_GIYANTI,DESA,NDEZNET_DESAQ4
MAGELANG_BIGARAN,DESA,NDEZNET_DESAQ4
MAGELANG_JEBENGSARI,DESA,NDEZNET_DESAQ4
TEMANGGUNG_KEROKAN,DESA,NDEZNET_DESAQ4
MAGELANG_WINDUSARI,DESA,NDEZNET_DESAQ4
MAGELANG_SUROJOYO,DESA,NDEZNET_DESAQ4
TEMANGGUNG_BONJOR,DESA,NDEZNET_DESAQ4
TEMANGGUNG_NGABEYAN,DESA,NDEZNET_DESAQ4
TEMANGGUNG_KATEKAN,DESA,NDEZNET_DESAQ4
TEMANGGUNG_BOJONEGORO,DESA,NDEZNET_DESAQ4
TEMANGGUNG_SAMIRANAN,DESA,NDEZNET_DESAQ4
TEMANGGUNG_KALIMANGGIS,DESA,NDEZNET_DESAQ4
TEMANGGUNG_SANGGRAHAN,DESA,NDEZNET_DESAQ4
TEMANGGUNG_WATUKUMPUL,DESA,NDEZNET_DESAQ4
MAGELANG_KETAWANG,DESA,NDEZNET_DESAQ4
MAGELANG_KETUNDAN,DESA,NDEZNET_DESAQ4
MAGELANG_SEMEN,DESA,NDEZNET_DESAQ4
MAGELANG_BALEKERTO,DESA,NDEZNET_DESAQ4
MAGELANG_TEMANGGUNG,DESA,NDEZNET_DESAQ4
MAGELANG_SIDOWANGI,DESA,NDEZNET_DESAQ4
MAGELANG_TEMPAK,DESA,NDEZNET_DESAQ4
MAGELANG_BANYUROTO,DESA,NDEZNET_DESAQ4
MAGELANG_PAKUNDEN,DESA,NDEZNET_DESAQ4
TEMANGGUNG_GREGES,DESA,NDEZNET_DESAQ4
MAGELANG_SOMOKATON,DESA,NDEZNET_DESAQ4
TEMANGGUNG_SEMEN,DESA,NDEZNET_DESAQ4
TEMANGGUNG_MERGOWATI,DESA,NDEZNET_DESAQ4
TEMANGGUNG_TEGALSARI,DESA,NDEZNET_DESAQ4
TEMANGGUNG_KEMBANGSARI,DESA,NDEZNET_DESAQ4
MAGELANG_KAPONAN,DESA,NDEZNET_DESAQ4
MAGELANG_PAKIS,DESA,NDEZNET_DESAQ4
MAGELANG_GIRIWARNO,DESA,NDEZNET_DESAQ4
MAGELANG_NGAWONGGO,DESA,NDEZNET_DESAQ4
MAGELANG_BANJARAGUNG,DESA,NDEZNET_DESAQ4
MAGELANG_TIRTO,DESA,NDEZNET_DESAQ4
MAGELANG_PRAJEKSARI,DESA,NDEZNET_DESAQ4
MAGELANG_WRINGINPUTIH,DESA,NDEZNET_DESAQ4
MAGELANG_BANJARHARJO,DESA,NDEZNET_DESAQ4
TEMANGGUNG_JAMBON,DESA,NDEZNET_DESAQ4
TEMANGGUNG_GEDONGSARI,DESA,NDEZNET_DESAQ4
TEMANGGUNG_PURBOSARI,DESA,NDEZNET_DESAQ4
TEMANGGUNG_DLIMOYO,DESA,NDEZNET_DESAQ4
TEMANGGUNG_NGADIMULYO,DESA,NDEZNET_DESAQ4
TEMANGGUNG_NGEMPLAK,DESA,NDEZNET_DESAQ4
TEMANGGUNG_NGIPIK,DESA,NDEZNET_DESAQ4
TEMANGGUNG_PURWODADI,DESA,NDEZNET_DESAQ4
TEMANGGUNG_GENTINGSARI,DESA,NDEZNET_DESAQ4
TEMANGGUNG_NGLONDONG,DESA,NDEZNET_DESAQ4
MAGELANG_PETUNG,DESA,NDEZNET_DESAQ4
MAGELANG_KEBONAGUNG,DESA,NDEZNET_DESAQ4
MAGELANG_SUMBERARUM,DESA,NDEZNET_DESAQ4
MAGELANG_MEJING,DESA,NDEZNET_DESAQ4
MAGELANG_MAJAKSINGI,DESA,NDEZNET_DESAQ4
MAGELANG_KALISALAK,DESA,NDEZNET_DESAQ4
TEMANGGUNG_PINGIT,DESA,NDEZNET_DESAQ4
TEMANGGUNG_SOROPADAN,DESA,NDEZNET_DESAQ4
MAGELANG_DLIMAS,DESA,NDEZNET_DESAQ4
MAGELANG_KALEGEN,DESA,NDEZNET_DESAQ4
MAGELANG_KEL. SAWITAN,DESA,NDEZNET_DESAQ4
MAGELANG_GONDOSULI,DESA,NDEZNET_DESAQ4
MAGELANG_KAMONGAN,DESA,NDEZNET_DESAQ4
TEMANGGUNG_WONOBOYO,DESA,NDEZNET_DESAQ4
TEMANGGUNG_KEBONSARI,DESA,NDEZNET_DESAQ4
TEMANGGUNG_TEGOWANUH,DESA,NDEZNET_DESAQ4
TEMANGGUNG_KARANGWUNI,DESA,NDEZNET_DESAQ4
TEMANGGUNG_BOTOPUTIH,DESA,NDEZNET_DESAQ4
TEMANGGUNG_TEGALURUNG,DESA,NDEZNET_DESAQ4
TEMANGGUNG_KALIREJO,DESA,NDEZNET_DESAQ4
TEMANGGUNG_KWADUNGAN JURANG,DESA,NDEZNET_DESAQ4
MAGELANG_NGASEM,DESA,NDEZNET_DESAQ4
MAGELANG_GIRIKULON,DESA,NDEZNET_DESAQ4
MAGELANG_SUKOSARI,DESA,NDEZNET_DESAQ4
MAGELANG_SUKOMAKMUR,DESA,NDEZNET_DESAQ4
MAGELANG_SONOREJO,DESA,NDEZNET_DESAQ4
MAGELANG_KAPUHAN,DESA,NDEZNET_DESAQ4
MAGELANG_KROGOWANAN,DESA,NDEZNET_DESAQ4
MAGELANG_BUTUH,DESA,NDEZNET_DESAQ4
MAGELANG_PROGOWATI,DESA,NDEZNET_DESAQ4
MAGELANG_KEMBANGLIMUS,DESA,NDEZNET_DESAQ4
MAGELANG_KEBONSARI,DESA,NDEZNET_DESAQ4
MAGELANG_KARANGREJO,DESA,NDEZNET_DESAQ4
MAGELANG_NGAMPELDENTO,DESA,NDEZNET_DESAQ4
TEMANGGUNG_GEBLOG,DESA,NDEZNET_DESAQ4
TEMANGGUNG_NGUWET,DESA,NDEZNET_DESAQ4
TEMANGGUNG_PARE,DESA,NDEZNET_DESAQ4
MAGELANG_GLAGAHOMBO,DESA,NDEZNET_DESAQ4
MAGELANG_BANDONGAN,DESA,NDEZNET_DESAQ4
MAGELANG_PAGERSARI,DESA,NDEZNET_DESAQ4
MAGELANG_MANTINGAN,DESA,NDEZNET_DESAQ4
TEMANGGUNG_PRINGSURAT,DESA,NDEZNET_DESAQ4
TEMANGGUNG_KUPEN,DESA,NDEZNET_DESAQ4
TEMANGGUNG_NGADITIRTO,DESA,NDEZNET_DESAQ4
TEMANGGUNG_GONDOSULI,DESA,NDEZNET_DESAQ4
TEMANGGUNG_CATURANOM,DESA,NDEZNET_DESAQ4
MAGELANG_PANDEAN,DESA,NDEZNET_DESAQ4
MAGELANG_KALIPUCANG,DESA,NDEZNET_DESAQ4
MAGELANG_BANARAN,DESA,NDEZNET_DESAQ4
MAGELANG_PURWODADI,DESA,NDEZNET_DESAQ4
MAGELANG_SOROYUDAN,DESA,NDEZNET_DESAQ4
MAGELANG_GONDANGREJO,DESA,NDEZNET_DESAQ4
MAGELANG_TANJUNGSARI,DESA,NDEZNET_DESAQ4
MAGELANG_BALEREJO,DESA,NDEZNET_DESAQ4
MAGELANG_KAJORAN,DESA,NDEZNET_DESAQ4
MAGELANG_KWADERAN,DESA,NDEZNET_DESAQ4
MAGELANG_ADIKARTO,DESA,NDEZNET_DESAQ4
MAGELANG_SOKORINI,DESA,NDEZNET_DESAQ4
MAGELANG_KRADENAN,DESA,NDEZNET_DESAQ4
MAGELANG_GIRITENGAH,DESA,NDEZNET_DESAQ4
MAGELANG_KALIREJO,DESA,NDEZNET_DESAQ4
TEMANGGUNG_JAMUSAN,DESA,NDEZNET_DESAQ4
TEMANGGUNG_GEJAGAN,DESA,NDEZNET_DESAQ4
TEMANGGUNG_GIRIPURNO,DESA,NDEZNET_DESAQ4
TEMANGGUNG_MEDARI,DESA,NDEZNET_DESAQ4
TEMANGGUNG_KEMIRI,DESA,NDEZNET_DESAQ4
TEMANGGUNG_TEPUSEN,DESA,NDEZNET_DESAQ4
TEMANGGUNG_KRAJAN,DESA,NDEZNET_DESAQ4
TEMANGGUNG_TLAHAB,DESA,NDEZNET_DESAQ4
MAGELANG_SUMURARUM,DESA,NDEZNET_DESAQ4
MAGELANG_GENITO,DESA,NDEZNET_DESAQ4
MAGELANG_SANGEN,DESA,NDEZNET_DESAQ4
MAGELANG_MADUKORO,DESA,NDEZNET_DESAQ4
MAGELANG_BONDOWOSO,DESA,NDEZNET_DESAQ4
MAGELANG_TEGALARUM,DESA,NDEZNET_DESAQ4
KOTA MAGELANG_KEL. REJOWINANGUN UTARA,DESA,NDEZNET_DESAQ4
TEMANGGUNG_JUMO,DESA,NDEZNET_DESAQ4
TEMANGGUNG_KANDANGAN,DESA,NDEZNET_DESAQ4
TEMANGGUNG_GANDULAN,DESA,NDEZNET_DESAQ4
TEMANGGUNG_KEL. KRANGGAN,DESA,NDEZNET_DESAQ4
TEMANGGUNG_KEL. MADURESO,DESA,NDEZNET_DESAQ4
MAGELANG_NGABEAN,DESA,NDEZNET_DESAQ4
MAGELANG_BANYUWANGI,DESA,NDEZNET_DESAQ4
MAGELANG_SIDOAGUNG,DESA,NDEZNET_DESAQ4
MAGELANG_DONOROJO,DESA,NDEZNET_DESAQ4
MAGELANG_DEYANGAN,DESA,NDEZNET_DESAQ4
MAGELANG_SAWANGAN,DESA,NDEZNET_DESAQ4
MAGELANG_TREKO,DESA,NDEZNET_DESAQ4
MAGELANG_SRUMBUNG,DESA,NDEZNET_DESAQ4
MAGELANG_SUCEN,DESA,NDEZNET_DESAQ4
MAGELANG_JAMUSKAUMAN,DESA,NDEZNET_DESAQ4
MAGELANG_TAMPIRKULON,DESA,NDEZNET_DESAQ4
MAGELANG_NGAWEN,DESA,NDEZNET_DESAQ4
MAGELANG_PLOSOGEDE,DESA,NDEZNET_DESAQ4
MAGELANG_NGADIHARJO,DESA,NDEZNET_DESAQ4
MAGELANG_CANDIREJO,DESA,NDEZNET_DESAQ4
MAGELANG_DAWUNG,DESA,NDEZNET_DESAQ4
MAGELANG_NGADIROJO,DESA,NDEZNET_DESAQ4
MAGELANG_MADUSARI,DESA,NDEZNET_DESAQ4
MAGELANG_BOJONG,DESA,NDEZNET_DESAQ4
MAGELANG_TANJUNG,DESA,NDEZNET_DESAQ4
MAGELANG_BANYUBIRU,DESA,NDEZNET_DESAQ4
MAGELANG_NGADIPURO,DESA,NDEZNET_DESAQ4
MAGELANG_KETUNGGENG,DESA,NDEZNET_DESAQ4
MAGELANG_SUDIMORO,DESA,NDEZNET_DESAQ4
MAGELANG_JUMOYO,DESA,NDEZNET_DESAQ4
MAGELANG_BLIGO,DESA,NDEZNET_DESAQ4
MAGELANG_BUMIHARJO,DESA,NDEZNET_DESAQ4
MAGELANG_BOROBUDUR,DESA,NDEZNET_DESAQ4
MAGELANG_KRAGILAN,DESA,NDEZNET_DESAQ4
MAGELANG_KALIANGKRIK,DESA,NDEZNET_DESAQ4
MAGELANG_SOMOKETRO,DESA,NDEZNET_DESAQ4
MAGELANG_KARANGANYAR,DESA,NDEZNET_DESAQ4
MAGELANG_NGARGOGONDO,DESA,NDEZNET_DESAQ4
MAGELANG_KLETERAN,DESA,NDEZNET_DESAQ4
MAGELANG_KEL. SECANG,DESA,NDEZNET_DESAQ4
MAGELANG_PANCURANMAS,DESA,NDEZNET_DESAQ4
MAGELANG_TRASAN,DESA,NDEZNET_DESAQ4
MAGELANG_GONDOWANGI,DESA,NDEZNET_DESAQ4
MAGELANG_AMBARTAWANG,DESA,NDEZNET_DESAQ4
MAGELANG_NGRAJEK,DESA,NDEZNET_DESAQ4
MAGELANG_KEL. MENDUT,DESA,NDEZNET_DESAQ4
MAGELANG_KADILUWIH,DESA,NDEZNET_DESAQ4
MAGELANG_NGLUWAR,DESA,NDEZNET_DESAQ4
MAGELANG_WANUREJO,DESA,NDEZNET_DESAQ4
MAGELANG_SIDOSARI,DESA,NDEZNET_DESAQ4
MAGELANG_SAWANGARGO,DESA,NDEZNET_DESAQ4
MAGELANG_NGLUMUT,DESA,NDEZNET_DESAQ4
MAGELANG_KALIURANG,DESA,NDEZNET_DESAQ4
MAGELANG_MRANGGEN,DESA,NDEZNET_DESAQ4
MAGELANG_NGARGOSOKO,DESA,NDEZNET_DESAQ4
MAGELANG_PUCANGANOM,DESA,NDEZNET_DESAQ4
MAGELANG_PANDANRETNO,DESA,NDEZNET_DESAQ4
MAGELANG_TEGALRANDU,DESA,NDEZNET_DESAQ4
MAGELANG_KALIBENING,DESA,NDEZNET_DESAQ4
MAGELANG_NGARGOMULYO,DESA,NDEZNET_DESAQ4
MAGELANG_KENINGAR,DESA,NDEZNET_DESAQ4
MAGELANG_SUMBER,DESA,NDEZNET_DESAQ4
MAGELANG_KRINJING,DESA,NDEZNET_DESAQ4
MAGELANG_PATEN,DESA,NDEZNET_DESAQ4
MAGELANG_SENGI,DESA,NDEZNET_DESAQ4
MAGELANG_GANTANG,DESA,NDEZNET_DESAQ4
MAGELANG_JATI,DESA,NDEZNET_DESAQ4
MAGELANG_SORONALAN,DESA,NDEZNET_DESAQ4
MAGELANG_WULUNGGUNUNG,DESA,NDEZNET_DESAQ4
MAGELANG_WONOLELO,DESA,NDEZNET_DESAQ4
MAGELANG_BATEH,DESA,NDEZNET_DESAQ4
MAGELANG_TEMBELANG,DESA,NDEZNET_DESAQ4
MAGELANG_TEMPURSARI,DESA,NDEZNET_DESAQ4
MAGELANG_PURWOREJO,DESA,NDEZNET_DESAQ4
MAGELANG_TUGUREJO,DESA,NDEZNET_DESAQ4
MAGELANG_PRINGOMBO,DESA,NDEZNET_DESAQ4
MAGELANG_KEMUTUK,DESA,NDEZNET_DESAQ4
MAGELANG_WUWUHARJO,DESA,NDEZNET_DESAQ4
MAGELANG_WONOGIRI,DESA,NDEZNET_DESAQ4
MAGELANG_BUMIAYU,DESA,NDEZNET_DESAQ4
MAGELANG_NGARGOSARI,DESA,NDEZNET_DESAQ4
MAGELANG_LESANPURO,DESA,NDEZNET_DESAQ4
MAGELANG_NGENDROSARI,DESA,NDEZNET_DESAQ4
MAGELANG_WADAS,DESA,NDEZNET_DESAQ4
MAGELANG_BANJARETNO,DESA,NDEZNET_DESAQ4
MAGELANG_BANGSRI,DESA,NDEZNET_DESAQ4
MAGELANG_PANDANSARI,DESA,NDEZNET_DESAQ4
MAGELANG_KRUMPAKAN,DESA,NDEZNET_DESAQ4
MAGELANG_PUCUNGROTO,DESA,NDEZNET_DESAQ4
MAGELANG_SELOMOYO,DESA,NDEZNET_DESAQ4
MAGELANG_NGENDROKILO,DESA,NDEZNET_DESAQ4
MAGELANG_MUNGGANGSARI,DESA,NDEZNET_DESAQ4
MAGELANG_PENGARENGAN,DESA,NDEZNET_DESAQ4
MAGELANG_ADIPURO,DESA,NDEZNET_DESAQ4
MAGELANG_DAMPIT,DESA,NDEZNET_DESAQ4
MAGELANG_BANDARSEDAYU,DESA,NDEZNET_DESAQ4
MAGELANG_GIRIMULYO,DESA,NDEZNET_DESAQ4
MAGELANG_NGEMPLAK,DESA,NDEZNET_DESAQ4
MAGELANG_GUNUNGSARI,DESA,NDEZNET_DESAQ4
MAGELANG_KENTENGSARI,DESA,NDEZNET_DESAQ4
MAGELANG_UMBULSARI,DESA,NDEZNET_DESAQ4
MAGELANG_DONOMULYO,DESA,NDEZNET_DESAQ4
MAGELANG_DALEMAN KIDUL,DESA,NDEZNET_DESAQ4
MAGELANG_GUMELEM,DESA,NDEZNET_DESAQ4
MAGELANG_MUNENGWARANGAN,DESA,NDEZNET_DESAQ4
MAGELANG_KAJANGKOSO,DESA,NDEZNET_DESAQ4
MAGELANG_GEJAGAN,DESA,NDEZNET_DESAQ4
MAGELANG_MUNENG,DESA,NDEZNET_DESAQ4
MAGELANG_GIRIWETAN,DESA,NDEZNET_DESAQ4
MAGELANG_COKRO,DESA,NDEZNET_DESAQ4
MAGELANG_BALEAGUNG,DESA,NDEZNET_DESAQ4
MAGELANG_KLEGEN,DESA,NDEZNET_DESAQ4
MAGELANG_SAMBUNGREJO,DESA,NDEZNET_DESAQ4
MAGELANG_CITROSONO,DESA,NDEZNET_DESAQ4
MAGELANG_SEWORAN,DESA,NDEZNET_DESAQ4
MAGELANG_NGRANCAH,DESA,NDEZNET_DESAQ4
MAGELANG_MAGERSARI,DESA,NDEZNET_DESAQ4
MAGELANG_BANDUNGREJO,DESA,NDEZNET_DESAQ4
MAGELANG_GENIKAN,DESA,NDEZNET_DESAQ4
MAGELANG_JOGONAYAN,DESA,NDEZNET_DESAQ4
MAGELANG_MADYOGONDO,DESA,NDEZNET_DESAQ4
MAGELANG_KANIGORO,DESA,NDEZNET_DESAQ4
MAGELANG_SELOMIRAH,DESA,NDEZNET_DESAQ4
MAGELANG_JOGOYASAN,DESA,NDEZNET_DESAQ4
MAGELANG_PAGERGUNUNG,DESA,NDEZNET_DESAQ4
MAGELANG_KEDITAN,DESA,NDEZNET_DESAQ4
MAGELANG_SELOPROJO,DESA,NDEZNET_DESAQ4
TEMANGGUNG_GLAPANSARI,DESA,NDEZNET_DESAQ4
TEMANGGUNG_JAMBU,DESA,NDEZNET_DESAQ4
TEMANGGUNG_CANGGAL,DESA,NDEZNET_DESAQ4
TEMANGGUNG_KRUWISAN,DESA,NDEZNET_DESAQ4
TEMANGGUNG_KWADUNGAN GUNUNG,DESA,NDEZNET_DESAQ4
TEMANGGUNG_TLOGOWERO,DESA,NDEZNET_DESAQ4
TEMANGGUNG_WONOTIRTO,DESA,NDEZNET_DESAQ4
TEMANGGUNG_PAGERGUNUNG,DESA,NDEZNET_DESAQ4
TEMANGGUNG_WONOSARI,DESA,NDEZNET_DESAQ4
TEMANGGUNG_PANDEMULYO,DESA,NDEZNET_DESAQ4
TEMANGGUNG_MALANGSARI,DESA,NDEZNET_DESAQ4
TEMANGGUNG_PAKUREJO,DESA,NDEZNET_DESAQ4
TEMANGGUNG_PASURUAN,DESA,NDEZNET_DESAQ4
TEMANGGUNG_LOSARI,DESA,NDEZNET_DESAQ4
TEMANGGUNG_LEGOKSARI,DESA,NDEZNET_DESAQ4
TEMANGGUNG_GEDEGAN,DESA,NDEZNET_DESAQ4
TEMANGGUNG_TAWANGSARI,DESA,NDEZNET_DESAQ4
TEMANGGUNG_GANDU,DESA,NDEZNET_DESAQ4
TEMANGGUNG_DRONO,DESA,NDEZNET_DESAQ4
TEMANGGUNG_TANGGULANOM,DESA,NDEZNET_DESAQ4
TEMANGGUNG_JETIS,DESA,NDEZNET_DESAQ4
TEMANGGUNG_BUMIAYU,DESA,NDEZNET_DESAQ4
TEMANGGUNG_NGROPOH,DESA,NDEZNET_DESAQ4
TEMANGGUNG_KRAMAT,DESA,NDEZNET_DESAQ4
TEMANGGUNG_GOWAK,DESA,NDEZNET_DESAQ4
TEMANGGUNG_SOBOREJO,DESA,NDEZNET_DESAQ4
TEMANGGUNG_TLETER,DESA,NDEZNET_DESAQ4
TEMANGGUNG_GETAS,DESA,NDEZNET_DESAQ4
TEMANGGUNG_TEMPURAN,DESA,NDEZNET_DESAQ4
TEMANGGUNG_BALEDU,DESA,NDEZNET_DESAQ4
TEMANGGUNG_KEDAWUNG,DESA,NDEZNET_DESAQ4
TEMANGGUNG_MARGOLELO,DESA,NDEZNET_DESAQ4
TEMANGGUNG_BLIMBING,DESA,NDEZNET_DESAQ4
TEMANGGUNG_SUKOMARTO,DESA,NDEZNET_DESAQ4
TEMANGGUNG_KETITANG,DESA,NDEZNET_DESAQ4
TEMANGGUNG_JOMBOR,DESA,NDEZNET_DESAQ4
TEMANGGUNG_KERTOSARI,DESA,NDEZNET_DESAQ4
TEMANGGUNG_NGADISEPI,DESA,NDEZNET_DESAQ4
TEMANGGUNG_KEMIRIOMBO,DESA,NDEZNET_DESAQ4
TEMANGGUNG_MUNCAR,DESA,NDEZNET_DESAQ4
TEMANGGUNG_KARANGSENENG,DESA,NDEZNET_DESAQ4
TEMANGGUNG_KENTENGSARI,DESA,NDEZNET_DESAQ4
TEMANGGUNG_GUNUNGPAYUNG,DESA,NDEZNET_DESAQ4
TEMANGGUNG_MUNENG,DESA,NDEZNET_DESAQ4
TEMANGGUNG_PLOSOGADEN,DESA,NDEZNET_DESAQ4
TEMANGGUNG_SIDOHARJO,DESA,NDEZNET_DESAQ4
TEMANGGUNG_LOWUNGU,DESA,NDEZNET_DESAQ4
TEMANGGUNG_LARANGAN LUWOK,DESA,NDEZNET_DESAQ4
TEMANGGUNG_PRANGKOKAN,DESA,NDEZNET_DESAQ4
TEMANGGUNG_JLEGONG,DESA,NDEZNET_DESAQ4
TEMANGGUNG_CONGKRANG,DESA,NDEZNET_DESAQ4
TEMANGGUNG_KEBONDALEM,DESA,NDEZNET_DESAQ4
TEMANGGUNG_KEMUNING,DESA,NDEZNET_DESAQ4
TEMANGGUNG_SELOSABRANG,DESA,NDEZNET_DESAQ4
TEMANGGUNG_PETUNG,DESA,NDEZNET_DESAQ4
TEMANGGUNG_DUREN,DESA,NDEZNET_DESAQ4
TEMANGGUNG_NGALIYAN,DESA,NDEZNET_DESAQ4
TEMANGGUNG_SIGEDONG,DESA,NDEZNET_DESAQ4
TEMANGGUNG_NGLARANGAN,DESA,NDEZNET_DESAQ4
TEMANGGUNG_DONOROJO,DESA,NDEZNET_DESAQ4
TEMANGGUNG_BENDUNGAN,DESA,NDEZNET_DESAQ4
TEMANGGUNG_SIMPAR,DESA,NDEZNET_DESAQ4
TEMANGGUNG_TLOGO,DESA,NDEZNET_DESAQ4
TEMANGGUNG_WATES,DESA,NDEZNET_DESAQ4
TEMANGGUNG_CEMORO,DESA,NDEZNET_DESAQ4
TEMANGGUNG_WONOCOYO,DESA,NDEZNET_DESAQ4
KOTA MAGELANG_KEL. KRAMAT SELATAN,DESA,NDEZNET_DESAQ4
KOTA MAGELANG_KEL. KRAMAT UTARA,DESA,NDEZNET_DESAQ4
KOTA MAGELANG_KEL. KEDUNGSARI,DESA,NDEZNET_DESAQ4
KOTA MAGELANG_KEL. POTROBANGSAN,DESA,NDEZNET_DESAQ4
KOTA MAGELANG_KEL. WATES,DESA,NDEZNET_DESAQ4
KOTA MAGELANG_KEL. GELANGAN,DESA,NDEZNET_DESAQ4
KOTA MAGELANG_KEL. PANJANG,DESA,NDEZNET_DESAQ4
KOTA MAGELANG_KEL. MAGELANG,DESA,NDEZNET_DESAQ4
KOTA MAGELANG_KEL. CACABAN,DESA,NDEZNET_DESAQ4
KOTA MAGELANG_KEL. KEMIRIREJO,DESA,NDEZNET_DESAQ4
KOTA MAGELANG_KEL. TIDAR SELATAN,DESA,NDEZNET_DESAQ4
KOTA MAGELANG_KEL. TIDAR UTARA,DESA,NDEZNET_DESAQ4
KOTA MAGELANG_KEL. JURANGOMBO SELATAN,DESA,NDEZNET_DESAQ4
KOTA MAGELANG_KEL. JURANGOMBO UTARA,DESA,NDEZNET_DESAQ4
KOTA MAGELANG_KEL. REJOWINANGUN SELATAN,DESA,NDEZNET_DESAQ4
KOTA MAGELANG_KEL. MAGERSARI,DESA,NDEZNET_DESAQ4
TEMANGGUNG_BEJEN,DESA,NDEZNET_DESAQ4
TEMANGGUNG_MUNTUNG,DESA,NDEZNET_DESAQ4
TEMANGGUNG_SUCEN,DESA,NDEZNET_DESAQ4
TEMANGGUNG_GIYONO,DESA,NDEZNET_DESAQ4
TEMANGGUNG_MOROBONGO,DESA,NDEZNET_DESAQ4
TEMANGGUNG_MANGUNSARI,DESA,NDEZNET_DESAQ4
TEMANGGUNG_GONDANGWINANGUN,DESA,NDEZNET_DESAQ4
TEMANGGUNG_NGADIREJO,DESA,NDEZNET_DESAQ4
TEMANGGUNG_NGAREN,DESA,NDEZNET_DESAQ4
TEMANGGUNG_GANDU WETAN,DESA,NDEZNET_DESAQ4
TEMANGGUNG_PETIREJO,DESA,NDEZNET_DESAQ4
TEMANGGUNG_KARANGGEDONG,DESA,NDEZNET_DESAQ4
TEMANGGUNG_GONDANGWAYANG,DESA,NDEZNET_DESAQ4
TEMANGGUNG_KUNDISARI,DESA,NDEZNET_DESAQ4
TEMANGGUNG_KUTOANYAR,DESA,NDEZNET_DESAQ4
TEMANGGUNG_MOJOTENGAH,DESA,NDEZNET_DESAQ4
TEMANGGUNG_KEDU,DESA,NDEZNET_DESAQ4
TEMANGGUNG_CANDIMULYO,DESA,NDEZNET_DESAQ4
TEMANGGUNG_SALAMSARI,DESA,NDEZNET_DESAQ4
TEMANGGUNG_DANUREJO,DESA,NDEZNET_DESAQ4
TEMANGGUNG_TLOGOPUCANG,DESA,NDEZNET_DESAQ4
TEMANGGUNG_MALEBO,DESA,NDEZNET_DESAQ4
TEMANGGUNG_ROWO,DESA,NDEZNET_DESAQ4
TEMANGGUNG_CARUBAN,DESA,NDEZNET_DESAQ4
TEMANGGUNG_WADAS,DESA,NDEZNET_DESAQ4
TEMANGGUNG_KEDUNGUMPUL,DESA,NDEZNET_DESAQ4
TEMANGGUNG_KALORAN,DESA,NDEZNET_DESAQ4
TEMANGGUNG_GANDON,DESA,NDEZNET_DESAQ4
TEMANGGUNG_KEBLUKAN,DESA,NDEZNET_DESAQ4
TEMANGGUNG_WONOKERSO,DESA,NDEZNET_DESAQ4
TEMANGGUNG_NGLOROG,DESA,NDEZNET_DESAQ4
TEMANGGUNG_KEBUMEN,DESA,NDEZNET_DESAQ4
TEMANGGUNG_BADRAN,DESA,NDEZNET_DESAQ4
TEMANGGUNG_BENGKAL,DESA,NDEZNET_DESAQ4
TEMANGGUNG_PLUMBON,DESA,NDEZNET_DESAQ4
TEMANGGUNG_KEBONAGUNG,DESA,NDEZNET_DESAQ4
TEMANGGUNG_GAMBASAN,DESA,NDEZNET_DESAQ4
TEMANGGUNG_SELOPAMPANG,DESA,NDEZNET_DESAQ4
TEMANGGUNG_SALAMREJO,DESA,NDEZNET_DESAQ4
TEMANGGUNG_JRAGAN,DESA,NDEZNET_DESAQ4
TEMANGGUNG_MENGGORO,DESA,NDEZNET_DESAQ4
TEMANGGUNG_TEMBARAK,DESA,NDEZNET_DESAQ4
TEMANGGUNG_SRIWUNGU,DESA,NDEZNET_DESAQ4
TEMANGGUNG_BALEREJO,DESA,NDEZNET_DESAQ4
TEMANGGUNG_TLOGOMULYO,DESA,NDEZNET_DESAQ4
TEMANGGUNG_PAGERSARI,DESA,NDEZNET_DESAQ4
TEMANGGUNG_KEL. WALITELON UTARA,DESA,NDEZNET_DESAQ4
TEMANGGUNG_KEL. WALITELON SELATAN,DESA,NDEZNET_DESAQ4
TEMANGGUNG_JOHO,DESA,NDEZNET_DESAQ4
TEMANGGUNG_KEL. TLOGOREJO,DESA,NDEZNET_DESAQ4
TEMANGGUNG_KEL. JURANG,DESA,NDEZNET_DESAQ4
TEMANGGUNG_KEL. SIDOREJO,DESA,NDEZNET_DESAQ4
TEMANGGUNG_KEL. BANYUURIP,DESA,NDEZNET_DESAQ4
TEMANGGUNG_KEL. KERTOSARI,DESA,NDEZNET_DESAQ4
TEMANGGUNG_KEL. JAMPIROSO,DESA,NDEZNET_DESAQ4
TEMANGGUNG_KEL. TEMANGGUNG I,DESA,NDEZNET_DESAQ4
TEMANGGUNG_KEL. TEMANGGUNG II,DESA,NDEZNET_DESAQ4
TEMANGGUNG_KEL. MANDING,DESA,NDEZNET_DESAQ4
TEMANGGUNG_KEL. KEBONSARI,DESA,NDEZNET_DESAQ4
TEMANGGUNG_KEL. MUNGSENG,DESA,NDEZNET_DESAQ4
TEMANGGUNG_KEL. GIYANTI,DESA,NDEZNET_DESAQ4
TEMANGGUNG_KEL. BUTUH,DESA,NDEZNET_DESAQ4
TEMANGGUNG_KEL. JAMPIREJO,DESA,NDEZNET_DESAQ4
TEMANGGUNG_KEL. KOWANGAN,DESA,NDEZNET_DESAQ4
TEMANGGUNG_GUNTUR,DESA,NDEZNET_DESAQ4
TEMANGGUNG_LUNGGE,DESA,NDEZNET_DESAQ4
TEMANGGUNG_MUDAL,DESA,NDEZNET_DESAQ4
TEMANGGUNG_KEL. PURWOREJO,DESA,NDEZNET_DESAQ4
TEMANGGUNG_DANUPAYAN,DESA,NDEZNET_DESAQ4
TEMANGGUNG_NGIMBRANG,DESA,NDEZNET_DESAQ4
TEMANGGUNG_BULU,DESA,NDEZNET_DESAQ4
TEMANGGUNG_TANUREJO,DESA,NDEZNET_DESAQ4
TEMANGGUNG_MRANGGEN TENGAH,DESA,NDEZNET_DESAQ4
TEMANGGUNG_MOJOSARI,DESA,NDEZNET_DESAQ4
TEMANGGUNG_BALESARI,DESA,NDEZNET_DESAQ4
TEMANGGUNG_PAPONAN,DESA,NDEZNET_DESAQ4
TEMANGGUNG_TUKSARI,DESA,NDEZNET_DESAQ4
TEMANGGUNG_JEKETRO,DESA,NDEZNET_DESAQ4
TEMANGGUNG_KLEDUNG,DESA,NDEZNET_DESAQ4
TEMANGGUNG_TRAJI,DESA,NDEZNET_DESAQ4
TEMANGGUNG_WANUTENGAH,DESA,NDEZNET_DESAQ4
TEMANGGUNG_TEGALROSO,DESA,NDEZNET_DESAQ4
TEMANGGUNG_DEPOKHARJO,DESA,NDEZNET_DESAQ4
TEMANGGUNG_RINGINANOM,DESA,NDEZNET_DESAQ4
TEMANGGUNG_DANGKEL,DESA,NDEZNET_DESAQ4
TEMANGGUNG_MANDISARI,DESA,NDEZNET_DESAQ4
TEMANGGUNG_CAMPURSALAM,DESA,NDEZNET_DESAQ4
TEMANGGUNG_KEL. PARAKAN WETAN,DESA,NDEZNET_DESAQ4
TEMANGGUNG_KEL. PARAKAN KAUMAN,DESA,NDEZNET_DESAQ4
MAGELANG_SIDOGEDE,DESA,NDEZNET_DESAQ4
MAGELANG_GRABAG,DESA,NDEZNET_DESAQ4
MAGELANG_KARTOHARJO,DESA,NDEZNET_DESAQ4
MAGELANG_KALIKUTO,DESA,NDEZNET_DESAQ4
MAGELANG_WONOKERTO,DESA,NDEZNET_DESAQ4
MAGELANG_TEGALREJO,DESA,NDEZNET_DESAQ4
MAGELANG_BANYUURIP,DESA,NDEZNET_DESAQ4
MAGELANG_KARANGKAJEN,DESA,NDEZNET_DESAQ4
MAGELANG_KRINCING,DESA,NDEZNET_DESAQ4
MAGELANG_MADYOCONDRO,DESA,NDEZNET_DESAQ4
MAGELANG_PAYAMAN,DESA,NDEZNET_DESAQ4
MAGELANG_PUCANG,DESA,NDEZNET_DESAQ4
MAGELANG_WONOROTO,DESA,NDEZNET_DESAQ4
MAGELANG_BALESARI,DESA,NDEZNET_DESAQ4
MAGELANG_KEMBANGKUNING,DESA,NDEZNET_DESAQ4
MAGELANG_SUKODADI,DESA,NDEZNET_DESAQ4
MAGELANG_SALAMKANCI,DESA,NDEZNET_DESAQ4
MAGELANG_KEBONLEGI,DESA,NDEZNET_DESAQ4
MAGELANG_MANGLI,DESA,NDEZNET_DESAQ4
MAGELANG_BESERAN,DESA,NDEZNET_DESAQ4
MAGELANG_BAMBUSARI,DESA,NDEZNET_DESAQ4
MAGELANG_JOGOMULYO,DESA,NDEZNET_DESAQ4
MAGELANG_TEMPUREJO,DESA,NDEZNET_DESAQ4
MAGELANG_TANGGULREJO,DESA,NDEZNET_DESAQ4
MAGELANG_RINGINANOM,DESA,NDEZNET_DESAQ4
MAGELANG_BULUREJO,DESA,NDEZNET_DESAQ4
MAGELANG_BANJARNEGORO,DESA,NDEZNET_DESAQ4
MAGELANG_BANYUROJO,DESA,NDEZNET_DESAQ4
MAGELANG_MERTOYUDAN,DESA,NDEZNET_DESAQ4
MAGELANG_KEL. SUMBERREJO,DESA,NDEZNET_DESAQ4
MAGELANG_DANUREJO,DESA,NDEZNET_DESAQ4
MAGELANG_JOGONEGORO,DESA,NDEZNET_DESAQ4
MAGELANG_KALINEGORO,DESA,NDEZNET_DESAQ4
MAGELANG_PASURUHAN,DESA,NDEZNET_DESAQ4
MAGELANG_CANDIMULYO,DESA,NDEZNET_DESAQ4
MAGELANG_TAMPIRWETAN,DESA,NDEZNET_DESAQ4
MAGELANG_TIRTOSARI,DESA,NDEZNET_DESAQ4
MAGELANG_GONDANG,DESA,NDEZNET_DESAQ4
MAGELANG_SENDEN,DESA,NDEZNET_DESAQ4
MAGELANG_MUNGKID,DESA,NDEZNET_DESAQ4
MAGELANG_BLONDO,DESA,NDEZNET_DESAQ4
MAGELANG_PAREMONO,DESA,NDEZNET_DESAQ4
MAGELANG_PABELAN,DESA,NDEZNET_DESAQ4
MAGELANG_RAMBEANAK,DESA,NDEZNET_DESAQ4
MAGELANG_KEL. MUNTILAN,DESA,NDEZNET_DESAQ4
MAGELANG_SEDAYU,DESA,NDEZNET_DESAQ4
MAGELANG_TAMANAGUNG,DESA,NDEZNET_DESAQ4
MAGELANG_PUCUNGREJO,DESA,NDEZNET_DESAQ4
MAGELANG_GUNUNGPRING,DESA,NDEZNET_DESAQ4
MAGELANG_KEJI,DESA,NDEZNET_DESAQ4
MAGELANG_MENAYU,DESA,NDEZNET_DESAQ4
MAGELANG_CONGKRANG,DESA,NDEZNET_DESAQ4
MAGELANG_SEWUKAN,DESA,NDEZNET_DESAQ4
MAGELANG_BANYUDONO,DESA,NDEZNET_DESAQ4
MAGELANG_DUKUN,DESA,NDEZNET_DESAQ4
MAGELANG_WATES,DESA,NDEZNET_DESAQ4
MAGELANG_BRINGIN,DESA,NDEZNET_DESAQ4
MAGELANG_BANYUADEM,DESA,NDEZNET_DESAQ4
MAGELANG_KEMIREN,DESA,NDEZNET_DESAQ4
MAGELANG_GULON,DESA,NDEZNET_DESAQ4
MAGELANG_SELOBORO,DESA,NDEZNET_DESAQ4
MAGELANG_BATURONO,DESA,NDEZNET_DESAQ4
MAGELANG_TERSANGEDE,DESA,NDEZNET_DESAQ4
MAGELANG_SIRAHAN,DESA,NDEZNET_DESAQ4
MAGELANG_BLONGKENG,DESA,NDEZNET_DESAQ4
MAGELANG_TUKSONGO,DESA,NDEZNET_DESAQ4
MAGELANG_KALIABU,DESA,NDEZNET_DESAQ4
MAGELANG_MARGOYOSO,DESA,NDEZNET_DESAQ4
MAGELANG_KRASAK,DESA,NDEZNET_DESAQ4
MAGELANG_SALAMAN,DESA,NDEZNET_DESAQ4
MAGELANG_MENOREH,DESA,NDEZNET_DESAQ4
KOTA PADANG PANJANG_KEL. SILAING BAWAH,DESA,NDEZNET_DESAQ4
KOTA PADANG PANJANG_KEL. SILAING ATAS,DESA,NDEZNET_DESAQ4
KOTA PADANG PANJANG_KEL. PASAR USANG,DESA,NDEZNET_DESAQ4
KOTA PADANG PANJANG_KEL. KAMPUNG MANGGIS,DESA,NDEZNET_DESAQ4
KOTA PADANG PANJANG_KEL. TANAH HITAM,DESA,NDEZNET_DESAQ4
KOTA PADANG PANJANG_KEL. PASAR BARU,DESA,NDEZNET_DESAQ4
KOTA PADANG PANJANG_KEL. BUKIT SURUNGAN,DESA,NDEZNET_DESAQ4
KOTA PADANG PANJANG_KEL. BALAI-BALAI,DESA,NDEZNET_DESAQ4
KOTA PADANG PANJANG_KEL. KOTO PANJANG,DESA,NDEZNET_DESAQ4
KOTA PADANG PANJANG_KEL. NGALAU,DESA,NDEZNET_DESAQ4
KOTA PADANG PANJANG_KEL. EKOR LUBUK,DESA,NDEZNET_DESAQ4
KOTA PADANG PANJANG_KEL. SIGANDO,DESA,NDEZNET_DESAQ4
KOTA PADANG PANJANG_KEL. GANTING,DESA,NDEZNET_DESAQ4
KOTA PADANG PANJANG_KEL. GUGUK MALINTANG,DESA,NDEZNET_DESAQ4
KOTA PADANG PANJANG_KEL. TANAH PAK LAMBIK,DESA,NDEZNET_DESAQ4
MAGELANG_BAWANG,DESA,NDEZNET_DESAQ4
MAGELANG_DONOREJO,DESA,NDEZNET_DESAQ4
MAGELANG_GIRIREJO,DESA,NDEZNET_DESAQ4
MAGELANG_MANGUNSARI,DESA,NDEZNET_DESAQ4
MAGELANG_NGADIREJO,DESA,NDEZNET_DESAQ4
TEMANGGUNG_BANARAN,DESA,NDEZNET_DESAQ4
TEMANGGUNG_BANJARSARI,DESA,NDEZNET_DESAQ4
TEMANGGUNG_CAMPURSARI,DESA,NDEZNET_DESAQ4
TEMANGGUNG_CANDISARI,DESA,NDEZNET_DESAQ4
TEMANGGUNG_TEGALREJO,DESA,NDEZNET_DESAQ4
MAGELANG_BANYUSARI,DESA,NDEZNET_DESAQ4
MAGELANG_JAMBEWANGI,DESA,NDEZNET_DESAQ4
MAGELANG_SUKOREJO,DESA,NDEZNET_DESAQ4
TEMANGGUNG_BATURSARI,DESA,NDEZNET_DESAQ4
TEMANGGUNG_KEMLOKO,DESA,NDEZNET_DESAQ4
TEMANGGUNG_PURWOSARI,DESA,NDEZNET_DESAQ4
TEMANGGUNG_TANJUNGSARI,DESA,NDEZNET_DESAQ4
MAGELANG_MANGUNREJO,DESA,NDEZNET_DESAQ4
MAGELANG_NGABLAK,DESA,NDEZNET_DESAQ4
MAGELANG_SIDOMULYO,DESA,NDEZNET_DESAQ4
TEMANGGUNG_BAGUSAN,DESA,NDEZNET_DESAQ4
TEMANGGUNG_BANSARI,DESA,NDEZNET_DESAQ4
MAGELANG_BANJARSARI,DESA,NDEZNET_DESAQ4
MAGELANG_KENALAN,DESA,NDEZNET_DESAQ4
MAGELANG_PODOSOKO,DESA,NDEZNET_DESAQ4
MAGELANG_PURWOSARI,DESA,NDEZNET_DESAQ4
MAGELANG_REJOSARI,DESA,NDEZNET_DESAQ4
MAGELANG_SALAM,DESA,NDEZNET_DESAQ4
MAGELANG_SRIWEDARI,DESA,NDEZNET_DESAQ4
TEMANGGUNG_KARANGTEJO,DESA,NDEZNET_DESAQ4
TEMANGGUNG_REJOSARI,DESA,NDEZNET_DESAQ4
